0.03094026209111279,0.09347160470773279,-0.06194449142485643,-0.0010939461252577173,-0.1706628858406706,0.02431104711461142,0.12382895951925917,0.03579359639479577,0.421512984868432,0.039976355900323245,0.4405632201555431,0.2598445933814699,0.06254435674698491,0.05917397854685546,0.1565103812484888,-0.007967828182491194,0.03333788295891919,-0.010971885785030024,0.12131437737682373,-0.10914484520448517,0.054330866407169665,0.16298401033691398,0.006452157324169476,0.19369226175513407,0.0045455955501152836,-0.038870338559588886,-0.03236797771909381,-0.08762238396499807,0.04034489698826948,0.024941051835634765,0.20035741813609778,0.005850346426342128,0.2870333381229149,0.025710249259041234,0.08478500965893446,-0.08428617537625949,-0.047727476913221205,-0.05937754125303996,-0.025884677330118497,-0.0383419686437451,0.12589619356348364,-0.00038789354564379533,0.10161268093677553,0.013765414416739893,0.030709782067846057,0.085320922181143,-0.05763837022619471,0.030493836252753304,-0.03084279464631958,0.15117328102728242,-0.05387208152881242,0.07983482366100544,0.008446447857439763,0.19369817120077862,0.058172600550792625,-0.2176590309330573,0.06261091753106621,0.14711351850680318,0.20296175349739487,0.576958464714358,0.016476789194960897,-0.033144795118292,0.3438422855192561,0.017402700802045788,0.01460865157653605,0.1391554992088036,0.08168818150461775,0.10267619249650109,0.023549424178171942,-0.05852588533072228,-0.16677769719396285,-0.13747558283189468,0.05444844551792168,0.10203859782435186,0.11933975060767368,0.011532077314815313,0.12893107013350705,-0.09511904779045882,-0.06601671563739546,-0.03930377963479066,-0.002169973300156432,0.12916268305273554,0.08429299101912031,-0.03254809799685599,0.008044409717269056,-0.045527589482007094,-0.07222188739206112,0.039958060835599364,0.09982521475290776,0.08848503826933436,0.022977640992743048,-0.10481593837007008,0.021567903810107075,-0.06622636539556614,0.13776836488521632,0.021217083938780464,-0.08340854110154729,-0.06052156095570376,0.10178406073493454,-0.04391766368585651,-0.14034227017544834,0.02878499777887565,0.010845714496816011,0.02022274538790942,-0.13343057117118035,0.04778787622191711,-0.05291285724745773,0.14975295036346783,0.0037650756479296076,-0.045154389699961155,-0.07547606052093361,-0.10882611186715954,0.05122526280192782,-0.04946895753902954,0.2600128752829334,0.937425093610135,-0.07542945126964333,0.7908099866144824,0.42156292350999913,-0.03937643667884881,-0.005238546862420331,0.06689398255550791,-0.07467630818359543,0.1717156478418786,0.21148007001542354,-0.028007488374102222,0.042496007613723207,0.07123429196621964,0.14482944886746763,0.07978422241317466,-0.11607999609875955,0.06052372195961125,0.07604713192380988,0.036443351173543345,-0.010381677434315869,-0.018863678186601757,-0.038327922341841174,0.023903020186488967,-0.047024027213357966,0.010838962900212483,0.08863629832685543,-0.05695061147883379,0.14065672782837246,0.4936550401750933,0.11032377437688555,0.21236470406228375,0.160609035916871,0.05442807836826944,-0.10327307687082433,0.0325779156011562,0.08304329862976381,0.015041412957069634,0.015448231037706572,0.12249166628824719,0.15814332066015868,0.15311140792530287,0.016962416948995904,0.09598696989745516,0.008274111713052052,-0.070084036118796,-0.06583731608288435,0.036486158114962614,0.2384751197909886,0.07172733872179916,-0.08378042020325412,0.009164033890183611,-0.04973888466146306,-0.0029725998975454497,-0.045423171510227824,0.09816011276743929,-0.07205738006493234,0.043605259919123854,-0.07871871356765989,-0.05260927007960193,0.07251749512484981,-0.04029372699568321,0.04231625731404914,0.06486665139883988,0.0005992484177270922
-0.12428687909834044,-0.09246626096636679,-0.13087961143034108,-0.07131891578489033,0.006093374794001524,0.14459397294055445,0.12541529885100652,0.07901523330526368,0.4408036576434145,0.04558320897209725,0.4434722504375467,0.4778149289039361,0.23480568697321333,0.0253227059255233,0.09174939181762183,-0.10396116426944817,-0.03968961628074241,-0.030985234963715014,-0.07001921936561475,-0.21855076859149777,0.16701401792633827,0.10743224173177801,0.06377920059701173,0.07889598685047298,-0.07826829987234034,-0.002336031441773981,0.0790950325069204,0.0276259341522963,-0.16389912018330732,-0.09206074591697373,0.10939967571318093,0.1126695188366478,0.061687733532964556,-0.19811310720621483,0.03606717675838803,0.004138516346561928,0.08087127188633975,0.08238147106309304,-0.004088662131463059,-0.04939353594798162,0.33672032899099963,-0.005000074479273356,-0.030524934971523223,-0.02661271300423321,0.052533227023580764,0.06877641876383443,-0.0963272678786587,,-0.07277388715314255,0.1401779457365999,-0.02527187037485836,0.040212134029817964,-0.10661802560858245,-0.07905967088158329,0.02300261690717992,-0.00336881576356726,0.060297937773187406,0.11707846475415246,0.10798310495906359,0.5370028874975213,0.32508584006470015,0.15436426196503386,0.30729009308287764,-0.10419425208879188,-0.054878792795915274,0.053303917445066996,0.043466770230776025,0.00717578284754673,-0.041997225265992796,0.021731757361523524,-0.04540485560569103,-0.030524934971523223,-0.014821548972715278,0.20606847711216458,-0.18212409156979292,0.11698859275284149,-0.1487779846158228,,0.017905666953016996,-0.05228149940970387,0.08319547023057645,-0.05145253105065309,0.1492189743953128,0.09919876740710447,0.0669508435109153,-0.12386265565252692,0.014435869889686086,-0.032473197605762366,-0.05302290653620997,0.05745936068128173,0.01436981772897083,-0.09120833948922279,-0.027580124876436397,-0.08178655192331376,0.1830430312435548,-0.025485724368771667,0.05995693076068398,-0.013005905475249466,0.04424292780013039,0.05115529725508276,0.1542174606752403,0.051904758027249795,0.02211676829419267,0.07953198743983309,0.12924996264454985,-0.10740922036502104,-0.025393855721526158,-0.1472825994128001,0.10190197811177251,-0.1769435408208016,-0.12723649921283503,0.2113868607875088,-0.08370321134720883,0.0711973899574803,0.5622067821790676,0.9011883783307203,0.010911197612349235,0.6428111853266154,0.1126876678971245,-0.11027672368488207,-0.05898902935665066,0.07003231365705886,0.11526453951715038,-0.07448882901105623,0.1260264253371909,-0.05822882569119077,0.042804905855725946,-0.06780810177599718,-0.07070968704207409,-0.002944738303519811,0.0275953750709972,0.04749567824485743,-0.11743899781363501,-0.053824261984291355,0.04577876147636419,-0.12337454140540009,0.08004413679764269,0.13245874382412584,-0.21304326739351107,0.19788317327424876,-0.062236471307362776,-0.13478656466401842,-0.10009593739496024,0.3073743602328575,0.47319261105814375,0.12494251684740391,0.3082685204534133,-0.04895638435861925,0.07339882073056887,0.037867492248944444,-0.07168937630094395,0.05255593731944722,0.13623373333518965,0.07974614591825537,0.23740629486530923,0.11117590109746847,-0.11316181591184106,-0.08069531714645427,0.19898874866206864,0.26018614298841797,-0.14271141058102915,0.09671066046660978,0.010911197612349235,0.21693100895224168,-0.1898280328845104,-0.07129190089602733,0.18702513610201493,-0.03248659734302684,0.10354215565322435,-0.0645817363495481,0.26048674895390117,0.10166391283696412,-0.053889481948745314,-0.09514730140313339,0.1531385858048664,0.11202298419204845,-0.09929283668137771,0.05991135107109085,-0.10612812427378826
-0.1599246858245391,-0.02883941361259054,0.11502229335405831,-0.1714538578824859,-0.0945362671757438,-0.018698202641232946,0.20760030601979215,0.20825514853007246,-0.06307131849240667,-0.0593684078215147,0.38211350664428734,0.5063845052252102,0.38537134129978795,0.1484941686681635,-0.039444861242203484,-0.036880083131770686,0.06686950659811751,0.2521366879726856,0.28995864709664493,0.15180435631650524,0.38656918826009634,0.1307917644587548,0.04538246004607883,0.07223507038113121,-0.062257319324923246,-0.014010360106182581,-0.1312328268743859,0.045217807623781026,0.1401779457365999,-0.0823351795833574,0.1392536515344422,0.1401779457365999,0.04260023671598378,0.10413864863656018,0.21498180698628785,0.4036945056150395,-0.02707534805884731,0.010232944249237898,0.036482270256775064,-0.03680995509661933,0.02263282951861853,-0.060588716098913864,0.0054082937255216,-0.07345267863139826,-0.022916676226449485,0.0909411077688603,-0.027980122303734076,0.016624704167726163,-0.10348513876659565,-0.09044457556760034,-0.07789086530374821,-0.023209235997774667,0.1401779457365999,-0.08782434563818932,0.40412580662717174,-0.16759019319849922,0.08304327722537198,0.028547024307562712,-0.029153646115695275,0.4623574191199077,0.04966195205826007,0.19200005311449195,0.2425833961888232,0.002843879625093313,-0.024135990009955918,0.2915777797724644,0.4880653557514927,0.1401779457365999,0.1721045319996383,0.1955745567656556,0.2754546115341779,0.11845751654172933,-0.1041314907300164,0.07536451528527888,-0.06726611280124567,-0.07020773302455698,0.10294687610559418,-0.2791261985430458,,-0.16826185156103915,-0.09532155183585932,0.510540430377829,0.22146370312119715,0.06934695072916772,0.09421987877907748,-0.09333315216460908,-0.10412187452255847,0.036757689398558814,0.01498711881678716,0.010193899299800547,0.1401779457365999,-0.0014729151252866992,-0.1763240637925843,0.013686162781652219,-0.07809639619448822,-0.011969534575547268,-0.04006542293717479,-0.06916085408137834,-0.11931771149929399,0.013338131226567239,-0.18088291082314084,0.03507072746349719,0.171615826995876,0.1734509291131187,-0.09388419193585792,-0.050377702383258775,0.1734509291131187,0.046252855725655066,0.029454836376147896,-0.11961758288211198,-0.08285640449420054,-0.11011727648975048,-0.039430546506224975,0.27016401551573355,0.3744519206366443,0.7154193823661235,0.027380249132336124,0.1734509291131187,0.5971871860787464,0.028034862661504033,-0.04383511832953589,-0.11961758288211198,0.2341870146553672,0.16430965809214285,-0.06732603253513664,-0.03437460718063271,-0.06367369376845879,-0.12112419884793627,0.0004069195085533537,0.1286140183100838,0.1734509291131187,-0.15914236526143372,0.16794336226709844,-0.011619582821455528,0.09531787315985552,0.10062245467785236,0.08330395976337529,0.06365394850099398,0.1388131247054275,0.11261824737683648,0.10675248976046456,0.06078938989415234,0.6031398731207913,1.0146039811766887,0.11452961127433511,0.7756832777744553,0.032985045437066596,0.060631188968285725,-0.050967841745101196,0.23793297848216285,0.5491163504509078,0.24959326661882977,0.12694481391000914,0.2093685392700107,0.061090513158538466,0.20444370466705963,0.07276604820265133,-0.23270242049571233,0.27937167286495906,0.03840380687890481,-0.0552104429257105,-0.02536287149713648,0.03027716123165218,0.08041548695092023,-0.2216733766305047,0.13113801493095578,-0.03667396816701808,-0.1400002349621973,-0.10158730932533713,-0.09519995890342739,0.11626676564373693,-0.06076303781061834,0.02968934763378628,-0.0017857942293828455,0.03792400593784447,0.00759162309373635,0.20049570241966935,-0.08157588436382754,0.17343998534530825
-0.015772649647882175,0.07372617399273351,0.20919332193851112,0.03243051388332532,-0.01839995803331149,-0.059823453095871525,0.2689608389550787,0.24140997187555652,0.0751607919217728,-0.07315991344682019,0.3156689176296887,0.3008417846939448,0.5349927349308227,-0.017716577269496426,-0.04724286253716757,-0.22507485584560052,0.09902101155511615,0.12374239199422889,-0.011392105592048415,-0.07789086530374821,0.3069845103057487,0.3509298272653428,0.0298305151103941,-0.07589081236882932,-0.045996513545393,-0.053994020364518905,-0.08644478689079363,0.06787373641799822,0.36155787199110523,-0.04782945213442188,0.036918511223734164,0.6261090382676158,0.06024654980341501,-0.07153916816711434,0.010410065984737383,0.1401779457365999,0.14130422428469003,0.07033298218629563,0.03057647530168662,-0.13929111411701778,-0.12712110724496467,-0.015472793214032348,0.009154718586548979,-0.10869510015694092,-0.07673874546268393,0.012038492303313263,-0.03294078479265165,0.1401779457365999,-0.0933658211641839,0.015277810514318889,-0.09734738101269054,0.35778269842806804,0.15969874216585042,-0.1242156841902647,0.5509941016937959,0.03729903429615245,-0.06788111419604091,0.20027700686239402,0.0857296169750684,0.4543251561455563,0.1401779457365999,0.1401779457365999,0.3302078268786763,0.03558526877800906,0.12130092628260944,0.38289226839217944,0.43859139706648054,-0.037550608480811196,0.08619819716030912,0.1469895343204294,0.04082389320339908,-0.02918754204514369,0.11239142638114542,-0.00635070488831267,0.1401779457365999,-0.062783299646585,-0.05457073234810674,0.012008077016115972,-0.35909620979271406,0.018017328138315216,0.05134743112471958,0.09267390969809078,0.18182889959824358,0.10875230271861316,0.055104248349613486,-0.016039746009591262,0.011194077848632578,0.06403325979213711,0.05674146903824813,0.1401779457365999,0.104508242921464,0.0475238848341753,0.029431511270850367,-0.08098191946519229,0.03276937827154049,-0.21489519283803454,0.1734509291131187,-0.0640545649015631,-0.13255531460283973,-0.12396139133652011,0.06188084644881636,0.21975851761089416,-0.0495461521274256,-0.005790010085479851,0.16816293113389702,-0.12867030959036496,0.09528852385123321,0.04380303584070956,-0.14246490271875833,0.06043082131874918,-0.10685613541712204,0.2543572656472927,-0.13002416082161478,0.16772022834071207,0.6724663939219939,0.8309017518290349,-0.13687761680395322,0.22533240980045022,0.5340058518400196,0.120260821501574,0.05165992776686642,0.36642407771183955,-0.05125391273609503,0.14162820658055214,-0.000487846167917267,-0.09256981667673074,0.3053904334870461,0.197177642437385,0.058019300936210855,0.2720255420666611,-0.002396706038945667,-0.04411202444303486,-0.014189174436919572,-0.04688894484234474,-0.0611261346079705,0.10314667855762698,0.17755215400399366,0.2215176393314547,-0.027564481357220446,0.0033592287132357596,0.1284554800400317,0.06043850832790539,0.6255506555166013,0.7256320544630902,-0.012931573024757058,0.6509628856897897,0.06705130357619783,-0.010383611928578661,0.16958174865892883,0.23066312690995247,0.3872710667290475,0.1734509291131187,0.22645524164571973,0.6291083246970085,0.3286008286158014,0.08537258506176355,0.18958461474037272,0.02926488114083336,0.3585603608443995,0.03975317254021853,0.1734509291131187,0.24640710820479628,-0.1564716318947986,0.01977395534818468,-0.0010947351190949046,0.04614604299330292,0.005599941927314621,-0.013435760042196142,-0.0038895448238274507,-0.13563409694746567,0.07640992212183303,-0.0770534333260284,0.035210229436728656,0.025825972107864095,0.1734509291131187,0.026727889006841338,0.09618629017557306,0.15835718175037478,0.0046528914324668455
-0.09853280079230936,-0.0009099206719072956,-0.10941494652483676,-0.033664970136728416,-0.04187265411577355,0.10651335999293708,0.19337510537503427,-0.19915618729337758,-0.15327941677702714,0.019782808971473765,0.4489059841043163,0.356779112946393,0.7691816410281302,-0.1710096220435364,-0.05821302994029724,-0.2510568608300431,-0.15491051435278114,0.22907353393641422,-0.15348314014053321,0.028348874312204744,0.08335545902179112,-0.06455868005350587,0.15731304390550938,-0.14549329378361486,0.00401630024564307,-0.05535313858630324,0.11058800406574198,-0.19111429480129807,0.04043429185432309,-0.06170338918401335,0.10270768447999822,0.11865144892846095,0.06991744368168987,-0.21068034599738333,0.14439841857648394,-0.0613497093571823,-0.11711939687940282,-0.12123770208627689,0.054512262889239924,0.000588630219019644,0.014984696360287106,-0.15817094966650597,-0.08248568920682277,0.09187281255270537,-0.1110213105272566,-0.1621868760761588,-0.06764891825590551,-0.05289882259714598,0.07179685022375308,-0.03825606178079469,0.019948602525332045,-0.03652349534634932,0.052760986575086835,0.03370821896480867,-0.3270222411694496,-0.06305420620719321,-0.06258531997308135,-0.01609598728092017,0.014008973695632714,0.36110155936861155,0.4549224387238769,0.6025139416487844,0.014867181872355579,0.1872450403454984,-0.10259757614786032,-0.22550273769056778,0.16791408756942075,-0.14511225434702404,0.09380091786018939,0.3442970798193582,0.05132686206798875,0.10623662476145859,0.07426734112740385,-0.1132693031247987,0.1382587883719821,0.19365964322034787,0.1401779457365999,,-0.09752117315155688,0.09098199627626097,0.1389780139143743,0.2989180364137108,0.19054726317287263,0.13639212999218897,-0.11664287818320236,0.2041975880810425,-0.07835071738059703,0.04816616267201228,-0.022517741817658223,0.026266613511790368,-0.09544899163925896,0.0062593828712327855,0.11083144866453319,0.21275666640108082,-0.06451380797000206,-0.20119052888324332,0.11225313870149452,0.11093108217440463,-0.08900663898156834,-0.0729893746051045,-0.1504164988392791,-0.18870103854412099,0.09003770407421809,-0.051153613019604464,0.0865895167569364,0.08035530439101836,0.08087648537757273,-0.039338902527907615,-0.023254955196926493,0.2122199221374603,0.07873011412137436,-0.13611869026522064,0.7346300686158884,0.34466963211938684,0.27692862047273564,0.9037421508160348,-0.15876873502526595,0.661918078201962,0.10479928702855228,-0.09609417833495518,0.13907369711025486,-6.528750178978719e-05,-0.021404198667839283,-0.06095326855487134,0.12682075966366418,-0.19704545275044594,-0.2930828897714701,-0.2279036162399724,0.002485781271267601,-0.08646811098129371,-0.10406180575585099,-0.04215958042150846,0.11850646645020588,0.18372630429514775,0.016711446961894146,-0.10705566525048248,0.3156227918606952,-0.08638522134185925,-0.06138640027657671,-0.027236446209983518,0.2116675281140982,-0.05485166695617358,0.6669650713530406,0.8823077466481053,0.034439326083210674,0.29773785028747335,0.007309619128678624,0.12179856532178074,-0.11909385591171659,0.05236686853805696,0.5771096791272361,0.05591862545013567,0.19585496121816393,0.6743422466854401,0.1734509291131187,0.0011263428741860623,0.00516588476483713,0.0865895167569364,0.34735274066127936,-0.12337454140540009,-0.033976525290179506,0.053837721100778654,-0.03497934483143139,-0.12041672865004073,0.10170341889954701,-0.09643616702810082,-0.002847135089748369,0.07190318600400336,0.0429502074988332,0.06169898695285543,-0.1820559743207365,-0.10491764826128873,0.05301899959639281,-0.07964001456614707,-0.08952918074622984,-0.04586391037944325,0.04931863190886177,0.03757951349686032,0.19673611333610166
-0.14513900835043458,0.06359105409268538,0.19187246092689886,0.11971548647168592,0.09904834982263493,0.17119268209698973,0.2278934550239896,-0.06627951766682581,0.07752904993726874,0.03335293611984767,0.039000431623935045,0.02626048116158239,0.07341774993832612,0.07680126450775013,0.10856981938871706,-0.15802085814888778,0.12103291612883882,0.24948034364807783,0.16012248309084437,-0.04485506655571774,0.09751406807194768,0.3749036689323621,0.34727294871727965,0.14095527964545404,-0.11492372480787086,0.06844583501163376,0.03580293822730818,0.028159574413328246,0.0355970733829668,-0.11164598309014719,0.07899020078003242,0.09911251779331848,-0.028025229966844218,0.0030492944683250655,-0.057949403625433896,-0.0983674230219418,-0.050254023695251476,0.10213905539911616,-0.06963355229883195,-0.003257684775980723,0.21696025545869257,0.07658330847678287,0.027649873086968247,0.14127675098026274,0.0627761617208392,-0.06514853383850042,0.07008897286829995,-0.01442404534328976,-0.011677732190382433,-0.03090942049135153,0.07991444101047906,0.2685900094606462,0.044034206866850736,-0.0411513375697336,0.2284387321047292,0.0470390791997909,-0.061641719595284104,0.3211318771584454,0.051496550573399545,0.4606097723718678,0.18643340769412794,0.0888618555867197,0.43133019021857005,0.21914045214422495,0.01595157445605012,0.2249925520864544,0.20101815739957526,-0.08185666825967695,0.043775642907060285,-0.06150444737871119,0.03865064482222209,0.060614878074142016,-0.03612393779831877,0.05245725768165762,0.022871624436792852,0.06323895657313494,0.05586277908848269,-0.05607199548279254,0.06269161566472468,-0.013440906302841314,-0.0005761425858628525,0.1014688982986126,0.08977337139347111,0.19611617983984933,-0.038758550052637904,0.00205857982402617,-0.026382346893448618,-0.015605748104245813,0.025420960017603557,-0.029432875788018877,0.0366322830948587,-0.06714959173754344,0.08474519001667473,0.045613671904754856,0.11535064055435655,-0.013679336850279389,0.026848004184509527,0.06935558758103048,-0.09039612137321625,0.04471251158368395,-0.0038549427851040487,0.014343896667401965,0.014365573805859877,-0.025817769916688705,-0.005906507687930395,0.07758456361103891,-0.04230433743133659,-0.08677911934361678,0.09075611764681864,0.04385898589792738,-0.02969947396112303,-0.10968344235076023,-0.1355215603358971,0.13019838122384755,0.3313126393052453,0.9544479243955498,0.04777807911492561,0.8567317702174332,0.34655195808251865,0.07413929446419536,-0.096664855431003,0.014194137718951505,-0.06386902388912104,-0.043405462450425085,-0.09821076938921752,0.07757472303304609,0.018586314307687663,0.11834470887292915,-3.1051314964690476e-05,-0.014370217033481736,0.06411297996058708,0.011551201761839016,0.06295510874599916,-0.07804355629261706,0.06028920487992248,0.07769378071159523,0.1358173177671688,-0.00788953566559602,0.043778913201726166,0.01717265217156502,0.0590578502277567,0.004790809652919289,0.04811773482845502,0.7818469708598161,0.3666614861508615,0.6834984383179489,0.1737493087530322,-0.01782195283238539,0.06345713242591884,-0.05697106905056385,0.49540204611475386,0.1368257454756731,0.05842126021990432,0.04075108483095895,0.3411297191133149,0.05144773812669967,-0.05627072999218512,0.014859385676172033,-0.05622018670501621,0.10360357987816719,0.13904365820254627,0.05522747181476291,0.03205186493161435,0.07382978941808378,-0.12952831870743048,0.08864550403446202,0.025299563713968985,0.014863683915669394,-0.019671940312852677,-0.08169134366605013,0.12163111621672093,0.059013301562396654,-0.028020003597210217,-0.029430775813769582,0.04770050281753102,0.0009861035747166665,0.16902058274382123,-0.007108999237816303,0.07645724007215995
-0.08157635217385922,-0.02917422082711971,0.03581194675147921,-0.05082274483953128,-0.019592643662795797,0.12765528290597272,0.2699027205608832,0.06844685829845445,0.1804455267385066,0.046715573972079476,0.4763594564479128,0.4237350005468554,0.5323460649849621,0.1457475934447249,-0.03741536165837366,-0.07912032558770703,-0.01322955708806173,0.33633147700653965,0.126135352398978,0.05881609342887396,0.28292151255907405,0.18607925973688325,0.11701059650478846,-0.017672761133997707,0.007087939422242438,-0.029144049826160798,0.053723042776097164,-0.022363701074808888,,0.14607414199885738,0.337845617261416,0.07161959094929433,0.2391492002184272,0.10762306412956638,0.09657368337402639,0.24943145820800158,-0.09243480453122378,-0.045922547428091286,0.017533523038708497,-0.22753888311632808,0.04811918666563731,0.0177707921479813,0.02922245159649961,0.0016424129149048108,-0.05095109290663424,-0.02286385583446837,0.024024822998497085,-0.09890221017167326,-0.07220324238858779,0.13995167696607533,0.0680704903606671,0.2751765728585815,0.1402053029589836,0.18719983391304412,0.29508922499522855,-0.1710868495803749,-0.040958995061340174,0.26906772097663695,0.3203117064223762,0.5208616864585374,0.08829617328520756,0.6317461338481989,0.21815718389930774,0.1392418777377575,-0.1343520016939994,0.1252323567469623,0.019857556894666815,0.01882026156950675,-0.03223969862768025,0.07382754947604768,-0.04997205960541313,0.14276949945886955,-0.008115922547249079,-0.11481249138197672,0.059149002169155536,0.14188242847147203,0.0344032095181838,-0.2359241055893861,0.05504890498073529,0.34747453779831977,-0.001755128872432049,0.2758768818828287,0.16758318537785744,0.028876778389318347,0.01229480269090471,0.1193519461922083,0.09844081051743557,-0.0886956535780184,0.0026176531840178528,-0.09757721196175818,0.023656448634262413,-0.04122608010124737,0.1401779457365999,0.05675519538664127,0.1215021354528884,-0.0722822514963234,-0.01502604556860057,-0.009478309066881581,-0.11957888412409524,-0.06799604942782955,0.11496505331660908,-0.1692139381775982,0.1599377736187083,0.019317435757266056,0.3428242209212425,-0.11161343965813594,-0.03189265318630746,-0.05061222445621631,0.013380635776119225,0.031824420793724356,0.06680760856375245,0.21238394405107947,0.11633054495711524,0.5160339160873202,0.46632756358064187,0.970865311658588,0.06873666375088273,0.7724221154489151,0.13821144524484957,-0.004750524817960059,0.21267950300099223,0.0210612673438155,-0.11506668825548172,0.002630868560293087,-0.059556338920909925,0.011976976287354507,-0.01840656692368238,0.22409325240434272,-0.13041221820342735,0.12634037791278377,0.06671895127547885,0.07526758402480807,0.09866057867802416,0.06399013901228133,0.0030312688711835473,0.03092941443911665,-0.06375864616054801,0.00572974097526298,-0.16699203828918904,0.07082977349122115,-0.07272526149694138,0.16008390646888113,0.6963381952732016,0.8865780828190599,0.10468398589932444,2.3950813187740425,-0.028254148289115308,0.20470374075699746,-0.05905052793823606,0.0592063086856911,0.08809218314176429,0.07692374703245582,-0.029935486277480713,0.6554572135262886,0.28748706682296804,0.20005224520667172,0.32775865775751084,0.06332982728081654,0.1813568393708414,0.08272630931127858,-0.02444004111232749,-0.009052741771643995,-0.019530503668633778,-0.11794881249703199,0.1734509291131187,0.01464804823032431,0.05273737893628709,0.040563215973411205,-0.012245473029553915,-0.1928259518807204,-0.12547521689147526,-0.0950646287238872,-0.0795574005802559,0.024945843056587518,-0.020873870853310494,0.06663894099554062,-0.09656685754425713,0.16319442078422766,-0.05228201263211798
-0.1719634956789414,-0.02646028481130175,0.08713550138159548,-0.011822776623921899,0.09343730692925793,0.19476055759817223,0.004872943503125005,1.1539235560622843,-0.019134570033015927,-0.022102677058966104,0.29873461145353386,0.43902488203668627,0.18989553112998717,-0.11282974034352074,-0.10160386479773253,-0.09136492448466718,0.16055930034239094,-0.058899446537591243,0.1671292483198801,0.1401779457365999,0.12111991483601851,-0.014399738202152224,0.1401779457365999,0.10500389317557084,0.2670688415130601,0.08443527070525057,0.022679718363641955,-0.04454556429683454,0.01723628989372492,-0.05263218054688397,0.061130001648977556,0.02185413170581618,0.11368963197067963,0.003827133503356837,-0.0015546380472518189,0.08213843952076952,-0.07905967088158329,-0.08469096077621703,-0.08074659727177534,0.01920641135479874,0.05939869916902362,-0.25908288762246323,0.018311143215222914,0.020236430909812992,-0.049255614577222634,0.025869781871147482,-0.13254694375561465,-0.09508736436028785,-0.05995041382749719,0.009910100891217568,-0.04019140441848113,0.1405710298330932,0.06161327494031264,0.1401779457365999,-0.14089408812886636,-0.01351263299547948,0.0013561793041721797,0.011162722536765578,0.18486696827579094,0.5332196922351627,0.1556285302821441,-0.15005828551988906,0.01620937386924383,-0.028542267120306542,-0.09779250603504398,-0.0965542834217471,0.19065441917178205,-0.2081903226493617,-0.15919411899914157,0.07694845414095718,-0.12052584377904518,-0.03425627310398794,0.2003861895492981,0.2803450920205341,-0.20854271718258321,0.3981825228448171,0.07193966066463477,-0.05715661627029219,-0.022627564898192055,-0.5089267357610969,0.04436284000868397,0.29484797077607927,0.1401779457365999,0.08522453410860818,-0.003021557108711061,0.07839627260687779,0.06014960803536634,-0.11521288155592233,-0.07312960569690995,-0.0646450094073246,0.07191129675286459,0.1401779457365999,-0.12646712962436688,0.008928876727109805,0.015490825679811757,-0.11217922550627524,-0.2627006573609892,0.27109396613860204,0.1734509291131187,-0.0662382303673679,-0.13516700980337398,-0.19442690200331766,-0.005362978320571846,-0.0857184944743844,0.029814507939800554,-0.01348237274009373,-0.2767578751817561,-0.07391618965606961,-0.12673722953608849,-0.20047210247306468,0.05814629443455531,0.04889956762759255,-0.03126738896576193,0.05445683450503228,0.7195468614178024,0.8021692560272542,0.08800875868001388,0.6851253089606423,0.1804572925603678,-0.13438402357277274,0.1735078723964264,-0.00735933095836187,0.052294085827301544,-0.04569168394758884,0.00932911593114493,-0.024344486575469147,0.0429502074988332,0.07564790623736183,-0.07129190089602733,0.05591862545013567,0.23252369066461842,0.007153265000946872,-0.01690016188520446,0.14001171789208186,-0.012245473029553915,-0.04937823811940728,0.19583386581190576,0.1734509291131187,-0.02470239137703659,0.1312119711048326,0.1734509291131187,0.069456152843891,0.18312915179629863,0.2879216951473416,0.0512393081526844,0.07613660898473523,0.21924647126529237,0.24295275774748798,-0.09859951851103982,0.35315172002111755,-0.013314860148566381,0.04916748121239905,0.04551364284128872,0.042847978540293,0.35852633434611825,0.06837554379761833,-0.05903234535396167,0.23521179230567144,-0.04678132016535181,-0.10069308989380941,0.011255878710319234,0.1734509291131187,0.07326168586881039,0.004980077062041716,0.009734982281984772,0.16535022011690467,0.06001301913040124,-0.22616915238020013,-0.13157869804198968,-0.3218964489708846,-0.09424510783450354,0.06105049765168375,-0.10075417026661126,-0.10750300100759719,0.006735610794505808,0.09460482161396774,-0.0010501571304290672,0.07769244458234899,0.017183520624960428
0.007727710745061348,0.22139720855873152,0.09545486546739876,0.1401779457365999,0.1793182707373114,0.07240724785152404,0.33511571097956283,0.24446873517563814,-0.14738208389520308,0.36693286035810185,0.6571982220113644,0.4004970117453302,0.5254966830299542,-0.12876568096118707,0.1401779457365999,-0.19337675839064755,0.15991289847950108,0.18099454024129563,0.0649607037272956,-0.012512102159864579,0.1950157026523968,0.26905220086232395,0.2528074069870682,-0.030905339433299175,-0.0887327052964421,-0.006249233627079264,0.051307218884073406,-0.03252789126399335,0.026266613511790368,0.01158974658793842,-0.2791261985430458,0.019228756157436244,0.14856449897013568,-0.21912570264766035,0.030145474359567756,0.028508404025083672,-0.0480667332990732,0.06929713120001207,-0.07737560933219917,-0.09779250603504398,0.1401779457365999,-0.0334687336487061,0.10713769691855358,0.03353449199392563,-0.12005958986721621,0.04410238394102683,0.08717452878939289,0.030846297276136084,-0.06281832964059043,-0.00109780882847712,0.020511117705103724,0.37200972002190397,0.06794705318409969,-0.010524511405850551,-0.06784383490124844,0.08078272895930919,0.050245308617932256,0.24017822529615807,0.23507403420873885,0.6497992522953981,0.39230254597193603,0.2776878362815953,0.16224471045930258,0.26393723306165773,-0.01750626478202002,0.24910353039477293,0.2342701164616238,0.23075865951445856,0.026266613511790368,-0.1752403177140003,0.19190082357834415,-0.049523160812565095,-0.1096232496571483,-0.13439263452993835,0.052760986575086835,0.03344997231781094,-0.050665329060330486,,,0.0751607919217728,0.16067950070992065,0.018853360398748954,0.15207587850643667,0.004309374091516633,-0.2225742646170087,0.008855145101091894,0.1401779457365999,-0.007469340269366312,-0.05105173517907171,0.1627735258065975,0.3712826347321276,-0.09596094164458276,0.2348369505977261,-0.0025334436960921464,0.1527171685374976,-0.092221425762468,0.021508610643391487,0.04141924916102317,0.09806396330773826,0.10179145513931676,-0.06880067538736168,0.024217074234417643,0.1734509291131187,-0.1184338044383802,0.08363124735766751,0.06810097604077056,0.09924471529955672,-0.05419274084657877,0.04534781071551385,-0.19257300610690756,0.22033720058615736,-0.10976757986559707,-0.023953548931862325,0.02052443183026977,-0.031302384918310486,0.1734509291131187,-0.01824692843296257,0.7860173012280601,0.14565731289052408,-0.0482466555686098,0.31097822173096223,0.06795178587520602,-0.14712844519886437,0.0999465558538142,-0.24622846740607574,-0.1750509426963097,0.004322711856384199,-0.04690913392387756,-0.10107445374512877,-0.02198955244984831,-0.06046218349494768,0.06418412513436424,0.001989671785788746,-0.026284473058240894,0.1324956551355063,0.0015614393878122244,0.13691936867092752,7.263151732367717e-05,0.21278051978700377,0.025619697271732685,0.03548370556925808,0.05591862545013567,0.7004379034660022,0.6006044097717523,0.014891344719651119,0.1734509291131187,0.14273506913144413,0.1029212049274186,-0.03236431452054789,0.22392118681277273,0.6620018775797388,0.130058373762441,-0.04340813810739574,0.20161148089533062,-0.09246649764655167,-0.022706038739246554,0.16875830082656104,0.4236226297744232,0.05077680753591642,0.11611509650892939,-0.011878051854948675,-0.06360142256486627,-0.14825704951826593,0.02133229829727723,0.04733211569141264,0.1734509291131187,0.01624133878953453,0.3208714572783862,0.1734509291131187,-0.2406477650997929,0.02052443183026977,-0.0234407889286787,0.2429022706368325,0.048569015401952506,0.257268900108604,0.027114588951202723,0.0028884993453524616,-0.0960627715834099,0.01605458942734603
0.024632358073375032,-0.05588324726201351,0.08213041452024937,-0.09558311385216421,0.06399498123578967,0.11134708962382933,0.15638423241315133,-0.003763227321333146,-0.04842878063847312,0.06945360971174153,0.5390525767645582,0.3559431264787555,0.5224246413478723,-0.037932624301911445,0.035544160263967194,-0.023308710495240092,-0.09771237842942511,0.013152177432973281,0.16049317154356016,0.003371149970328729,0.0993793513715357,0.05732142445323682,0.12766029581780255,-0.06625210863730725,-0.02366729086941433,0.04389808182305069,0.09307596679009784,0.04623567631697644,0.10749730953929132,0.01377949607265315,0.29794306868581055,0.12267421241871569,0.095129119197672,-0.12813106792754905,0.0885887441940613,-0.11460311417481453,-0.05810646939698321,0.1567833766085596,-0.0551321214445195,-0.1376284767395429,0.046511480746933474,0.013889393351905642,-0.07673646620238435,-0.011742339993979932,-0.019081592448947755,0.01996607865946235,-0.004158267661855485,0.05731964587920326,-0.02521018419667174,-0.01295441291471923,0.08011278987091501,0.01560828725994675,0.017695486493126293,-0.024971781020352732,0.03738495494886932,-0.027028949160018394,0.17297287367237843,0.07785913343048934,0.03132655475775617,0.4772503856779882,0.3032382879142206,-0.016643642078771465,0.016449663236087066,0.024262926434317676,-0.05397489115753411,-0.03007546295298251,0.08941756177385438,-0.04338993898722652,0.02768512041470361,0.1779372159190256,-0.011220513277192956,-0.017314363913484166,-0.057016124645995744,0.11200050303048387,0.004267927727135874,0.3570655786590374,0.008342671026850995,0.1969401071191757,-0.09062812002262084,-0.005972813944530224,-0.035133271824187406,0.29650683801016436,-0.03589666550853185,-0.028189072520699087,0.05838436443218779,-0.03468794166980776,0.02180804450294701,-0.013593454332209797,0.044942505101113965,-0.04562642926610064,0.15202522788129505,0.03271687036357091,0.07398285831006612,-0.014606517979289043,-0.03392413053453513,0.024263676956435824,-0.0315864565121378,0.062028285671699095,-0.02847520429538836,-0.050763773559053926,-0.11076914650417982,-0.0018830825501531723,0.08953365375281766,0.16808832689511846,0.03465166391950013,0.0014342354838784836,0.10488567372236098,0.0230670339324085,-0.040152667756799904,-0.07136994844887548,0.0483973447085628,0.15802679377782045,0.02619225332249322,0.024019276678960946,0.8373175650650484,0.9283193754587662,-0.08827605093405118,0.701771212207387,0.056351814970842906,-0.09959958162871857,0.13243755253362646,0.03006742619585907,0.1862452675361298,-0.0801477772584869,-0.05371736768772413,0.015271771463552571,0.11405089578863102,0.008049271757821422,0.11907087185585417,0.07419803795479127,0.09682446075820399,0.08640800523136753,0.006111291117103957,0.04783699627546836,0.03992627805561754,0.0913959520806918,0.13045210770466711,-0.0450466537025322,-0.00386836981577831,0.021225335629730387,-0.016507809686405982,-0.03048409124422652,0.4294035017447631,0.7016493504464353,0.24420272418013628,0.0557047187014467,-0.009583825913710457,0.2275993348654994,0.06803684259374583,0.01428976046305724,0.08139486634676105,0.026187438886677503,0.06036578720968541,0.3385147333961898,0.4322864869862856,0.21723093903495655,-0.11825498968647517,0.06226554227522706,0.06875362248124114,0.042825297231985096,-0.05091566607458755,0.12507709886058668,0.06312594073516849,0.006006077121219943,0.026696901549802768,-0.046434568219900524,-0.007150680801334193,0.05008025493130737,0.1329702512430359,0.02364480766422062,-0.07045292832985352,0.004850890880491963,-0.09312241156556006,-0.019439410723216463,-0.055261564352267256,-0.0019477452205802622,0.08898048691605122,-0.036884328341150116,-0.11556901031640808
0.035186539782470626,0.22586905943743282,-0.05073031573907466,-0.06592428951814856,-0.028057668377621404,0.05308068818256534,0.19195681458320826,-0.10507245878395545,-0.13367340898754607,-0.07807628866830801,0.4201121634952644,0.3909229872245403,0.16917610520678308,-0.3994539799574155,0.01710878007074706,-0.09508736436028785,0.02207587308126913,0.09160269250709689,0.008220244519659988,-0.07877587247300033,0.06701952307076121,-0.047023685827605244,0.01567559855615394,-0.06883864756194737,-0.03769241719046082,0.19589286269558984,0.10623662476145859,-0.03758976893971404,0.013334955511861738,0.005792539625062405,0.26868915248576114,0.08411593635989476,0.10843411064831539,0.08792774312251078,0.1333239779732573,-0.06380023087375086,-0.22483417058614824,-0.03215275893389608,-0.0009192537316225143,0.0010457599340446967,0.04157215884245725,-0.19093065383319602,-0.02546619440728233,-0.10988998294202648,0.13186295047229651,-0.01782249478537573,-0.012433993272127795,-0.09283542505390599,0.02489386742794251,-0.08782434563818932,0.023444452042815242,0.1385964345585594,-0.043593901206924364,0.07458264822651607,0.09903034539827939,0.09545486546739876,0.3429087271077734,0.14202083338050653,0.22902420467966736,0.557950916194556,0.2658112502851362,0.20949030036676117,0.22304609226402686,-0.09919842341998084,-0.05580137386277627,0.1401779457365999,0.09158238639531883,-0.07408806294702754,-0.13245457608004738,0.08112869106626995,0.1401779457365999,-0.08484258927343763,0.08767079503030088,-0.021238272342979297,-0.26648854429031416,0.3508073648983277,-0.22550273769056778,-0.020472174947973962,,-0.07771169641771172,-0.17486470456555936,-0.13712662751996038,0.03926547337764818,-0.0056387433806916595,0.014918894367539983,-0.06121684206377621,-0.030329929339490917,-0.17528053189375398,-0.09469407226426875,-0.044337165064340545,0.08974777197315786,-0.08772876384820862,0.01991249647033102,-0.10608890366123805,-0.05715661627029219,0.1827824709802687,-0.050555754070059945,-0.18949618194345985,-0.034190768753500786,0.09806396330773826,0.42713985753049144,0.1347814238249254,0.18312915179629863,-0.06983492640428288,0.008806121951555255,-0.504529364216362,0.2577487132200622,0.08777997983993803,-0.06432811353892665,0.1734509291131187,-0.013279839251371786,0.15619582754272188,-0.010773953008682086,0.09764502309810083,0.5898592720508329,0.8613792565744589,-0.12704420029343289,0.6321576375462129,0.38755819954543574,0.010830616043434427,0.12993260472430643,-0.03496931861223753,0.060524827082053166,0.04546893414520938,-0.023934030874072042,0.15496065534799225,-0.08308436929400126,-0.035279689903448784,0.4586079127847472,-0.08221076079477736,-0.08150462638958636,-0.004750524817960059,-0.11537809640437119,0.2677139458050913,0.3232816901461395,0.11935897310474632,-0.032816221926457605,0.15967766725041804,0.05591862545013567,-0.011809601768834587,-0.01548973819269035,-0.12038675059110271,0.05292070645392563,0.6230494679404259,0.43681119524239626,0.1190405785554818,0.13773637198798408,0.16299086391987574,0.050826154293346526,0.12261120390895343,0.21617125817791952,0.026287068456418542,-0.08827622692551036,0.14367191557974912,0.18453516683842744,0.14001171789208186,-0.005780074429028107,0.16323567575073578,-0.011069744184285957,-0.06235843830805226,0.007055633503025275,0.029950811467680572,0.07899471452312402,0.09614555961245337,0.3624223186518345,0.05591862545013567,-0.05011797176892132,0.00294357019145344,-0.08354175234288884,0.07053785303641674,0.14164330900232303,0.018446786544361007,-0.16360147556771767,-0.17433680703459734,0.17253723561536058,0.12353307642810869,0.1489094379059202,-0.11980846273794135,0.1515306154577376
-0.11410495568641178,-0.10638819465951481,0.08112869106626995,0.024342865231556415,-0.02571986485870688,0.2575870042538594,0.16471996400611622,-0.11376842271245485,0.20145920744605222,-0.035480589185992076,0.4651252763410761,0.473658996589712,0.35920476591982897,0.05966439143972801,0.19137578910987954,-0.06988763873855013,0.07336155899280875,0.13930524234187555,0.14444665946754556,-0.040175428067600986,0.20041925491356477,0.4999059899828047,0.21050239783099148,0.024726551306359017,0.1401779457365999,-0.0489142648949232,-0.028004846910262768,0.006728326801504711,-0.04014068267451006,0.0464922964363308,0.08655334301790846,0.035719721267722,0.024222629912469533,0.05588356065442867,0.30820703251563764,0.04692846235807786,-0.0736505049831406,-0.16641479814046184,-0.22010752381702492,-0.0026823496022369488,0.13427963980817942,-0.11724902174398628,0.05038168089049218,-0.08330373067873247,0.11654806864387458,0.0622693499583653,0.21917067677151036,-0.08287325360151244,-0.05995041382749719,0.10730372978421056,0.05546422198226058,0.2156539449405695,-0.04569187733182279,0.2643188648034523,0.29973305840883774,-0.08815544162509051,0.15884221367085935,0.18652006542426486,0.04027363268668838,0.4994047009616781,0.2316523334195063,0.27334127629262767,0.48492117010563307,-0.09442563696890209,0.1900295095409158,0.35421946646042907,0.2463381471777035,0.1099954843549688,-0.11573295751129506,0.1641391445319457,-0.029087278557289487,-0.05370339773787786,0.07443277618380265,-0.18366972394977585,0.07113918459442606,0.020743640108508453,-0.20096714169214422,0.05555478413229182,0.2584697630683102,0.016842642647773944,0.1322793640664943,-0.1409609023383125,-0.03259804850256682,0.1401779457365999,0.1401779457365999,0.19872234223950216,0.1384656072862215,-0.07397720331761717,0.07748743737731104,-0.1460301329313122,0.04247509354677794,-0.08271344875832888,-0.20089901756067666,-0.028449848263004163,-0.02661271300423321,-0.014629259709240278,-0.11109065822279264,-0.12709045703893215,-0.006309929437788789,-0.033079744793730215,-0.12510523386205671,0.11933431472322482,0.010691802242829335,-0.1107396430361158,,-0.21265972035047218,-0.08214376717928731,,-0.12617323023009558,-0.05418029369289406,-0.1133014097376037,-0.08489886243583034,-0.0803165275618836,0.05856648580634531,0.1734509291131187,0.8959267453551776,-0.03504389091087732,0.6634791774702214,0.17357462204022298,0.044675866671485036,-0.12105332159645078,-0.10576582080559196,0.42339615532225305,0.11147567995883405,0.05876230957969784,0.05591862545013567,0.12613465966846102,-0.06912959165722901,0.027380249132336124,0.27475427844694933,-0.13043361835627465,0.00703796387171905,0.03968959819488637,-0.05053421842703246,-0.0016313835324172766,-0.001559190064798221,0.028906175964497294,-0.0854206222110517,-0.23506798938331874,-0.04559720870779004,0.3366205046099343,-0.24403396484643783,0.3589267165887988,0.8119019204170048,0.5934768827347636,0.6253300722854248,0.06159996302271458,0.07419940880356533,-0.07911850093311058,-0.018261774791244155,0.2801904025633246,0.03434403648943683,0.15047186411731966,0.1269127582821582,0.26516518217717794,0.15785419514806887,-0.05439081088715643,-0.12480327078466988,0.02252983825248481,-0.4459596925774157,-0.14685924719454016,-0.13762649176721606,-0.033190010079058446,-0.07307134538264878,0.008495578722601947,-0.06138640027657671,-0.16599818256350013,0.11634045522859332,-0.027930079855265626,-0.44107355050622365,0.1734509291131187,0.008690572342644346,-0.12255032614683575,-0.06024909107125305,-0.020437470160721564,0.0190479985447887,-0.01664940706789269,-0.02301876709271262,-0.07911850093311058
-0.020857863352886318,-0.09467583657949737,0.2038012034076018,-0.009337921582635036,0.12284063439749215,0.04658879166657274,0.06511841033170657,0.2303303843370146,0.04015123214433748,-0.0063501148245543905,0.25007278417853257,0.5544542094837447,0.34276443126367095,-0.05170655215313992,-0.04930749975979321,-0.14281462663151642,0.10201701319672643,0.05384335410766429,0.032275650542790045,0.09513687740761054,0.03324572223586881,-0.03926541125419981,0.03689353046310648,0.03294388373998576,0.2581831334060162,-0.0018533830429850295,0.1038007647186565,-0.031123886257279198,,0.14084127367942612,-0.05424022434795213,-0.06103826079002243,0.035625599610009655,-0.14384710543016616,-0.10571594905570506,-0.034674261836236404,-0.07560091667098925,-0.08462370269530434,-0.1175426553040648,-0.11047964367160232,0.35470138600302864,-0.079860913620671,0.1323468726588863,0.002901959019086097,0.015681921658764125,0.12751805052737325,-0.0018493204093478527,0.030308402103708092,0.004570816202547312,0.06080853722431944,0.031463649436302865,0.45277489915862723,0.1398235356485587,-0.028127339779540784,-0.055636453768414196,-0.06942589786647742,-0.04133040735652567,0.22671027376663283,0.2991841671281068,0.39549329765292923,0.20971900255983567,0.09837324054947116,0.45155273207358704,0.395110577686497,0.030590393960240055,0.2844741058735563,0.49359908714793077,0.017261002822153152,0.047304417071936694,-0.06750916565732563,0.11528743000522305,0.026517163474446753,0.117953863085462,0.1003185219617139,0.01979593363927313,0.054677510443103976,0.10246769752874077,0.03891044680015181,-0.08871870686922821,-0.019189671893933752,-0.08444897068921385,0.12428529052480516,0.29628117329844716,0.02199541391760015,0.1730453701354345,0.014722064750375592,-0.038473584524358485,-0.01058133121053484,-0.025715872782015994,-0.06037752538628785,-0.040156851240413634,-0.0482662113039448,-0.05899333055017395,-0.07127881273709258,-0.004530051413879186,-0.13734922754559112,-0.06922752213006717,-0.04370788944383818,-0.12885350662696268,-0.02687182911149476,0.0330193283734972,-0.06719354701579806,-0.06093392848479866,0.06591534472175412,-0.0706679178040938,0.010365370381097708,0.08947004086020582,-0.009122426577697837,0.16335704319597322,0.023496712279902382,-0.13373180260190248,0.020136968062151303,-0.1480751654165575,0.12147980542677869,-0.0332003703893985,0.12233189573644587,0.8064872230898936,0.6382047454244956,0.8368020062510526,-0.013795965162178266,0.06525441732741778,0.09664668956686351,-0.008595180666643281,-0.042181185020057285,-0.03699808743695582,0.07492025096455698,-0.025479279364583576,0.14479447654848135,-0.09657203901616374,0.041652919923870754,-0.04798762503693255,-0.0009221323624515378,-0.014817394961680988,-0.12319469320674772,0.01487156207392819,0.015527544381610487,0.005690778574960154,0.05475083247791881,0.1261515672881617,-0.02882302382087197,-0.12367993240782708,-0.017512469252608007,0.6398588216602271,0.44741408427567697,0.8812470911893968,0.5498373994967061,0.7304815678254261,-0.05173504891755214,0.2085607037513812,0.1899174655171523,0.2677295031841664,0.06084135390139347,-0.023888304508473797,0.2871075265438687,0.30835167987106,0.5508650631616926,0.012651599476335087,-0.02006828115471109,-0.16478766146511872,-0.007298239416478846,-0.0159768629554152,-0.032079567112848664,0.2329383819291905,0.012991569586327476,-0.010799251482700065,-0.0160609647390029,0.023521356569373052,-0.14531030451717108,0.06103710935539695,0.198781515647442,0.12627890209877254,-0.0044028108767663445,0.0183575770793732,-0.21751053909804804,0.009549804285065607,-0.015050848387865448,0.04783589899517712,0.10490246489115816,0.0035537951397266437
-0.04638769876412935,-0.06611822190488024,0.06416548858483176,0.09008383550439188,-0.1357739216046047,0.007394422934063035,0.38775689000129454,0.06936404512495838,-0.09882352473416035,-0.11395671813187569,0.32296926498899453,0.4430352541981819,0.478759699644343,-0.30458009434519523,-0.012705722364852118,-0.20543140900597898,0.16335845650851671,0.34320923887976523,0.08384088616263949,-0.14172145142303494,0.1401779457365999,0.18146615137811165,0.06315628754408126,0.1401779457365999,0.14136412742403667,-0.0031693797748173417,-0.0037521239341086012,-0.07288207182742583,,-0.026521150197408,0.2493748254486432,0.08979472417613449,0.10716663739561699,0.03456515564397721,0.09461971231686919,0.04477611435167804,-0.027053395007142905,-0.04624594707055585,-0.021868115845656552,0.013909889568024315,0.10128728599973824,0.1401779457365999,-0.10806174258729648,-0.07716601347957545,-0.026999261971862854,0.007014116419003574,0.030243512772217738,-0.11133791707294245,-0.05573989415069063,-0.11138092314799436,0.026266613511790368,0.17754119736171411,-0.10825836712592574,-0.09541267805108689,0.20582352600684,-0.04872721003451669,0.13768807880589304,0.35598577922934665,-0.0028170844867207914,0.1401779457365999,0.05283137029924109,0.1333180741085657,0.5065995835419523,0.06972777499963694,-0.09623384474988084,0.02914726641013698,0.10062972800253914,-0.06689817030270555,0.1401779457365999,0.037169207633687314,0.019502763589244798,0.13418512764662416,0.11613021408383983,0.11877484044505188,-0.0304034399883557,0.21866595459994928,0.5398382552438502,0.024381992618074975,-0.11997701730844418,-0.04685470712580997,-0.017600655450859815,0.06284227748305816,-0.21050390643762792,0.09496158976380148,0.010468014810684639,-0.047983838041897486,-0.10856547529235745,-0.05218851378680569,-0.03485665143473249,0.12562661054271934,0.11737889981469847,0.10012691690731183,0.011383323437230485,0.1401779457365999,0.07433126786897655,-0.13263543189296817,0.017857177291369455,0.1734509291131187,-0.14855022959251113,-0.10179995244470129,-0.24537253558721034,-0.10619990275916566,0.19570416103998234,0.09404488412637814,0.08693031185757676,0.3150644486298791,0.17780148062382337,-0.28256463932110876,-0.034190768753500786,-0.0015897439676050994,0.06530732969622949,-0.19825559979609622,0.04403560901085095,-0.059462315667696615,0.04760130140508641,0.7990193605969875,0.07940333123927569,0.7323802454651608,0.11687292250109087,0.0161849332332113,-0.03442127399068039,-0.15221485789074987,0.0534823032638892,0.15867167393168122,0.12250064224862094,-0.001021739575829361,0.18312915179629863,0.1734509291131187,0.3978165122717003,0.1734509291131187,0.03502380811938227,0.15832687435737078,-0.004277845608658115,0.07807542826478772,0.14307863549317174,-0.06466222111673782,-0.05922355142960818,-0.019791583771982615,0.06446365189739749,-0.07129190089602733,0.11451726456118191,-0.02117893561752901,0.5911185232341877,0.5654039302208612,0.3037680782684498,0.46079457625893977,0.05381794996406046,0.039837167479818844,0.1734509291131187,0.01302948361867592,0.5114274844027478,0.2332933886103865,-0.015723578154880295,0.2118903506727039,0.245456065714786,0.18764903467406843,-0.24403396484643783,0.05591862545013567,0.0032883794736314324,0.12744541206051363,-0.0466432777210639,-0.145081542811525,0.12519739897986834,0.1734509291131187,0.4826690576408967,0.1461678282732209,-0.04775341362321645,-0.10385719173239706,0.02140881484145666,0.04346170710265295,-0.1329358081349311,-0.12260215455714647,0.09481765663796542,-0.07525066823384641,0.3222823872164469,0.08209143288032873,0.19026665810160023,0.02844448877527694,0.031158443433029908
0.018025553883714625,-0.0031023390595824674,0.18198288260360218,-0.0031629533399186844,-0.09183152015354173,0.060917882553554556,-0.004121190578734378,0.24387025938571735,-0.10004616321564216,0.23030516061959663,0.6355794171204523,0.39809714304621924,0.4515746140853003,-0.08775373549029923,-0.0410507868752629,-0.09305419481987348,-0.05353758275997917,-0.0035630720198194655,-0.06480954865879862,0.05880844704937068,0.11278303112387092,0.4174766099090567,0.11984802107603444,-0.04885424715663735,-0.05679150695263404,-0.15581198238611044,-0.002559412509011255,-0.03233136113622102,-0.1604364920930928,0.0628648504686116,-0.02806324603904162,-0.029233165636600666,0.16615629033666887,0.05391601088509903,0.08112210631949134,-0.08975453014566925,-0.05694533187591404,0.04058440956890639,-0.1149596659899491,0.04966643828746033,0.06906759421077019,-0.05023816145680561,0.08041169064837916,-0.046329864429772674,0.10121501490882787,-0.024414270661903423,-0.01894356649481923,0.12708297960563888,0.05052050106551037,-0.009017657834595695,0.08121308816054341,0.09621274695946824,-0.069904871012468,-0.07327335518945,-0.003565262962583469,-0.2534357717024628,0.019044224854765073,0.39814262095437686,0.16732847950828308,0.4906610900865086,0.300024688059782,0.4143985286757955,0.33022787993242264,0.013449465478773756,0.0033643560494922183,0.10612377859920115,0.03348591137366215,-0.05193730185376441,0.04317166369203734,-0.09597266182728396,0.1796603423984032,0.10874746471947874,0.12457384835850459,0.0363989897254487,-0.0841703298502286,-0.0015793695073615837,0.1712222212129769,-0.11013790276619809,-0.03627845561118498,0.030704474959247097,0.049757755633468036,-0.09447923025341273,-0.012744095965399237,0.02472869546445193,-0.09477028565122574,0.09917013550592065,-0.044940725866784194,-0.01020876819333293,-0.03313736724799673,-0.06743134395820126,0.33477625733136,-0.06416243960970587,-0.0480316766135499,0.0012736005748062327,0.01684319281960565,0.04428496688001764,0.045892034096675395,0.001463691688271587,0.021970646849537236,-0.00747445920828091,0.10690537565193217,-0.07715487246279809,0.002844145493396414,-0.025160406544252136,0.05937891706492077,0.005626487980166342,-0.0826958524098669,-0.051948992300246806,0.08033804137923216,-0.09360411435862086,-0.05453880248631941,0.09266948339043214,0.010804526329462912,0.10263195275074694,0.18502145878746662,0.7430689476514748,0.01795966311466696,0.6835554801281271,0.05715922472123812,0.010892209871731175,0.2364526870547191,0.07519907344341842,-0.06961521106387022,-0.04436007057973918,0.029331223656221234,-0.04379862578956612,0.10591400957775643,0.09400903120740155,-0.02232010702279983,0.009843635279134655,-0.008116832066161107,0.0013684990737599899,0.07712760426929242,-0.011502197029318897,-0.0012811055428851674,0.009583123837006012,-0.012712710050637252,0.0036296449862037268,0.07229483274961963,0.0728051417439209,-0.06255844144503024,0.02456771903803821,0.737052542474794,0.7011895715124393,0.16600588610163367,0.29749926055122594,0.07435428344754978,0.13250257772637444,0.06782243305169586,-0.04542323359060691,0.5967065963353345,0.09118237564599763,0.021862176430291008,0.04972083862247934,0.025712025611751253,-0.05360487763908836,-0.08034746187489375,0.025364352522199023,0.15841593224090286,0.03836555024585765,0.021265854589049393,0.005478740111226267,0.05526041638330541,-0.08222200709518397,0.054607100994776475,-0.0391834652277726,0.05714370819192082,-0.009367303014455278,0.044773116690859815,0.1854700466068022,-0.04412373644509219,0.09570340083797754,0.008532810638930426,-0.09628280542369541,-0.01754202928747703,0.07830286811735389,-0.05149039295057408,-0.012909390608655735,-0.09342528024738742
0.008216123675936046,0.032643149467166,0.0291382856321636,0.03326873716111348,-0.10732060914842662,0.10101847178702296,0.20489718633469636,-0.08740213583199635,0.3584926883186663,-0.07287019304135227,0.5278902826144316,0.27433266777000626,0.019371663914199,0.05281620372535009,0.27403962607589977,-0.01972540036842371,-0.04756604520116227,-0.11863636199038777,0.05843198332551248,0.025958698299128224,-0.007479731889426598,0.389236092673428,0.06960997427581164,0.07778519057140272,0.004121413274357968,0.02329598532618381,0.21819195166235336,0.09180640240865513,-0.013555016214381061,-0.0033551148804833843,0.03575244310742783,0.10384153804768574,0.1305833621704652,0.01694587762690011,-0.04810281538137122,-0.054593899375513996,-0.09849918199449,0.029035404931624886,-0.06836633183725746,-0.03816607676415761,-0.008369181110389378,-0.01710237483461069,0.002054149968640045,0.009989410127460414,-0.014929333346669484,0.03801345304986341,-0.043823873414939145,-0.0351118621233215,-0.05514878263403581,-0.031988724646457675,-0.05671743306926396,0.2049610346827598,-0.017875987380479758,0.2217807499307535,0.0872585443190179,-0.09540365056286211,0.01613481138463552,0.4427151866713037,0.22002126646291925,0.4911618706913987,0.03737282088412403,0.005567416856280878,0.45562408404227134,0.03574547231184352,-0.003769151760281592,0.0921169203064568,0.23081453532462504,0.09030774137472657,-0.06324879585241354,-0.041374583682619905,-0.09140663379283444,0.08112810364625854,0.11278726444730748,-0.020218749359933234,0.018384135981690964,0.08032230981114044,-0.014106260714577773,0.0469288971029427,0.009723060814141819,0.0693844955964085,0.004327359352085918,-0.05391161198095878,0.0765810988158375,-0.022839492023195494,0.06727231545329088,-0.06832321569209465,-0.056222370505997384,0.059029790998629,-0.03004990664115595,-0.0189484535694386,-0.020437407843994084,0.049583688100788184,-0.07671473401223494,-0.037733017489482636,-0.0671998590627972,0.08684578859183657,-0.09515132153421157,0.07837724869907074,0.1137251241504965,-0.05998777782655648,-0.03807258031138704,-0.054613597603411924,0.004307738083942257,0.01767803561091525,0.14762156584090325,-0.07319920107847547,0.06929298637160593,0.050805717823375195,-0.028956634813638672,0.06462280599254473,0.01451400501947453,0.023404882097165694,-0.008390045807507476,-0.02949315457125527,0.21758328292058676,0.891686576989583,0.0477743898820228,0.7657705239622241,0.28205677092210735,-0.06686285055093238,0.05330141361683533,-0.03535918100778433,0.063762159237642,0.03218747634224149,0.055958812423279776,0.03342378403673661,0.014706952021598732,0.03704203260538539,-0.07273099479624182,0.14140711852702073,0.03697295442809663,-0.0008159221679530735,0.09535936957510265,0.034032213463019316,0.0213532020535269,-0.04410465881723458,-0.03824837561434487,0.04545973886836103,0.0916940522776323,0.09514162723228264,0.07344950277829847,0.05704097851995943,0.12292807008650034,0.07180461606486711,0.5556123998351766,0.4462842504912015,0.15486286630057242,-0.034955171301738475,0.09263816753192906,-0.022393625994367727,0.2838876377458674,-0.047354555849799314,-0.15120972047454842,0.004482541727413845,0.3029722383016264,0.10173552731725022,0.0483923557903275,0.0911210790472806,0.02889969255470538,0.04308806903529766,0.027874830207406196,0.041197542784374104,0.04305361717079221,-0.04914422777279979,0.05875478148707522,0.08685825675520253,-0.010553889685442167,-0.05196699491618293,0.0574510887682625,-0.00881895149619111,0.044685940698329214,-0.05616581060971615,0.01927287653335084,0.02104284385676725,0.023448646600572897,-0.044665559288080796,-0.007423256359507224,0.024432565828495505,0.04712501184012221
0.012620177527110614,0.004199182191148235,0.13678376252364158,0.061631164026109526,-0.02875332644082619,0.0964672574090912,0.21291831649607304,-0.08669810945603301,-0.04317074043984089,-0.003075594648404301,0.4254998976605046,0.40197219508022847,0.14662975760790495,-0.11739853294862065,0.18053438680316158,0.21025612559535925,-0.01668408495605016,-0.06516015665128651,0.01052746995248533,0.1544191509526379,0.13833686846802504,0.33754863301648225,-0.004550058317984046,0.09230292742592393,0.07653073271424764,-0.04398593826178325,0.06550115258272533,-0.020401903629753203,-0.08003262068963718,0.0209239303076717,0.05948873671468029,0.12065489319257894,0.1182322172205665,0.05434701895835241,0.07300895501517561,-0.06941573822468612,-0.07743878494866652,0.17014658978028896,-0.0565780086835575,0.027468984255096546,0.08617254035926968,-0.10114797746952006,0.06130668803969515,-0.11519277871896154,-0.10705057480068414,0.047777541477602534,-0.025584087324689704,-0.022266242700315797,0.054290656678590246,-0.09365784309969195,0.041227343314615264,0.22097763590152408,0.019731528533790316,0.07156355217843655,0.030186683047164643,-0.07500346373018882,0.06235728213247418,0.4049473503519204,0.1347770036850097,0.47811500291297104,0.17367106785283112,-0.089737166097034,0.24352802678010502,-0.0007831534864733997,-0.04243147015921857,0.1492683363067121,0.10157949660527404,-0.029276076554401932,0.011879784875109895,0.010502575510536667,0.16475298160530788,-0.21492362401476006,0.04787337659130491,-0.0876522532475894,-0.01754146367716391,0.20986739142968533,-0.14054653561241062,-0.08598071214068992,-0.19832015503294387,-0.07484652932111875,-0.05602704775904883,0.05828786320359275,-0.0045720647839431515,0.044190413322999854,0.007296351904733863,0.10610720656469037,-0.06417273580222468,-0.06915585875398848,-0.0957354174519096,0.009621734724883804,-0.05502024714869497,-0.045249640329398426,0.02626421661144918,0.015513657529465213,-0.03581694330174391,0.0035359259342616282,-0.08816594297449112,0.18750388415745786,-0.028568318825508452,0.06378637232064889,-0.14437648355167257,0.028084259400612255,-0.03556678462263309,0.017449682735613748,-0.007025629174034197,-0.045024941389017775,0.01853431379505736,0.0021179667549134844,-0.04799002848276005,0.03274010058985365,0.09386843276367789,0.1593332283346396,0.007992304494439264,0.043702049803397085,0.33495040020971045,0.9379827130409644,0.0109851660841221,0.7728831601176498,0.20825431334006453,0.07436451061610286,0.06563046992951403,0.11990065621855912,0.020658849969247422,0.04110207645921435,-0.005538017810554566,-0.061418374586917214,0.09418647115697235,-0.09008467885371736,0.03646668683676724,-0.004244915976345521,0.05363643670020684,0.10316775863746275,0.009411897496560446,-0.03137770451691638,0.073003617554365,0.07011539445375381,-0.003284769758321404,-0.06867981101011698,0.057406864500368956,-0.03038715885129903,0.0161379820716943,-0.03227935985217229,0.11557093349435583,0.3251662743343997,0.5028617709239633,0.5185413017809671,0.025038193853859296,-0.06447897796393123,0.07600846466111154,0.30631529175277705,-0.017662334982682926,-0.09269602480160609,-0.1219052889322816,0.0022872458575529464,0.37785889669550865,0.19961899370026553,0.0004466865260443707,-0.05844310642545774,-0.06818066225667238,0.12684404623136614,0.1368452311816859,0.018833516619409126,-0.031821439869514766,-0.09396555929030664,0.01825832355043839,0.013055460112338647,-0.06505979120974197,-0.05344371975980677,0.09544346927521043,-0.07413478339518031,-0.035235323845319015,0.02017923060771129,-0.09951152132345738,-0.04426641092456886,0.01041293156465098,0.07387721924986346,-0.047615861880563666,0.18895339823956342,-0.11821714810603834
0.025391540787884425,0.08264867257121769,0.0019546877609870716,-0.07775736201951311,-0.06634889559257734,-0.012288631149002997,0.11234834256160203,0.1067697523647043,-0.10438367975219492,-0.0463683703724764,0.3991429399839239,0.5311546499391049,0.10178184240709463,-0.06555264045531445,-0.10023596730095125,-0.11145000562923368,0.1506692274224212,-0.07293683308871407,0.027386605539273468,0.052034232069025056,0.0336396972281354,0.013344713947272718,0.10385812748432942,0.06618064417796067,0.07238545186618066,-0.008873459133606163,0.17489869005100994,0.0857494448542626,-0.07051483189529986,0.031644831463084167,0.019340399001355,0.052900751286017095,0.0007302783400592597,-0.03823051951075792,0.06477821037190336,-0.013647737132700493,-0.02113258770646412,0.08017373262062048,-0.11489709283632844,-0.07846443452550499,0.07621405825795569,-0.09672456650824876,0.09226868528120832,0.04829202226483777,-0.06941816727193216,0.04765617864094676,-0.03705719734192616,0.07096627342676703,0.08097743938515016,-0.1409452426861727,-0.07800629785417484,0.022586983218058427,-0.09153611265095812,-0.02761101755687278,-0.016127145718355516,-0.07601681095450336,-0.20551982623920065,0.03541089362904747,0.10084987393315177,0.5580402912298541,0.1228717758255908,-0.021398265845535336,0.1328205622627719,-0.02467568560256619,0.06234406156246676,-0.08130164531158106,0.108626653776195,0.01633861358070326,-0.12220983250658106,0.050945880693604194,-0.13338319175565447,0.1499827095423468,-0.07196904275586452,0.12364309309980388,0.014047967112798605,0.4284723764627398,0.132344108115216,-0.05315940385936845,-0.2526318254797494,0.10587231416347422,0.003960455729670261,0.20391365456110538,0.09767096345087706,-0.07656722620454574,-0.05563455488284394,-0.0012845414818852053,0.025144779400225484,-0.03876311166075129,0.0823072425772437,-0.014988993510369768,0.01680671265650966,-0.03178976982567255,0.08478226961573669,-0.06585725459402168,0.014398258857235082,-0.08245472613603243,0.09989594229725673,0.016949449840749177,-0.046898828212701756,-0.06689329050533144,-0.04697843970030669,0.061730034270213334,0.09461765850134042,0.1373853131391197,-0.08071362467367052,-0.007963937585903403,-0.008071342466891434,0.04846296665832364,-0.08391933649210352,0.06329707662099175,0.14529982394776628,0.0016138991100688434,0.000842844451596964,0.054685398821541165,1.0517054793649814,0.8637159750737327,-0.0025321402236588813,0.6721466477817704,0.14369390079765812,0.06298270424148256,-0.07281485956163239,0.18473394437139312,0.009649932160638681,0.03832045443459872,-0.11386235074849835,-0.04912440466633803,-0.08105212766261652,-0.08043891758698705,0.03681009254383962,0.0738294445378012,-0.08385507383241612,-0.11172889582839793,0.10574323684045454,0.0019386977759342948,-0.004175830613563584,-0.019103162593416063,-0.0337279579776322,0.10813869161365289,0.017880320790908483,0.010499664454600844,0.010800650382018237,0.22199207593904774,0.15826347271162833,0.3475331578374445,0.5583016122557017,0.20631499242595705,0.0043074546958775,0.1806049856059488,-0.1323926336580328,0.20476991697936778,0.055269981594564414,-0.02318350578663542,0.023687690589468145,0.032819926858879946,0.36137764114527077,-0.004495348861135117,-0.09446180833613331,-0.043746259341979836,0.030006845179744387,-0.06536082510574359,-0.04978193754216416,0.052065654179460824,-0.09581006339290717,-0.11363285619621141,0.09599593039023631,0.010433035357630994,0.15632937984363868,-0.09824797495496411,0.04682890228743162,0.015280162940673638,-0.10713567801562592,0.04728800021285051,-0.08544648652558771,0.13776823147557976,0.13041231943173542,0.03491106604962592,0.01993619990418775,0.05070689173720956,-0.08458863965154427
-0.06110625963857255,-0.03419979021909134,0.18415510996855927,0.09712169285874601,0.4636705980859675,-0.021410003068810635,0.29192586572509555,0.016050956766805662,0.1738688268101342,-0.07251118382435781,0.4026864193119917,0.31383244545209554,0.46294895218664905,-0.09058764325838685,-0.28682165238058505,-0.14758273321933943,0.03564817373920578,0.2987041229617833,-0.17041458681726854,0.13563963963769898,0.35183803065186503,0.025890710118386347,0.02106245807854635,-0.07124206401998674,-0.04866667915057087,-0.05819429536423598,0.17973092347334524,-0.0909439917421673,-0.07082379450634667,0.20164587595920827,0.008777795793800013,0.1051856574715527,-0.006272828289662896,-0.12948931975564767,0.207282795400393,-0.048364787512883756,-0.047460907212440076,-0.1563863573083075,0.09992885454263623,0.0020791459459200048,-0.1270387141651552,-0.13881182732845196,0.08002009331755655,-0.03911214963209328,0.3309345737424538,-0.06184273234716147,-0.06397297519295711,0.025316251844027245,-0.02310708109355813,-0.019658524450987105,0.08520590832434966,0.13657421435303996,-0.10704535930851551,0.07865124976901919,0.04487448551769271,-0.1867994633496115,0.054389689766133,0.07777128804336675,0.05255766057524122,0.5201585714682356,0.282665730917556,0.6521841644860134,0.39657353722944955,0.2694152918596975,-0.1515194216937154,-0.02720902467458144,0.09825318461372953,0.12015368087607176,-0.13253180361688588,-0.05955583531261316,0.17865919003182398,-0.056614215089301895,-0.12496904021874164,-0.0632487309775667,-0.22289073334632137,0.1923219657301018,-0.031090894821713733,0.13766986789055605,-0.0282495019357285,0.02216854641180609,0.06647817817316751,0.22832657066362066,0.14425682248435262,0.31686761262587054,0.06040139163261076,0.009259444000384602,0.006985571342624077,-0.01658427217207889,-0.0613407055021906,-0.1796544678251581,0.021056652121445113,-0.0884303704548021,-0.05250261609939173,0.1768270390824049,0.005940048525877011,-0.07820128144183876,0.04211862625144289,0.17949823461278924,-0.030195522367418553,-0.08209539649508932,-0.0701267056020661,-0.054172678172942884,-0.1383655145858297,-0.023125949927698567,-0.03413845251753012,0.0053809525754895705,0.01769891833037443,-0.09946648339800003,0.06803421505956175,0.034255941786845226,0.12819616157564837,-0.19090009629658908,0.20957032808718784,0.3901923344666694,-0.1350118277143287,0.9149117571678865,0.024874908956251506,0.6021969655081584,0.05824595376043127,-0.0029566426084348856,-0.057780890611498596,0.04380303584070956,-0.04850168260041853,0.06503629606335175,-0.3130341741363238,0.11567861060909083,0.08032158150381834,0.2487591954430413,0.21168542733724607,0.010875627378794588,-0.1081983313201337,-0.05335249330915763,0.0004917923495701142,0.04292675840121687,-0.19767045830777863,0.026894438912024258,0.04457976422977096,-0.2449947106364549,0.018342624020211366,0.023321350441497826,-0.010980260841089351,-0.03542770755978307,0.6095987384023912,0.7297764049724254,-0.038521996036203696,0.33665631102788146,-0.11100474577678777,0.3024706880983291,0.1272831578634867,0.011514322995502896,0.9975217795731722,0.13857404580489394,0.12901279913218933,0.46784561291793453,0.11367774132097831,-0.019744159549054358,0.16216829139795988,0.22821716120299992,0.013773287592533101,0.04117754849460847,0.09110409055151829,0.23698410473112871,-0.12072781310398736,0.14621452793969944,-0.06802848122645763,-0.050818028187088304,-0.07656661184828287,-0.01567375882853995,0.01994828665665056,0.02705136004451086,0.04760874463893694,-0.06807594957046716,-0.13600943977468433,0.049196803274556014,0.17598115641395698,0.14405050409448153,0.09143649166434607,0.17485529207996395,-0.11285706194851558
-0.06966251141005124,-0.011832352747975472,0.059008002664706106,0.030743047073611085,0.13378196511466095,0.13245315620536066,0.14659439492615997,-0.1317887880938307,-0.19403840979280507,0.050516178814334074,0.38299022881824196,0.3903093567955722,0.39696278056727957,-0.17680780363741005,-0.15822492704838537,-0.017979059428806093,-0.14254703218206996,0.2807661124913065,-0.17226723571519711,-0.12929567257466287,0.11607767074807011,-0.06906534573020971,-0.0015546380472518189,-0.009238273943075324,0.029517884692742188,-0.16641479814046184,-0.026105083488934023,-0.11709895788692555,-0.04912603437418043,-0.06483964443597488,0.1401779457365999,0.14358628014038305,0.07854147005967603,-0.13094541342308819,0.3660587200592544,-0.03828901543112812,-0.027376432398437883,0.0173846912765869,0.1401779457365999,-0.1929091712037583,-0.09812258386966552,0.12980840986730965,0.09568427244612461,0.0637871550564592,-0.1491433735023415,-0.017700661291302957,-0.1493029032152204,-0.05118315819887465,-0.12599170533016268,-0.007989659592197558,-0.0754559838933221,0.10735526014251223,0.15065581089324623,0.027467395150276477,0.13266552131589923,-0.10480356879522224,0.3470738078733763,0.07860862727859591,0.18862524475924597,0.6012886343438264,0.3351435600215619,0.5986249660318456,0.1401779457365999,0.006682424372849381,0.216195720332799,0.05966439143972801,0.14247467029625,-0.11266131833469566,-0.04215358442473918,0.1401779457365999,-0.12356391245659257,0.08362412184529451,-0.029515930172007498,-0.13330152864169936,-0.10382422805137748,0.2816208104856897,0.09186007488381126,,0.15796943268053132,0.569797809337865,0.23696602734997843,0.05004011150441285,0.1549631430233777,0.13685439383031917,0.04574403079727264,-0.02474833742334006,0.16560606359340488,0.013596954133577222,-0.00942769849354812,-0.02819266101597983,-0.004701202805431893,-0.028210241923367158,0.0020791459459200048,0.04030015564709419,0.1401779457365999,-0.0611261346079705,0.010911197612349235,0.20828748142072273,-0.0662382303673679,0.05074673774173285,-0.08769460214832336,0.2673019255355496,0.04526289638818687,0.004882592194319694,-0.040591215339429464,0.1130549364881679,0.08912297412240301,0.007806941077959729,-0.014278540326796785,-0.21898653141300198,0.08305544319934065,0.08868853030995928,0.415924515302331,0.43091702750819316,-0.06028241872865471,0.9327399976124481,-0.007908296091806523,0.6707894421636186,0.14750362604549824,0.13041218129979945,0.02393905388058993,0.2461693069846546,-0.00982779965752256,0.11805731317827595,0.07989150664290379,0.06134435435850374,-0.17119922311912045,-0.14142567460659125,-0.06317807034660634,0.027981461132763803,-0.026203891489326125,0.31153965542756795,0.42909403853576705,-0.04694494324148192,0.06299383812172198,0.1734509291131187,-0.14864949805362987,0.24971116859478393,0.0134046411700176,0.1734509291131187,0.16170392657902175,0.07843504939563993,0.6995137303438146,0.932367837742626,0.2899525254110338,0.16571779400190764,0.12317937048348256,0.18550015671655887,0.013597780006106758,0.2505078302503196,0.2818013018246621,0.2158990566561223,0.18066568381930756,0.551953676880872,0.04707450347428308,0.1734509291131187,0.011290056431637559,0.18906469538806375,-0.030637934968801697,0.05591862545013567,-0.10444997668775334,-0.05734148974035948,-0.1753566952973204,-0.2770715083307269,0.2931666586250157,-0.0319191517717062,-0.20552828544548538,0.14967500485302646,0.15723976885832466,-0.1804137422293171,0.011267947416448513,-0.025321273714863788,0.19705759016465316,0.14200561247051935,0.010576483071958973,0.0020721558841285707,-0.09613210049596603,-0.11515096552856922,-0.17338527772535822
-0.14085796565242517,0.019138517391163453,-0.026231251886453272,0.043119077231022596,-0.12983913416919404,0.24561783560587416,0.24588282163670513,0.14498863764091274,0.09008383550439188,0.1548669393480578,-0.07018398111126337,-0.20584082920368693,-0.04666554038352373,-0.1333186156821241,-0.220216004020182,-0.03145308447173054,-0.16641479814046184,0.047723829186994214,-0.17541171666120145,-0.22675450154232138,0.06495359725005255,0.030247309464453306,0.026974844511611463,-0.0642590826934002,-0.09356585948811676,-0.1375613117634412,-0.024015542624275712,0.013334955511861738,0.11979933982482639,0.10699098212279962,0.0792992547644679,-0.14515039133666569,-0.11008848912484559,0.0868292542237483,-0.018910482542394573,-0.13471181332191762,-0.1429920642537648,0.08264664375997544,-0.14787589537373289,-0.11093689067023418,-0.008864992577936664,0.00484795536727626,-0.033224293758646356,-0.0639369650216441,-0.05654479062386316,0.01659675097578122,0.02819036179202431,-0.08680231815173611,-0.026008243036095287,-0.09555971879350621,-0.09255449474494037,0.01849818933203874,-0.22680435010643993,0.1852397462813171,-0.22550273769056778,-0.03277617367614978,-0.08557745228056476,0.01388595770824781,-0.1268930602361942,-0.029385636981404572,0.09038190599945574,-0.10320485223222245,-0.10382422805137748,-0.10869510015694092,0.08595597471425671,-0.08962174166519074,-0.11824863546844955,-0.07338099002966966,0.21032778352012477,0.04364605467237422,-0.17435763898667103,-0.041784420337200014,-0.1326408455188302,-0.19174930644567648,-0.05562714601811181,0.06311934661152695,-0.08019777080117434,-0.2856672183798621,,-0.03921616479404112,-0.10438523836704468,-0.4181841493428199,0.20798399209459478,-0.05009321041014715,-0.12929567257466287,0.011127817588167124,0.042155538945473886,0.07830777478146307,0.027802421380063776,-0.08714060832310018,-0.07174976673000825,-0.07108283889846173,-0.10869510015694092,-0.08089608935231406,0.047038303520057195,-0.111155936918817,-0.08986602807680819,-0.14018992710967162,0.144297584390459,-0.09780722682374603,-0.20705571825333388,-0.3630052067035421,-0.11172331661491196,-0.013263175108685635,-0.13131355821141116,-0.16763058187768964,-0.11487059935454391,-0.06302640121179874,-0.07343326759021043,-0.05790674004930389,-0.19656359575688678,-0.3630052067035421,-0.10229374519081802,-0.0483968819529989,0.10556225614553667,0.004509543880130777,-0.17075297416344673,0.025247734143334904,0.0077114817741842975,-0.02338438337235552,0.18379061991993817,-0.0014597832442019777,0.1427983070805252,-0.0651073055611558,-0.13945599937571684,0.10054719446863376,-0.11121134034417063,0.04688082323020024,-0.13196105116412307,0.12857201485641215,-0.00930731366019286,-0.08004845155597902,0.14773495817643278,-0.06609570293399976,-0.16767586285240496,-0.06762224200799455,-0.020650630467235868,-0.02470239137703659,-0.11007455062294146,0.05416040699775313,0.11342699486787643,-0.2762265319700466,-0.12578430953920225,0.02314872059031204,-0.23506798938331874,0.14284306555601226,-0.19490132801577803,0.050448147125325436,0.06494325211599188,0.00521567828532176,0.01605458942734603,0.1958284331853084,-0.2810931193002371,0.12476882392502837,-0.11461799074544834,-0.02776255139779816,0.06873666375088273,-0.016328524737677694,0.007471166314592025,-0.14394529030230382,0.018123764718514908,0.08435500860448078,0.020944566168950074,0.018162040496019688,-0.21954135125767893,0.05679512000509244,0.08244245906625003,-0.07526966107631113,-0.034639694028806796,-0.10179995244470129,-0.18371203984800644,-0.03830935291683961,-0.1472825994128001,-0.16200666522294738,0.05163240748151334,0.125130819604666,-0.025421986911262434,-0.06228565559729686,0.06214677570828263
