0.0037687984366602265,0.0006650176444434295,-0.053630522972484294,-0.08366730112251779,-0.03375120375784551,-0.07693525901046638,0.028155752218313394,0.0952088101765333,0.1675738449499371,0.028929215446767235,0.2758026592903559,0.1118374240767801,0.14643875110522966,0.027325365853151935,0.28977121426826336,-0.1941767021243223,-0.007196059556223173,0.005331577625844605,0.10440903558893748,0.04252585328507612,0.06619005399199267,0.08932713714201763,-0.23028879283789094,-0.0034059191151175256,-0.05631439735120406,-0.08622634883198543,0.07454067691575825,-0.02349547000922556,-0.061991259543976045,-0.16004164218574865,-0.017175732127431696,-0.1631239983002899,-0.03259692530862309,-0.25985576894372514,-0.056767523815754554,-0.009805767331670275,-0.2550246323512024,-0.03384255137355881,-0.03557664935727002,-0.03511333442653825,-0.045013346590030374,-0.1394691069085944,-0.010879169649279473,0.03529038619943298,0.09983265118547778,0.07290490865402952,-0.033769017963532336,0.009467412995880936,0.07491772537716394,-0.06606230841631022,-0.041430276103480594,0.04317547555894079,0.04491637690734284,0.03376718467619526,-0.00796121224180889,0.06045511696842392,0.043866382080925644,0.0934811078247233,-0.022971316644796024,0.32580022187917096,0.09264854147107864,-0.19486845889872695,-0.10138777623269599,-0.04369496716768693,-0.057184140633466905,-0.04141239456118432,0.05111804098373848,-0.0854365716181649,-0.02470304125255502,0.2164454804152421,0.02856728146690358,0.07585190472832129,0.018102139080769856,-0.03923533295082154,-0.007153619842671479,0.042118977980397765,0.058978828475686494,-0.0636876673708219,-0.0529387289982105,0.030785965358823587,0.010759455453567003,0.012609317426251376,0.14580563551055792,0.06732173302063738,-0.18605837112128557,0.03679992922698971,0.04055781336936906,-0.126012812454155,0.12400933687690871,-0.04510599037375481,0.0418626236798874,0.08887928652841262,0.017411126129017587,-0.11229492219472972,0.07090511065011378,-0.07838803422023531,-0.0928370270705882,0.10288177860616587,-0.07071277993692118,0.11383943426049141,0.11730353699300335,-0.040676291179266,-0.020221009674827085,0.04262305735326776,-0.03217541245398843,-0.10461159857298986,0.11002434079001126,0.10168587495274299,-0.01607929908054279,0.12043360377020974,-0.015495361840910452,-0.5910786420919056,-0.018418486030966647,0.0019954478310767083,0.08888702017850804,0.5001084209762545,-0.02140607418941473,0.47569690398542164,0.19323632426309634,0.1317846604803905,-0.007210948465966867,0.021071951247986963,-0.08589688928960076,-0.004684555152637078,-0.01606280741762673,-0.04094923875187175,-0.061821118522648544,-0.037624995263611585,0.01840239275650374,0.060112856769765556,0.02616176729427004,0.05286843945404115,0.022444674776844403,0.10337987069644917,0.010361502819871842,0.2564888584620074,-0.06542438449038991,-0.135219677274451,-0.10342619261789174,0.007596606469281795,-0.15172283733545472,-0.17099965886515203,-0.12652798546129593,0.15536813227784912,0.02433111178719143,-0.11756010220544078,-0.02941252807255397,-0.08027331139520899,0.19505413382784145,-0.050722317670909886,0.01888617398796695,0.0338954177841423,0.004320680767659422,-0.015051630017629998,0.14568020635121576,-0.24232783415037157,0.004609229134760113,-0.21174261267820316,-0.11795464054685237
-0.09569900728682641,0.01049956604713535,-0.053377418836585845,0.023699917741347082,-0.13155224242816882,0.021609918239208926,0.12138871141373238,-0.045788466416552896,-0.01222255708382587,-0.08934563874545365,0.4049219792566163,0.26552433850835816,0.17152513960342775,-0.03159089370179546,0.2971233856562334,0.006399773771430231,-0.08458980896109075,-0.042890218404933525,-0.22851692517756433,-0.1736069289152103,0.06758318515590248,-0.09368964013381818,0.0070033303220553905,-0.05550825708120864,0.062450238933653826,0.02971984574478085,0.12304093828767125,-0.08303678212597772,0.06275374597902457,-0.3117546865308838,-0.047904437318856456,-0.163598127626633,0.08336081208935246,0.08853640569810399,-0.07232263206465195,-0.0637757947290247,-0.4167060252225728,-0.10303113458465006,-0.06698806019735203,-0.10695061090263461,0.018028832165106545,0.029431499905973713,-0.045788466416552896,-0.06247513823416683,-0.10100161107775113,0.029825271830482482,0.08914938386213443,-0.043725424087429084,-0.1136937184085328,0.014932775327931636,-0.05920596451338581,-0.07702370553639726,0.21367527062278993,-0.001803739213870637,0.04003494553302098,-0.22666067140435198,-0.03261886862762162,-0.25602728519406714,0.008415701871892525,0.41527673293061906,0.019654361865433904,-0.07423656958500012,0.03579173685706366,-0.02098738652822793,-0.15582119826651744,-0.06445360134914638,0.028723570661613046,0.049656975577974535,-0.005464238649122551,0.03355404544126137,0.14443976453720464,0.008029029438667661,0.11303029165957827,-0.008424301803924767,0.11271001852112174,0.2489818140546109,-0.030572061545914048,0.25834141998868343,0.08551968390520832,-0.1417391450142002,0.032092204352295615,0.04762606217239485,0.2928800219918766,-0.03348684674763919,-0.10606363571533779,-0.1852467205063785,0.013654700960442143,-0.20831964370234185,-0.06564350956253041,-0.0948921339889886,0.1920898125408369,-0.08529102218019785,-0.05518109322343203,0.00164325681262354,0.13283317897546668,0.0013400275119832582,-0.010896145415227354,0.15109680814931625,-0.10247435190992783,-0.029216678544873746,-0.16659091123096495,-0.09430370372178863,-0.06047725950982442,-0.0431253839000752,-0.014259443952273326,-0.313526246364191,0.061842879569698785,0.13748560071291963,-0.13741946483186648,0.09402903532260179,0.0005670698375967737,-0.33598442963665776,0.3196424909023058,-0.07167057006290245,0.4639609380805133,0.580873855309189,-0.10041808004398113,0.44968374084244594,-0.0799096618381829,0.016179290592213003,-0.011840305833852934,0.027421716857878017,-0.0026725972817865182,-0.23192085471022916,-0.23999591046283963,,-0.31902410795113934,-0.13846610934701994,-0.05705278471335347,-0.2347682512702881,-0.21730010692827098,0.0841067764469573,-0.12863833115551365,-0.06288602560025654,0.03313953366515115,0.09480612308611758,0.0743748536063106,-0.06450174784665927,-0.0017045642471359914,0.0902408317212608,-0.25674132938063,-0.08405894883202623,0.03990087534210123,0.5111678866480369,0.583854645000492,0.09251370358173223,0.1363003319321064,0.058582424261146154,-0.264275512631322,0.4313897490748798,0.05599551849920323,0.00024065383353550425,-0.1501288840087217,-0.09923535755755888,0.45448619252833033,-0.11896272219041919,-0.11266147523318941,0.07487634274282808,-0.22706116970016338
,-0.08790057277044523,0.12535714226308364,0.031630054083457815,-0.059941150019128135,-0.01712268972906259,-0.2140325827106921,0.021993490652847614,0.036887359291131044,-0.08650523404887268,0.36484981119589366,0.23990485251116775,0.20128309143293713,-0.05698164606491745,0.057661622710611475,-0.025588482562621948,0.30425385306357183,-0.4167060252225728,,-0.20239947017117083,0.23823921506673248,0.26938006977574186,-0.08823523098268064,-0.017520824317994673,0.07776432265791747,-0.2540370557661921,-0.14553105337184902,-0.04127197992087234,0.014932775327931636,0.14535856594688878,-0.020301357418216776,0.014932775327931636,0.06996783196379236,-0.043275215421707224,-0.03299338152947066,0.19082630325925953,0.09154318814332542,-0.047011627299463274,0.05252713201282332,-0.09619974297087114,-0.0902098449110316,-0.09790243815485741,-0.11248210515465339,-0.06597707560404804,-0.19499635452432743,-0.04073610594731766,-0.11802346123840839,-0.16038327887191864,0.09973375932329727,-0.00429414121337686,-0.05838812318401512,-0.15153487809907218,0.014932775327931636,-0.08516331254939202,0.08015516127407443,-0.033806084085690816,-0.07234461422635996,0.20703945849426109,0.1474171990145416,0.34930061906103554,-0.014208730440231654,-0.11597538592190525,0.07563306678361192,-0.11451824707500138,0.03272386594700368,-0.18292885255968666,0.21064155962919776,0.04140588269585663,0.27945318886949544,-0.02541188148595427,0.012119028896714151,-0.20646129171692498,-0.21912002458201538,-0.18486392971855575,0.11829503296726752,-0.028804701489395422,-0.10554724256366922,-0.116910846627224,-0.12094160781171664,-0.03184670877057736,0.004552883118156073,0.20296308142755087,0.21278819913067745,0.004387716684616614,0.06858196606349398,-0.1991853899891458,0.007742668806324543,-0.0906030171299403,-0.11471113006660044,-0.09093727651043701,0.04140588269585663,-0.08871132970476636,-0.12427801512509443,-0.1318608779995587,0.11536082674832264,-0.1394540333175802,0.1011313183065937,0.27195670616245526,-0.1584710185335121,-0.11653665789783409,0.009919762967311962,-0.07721401399244232,0.02408407307375462,0.04140588269585663,-0.10356370050407121,-0.011802723126722352,0.04140588269585663,-0.10065430919776489,-0.0822829608697092,0.028312246752815948,0.3414458950422917,-0.27064690269609004,0.027977422201292797,-0.06856042883750586,0.0006381207670706992,0.5883979087134761,-0.09528389315339668,-6.234025689515603e-05,0.02511386962693361,-0.2001339727049976,0.16109331166370247,-0.26508226973184673,-0.5112999962494424,0.05176065852698765,-0.03823279795416813,-0.17202066485473344,-0.0762520655694178,-0.008274037557750824,-0.2516992374350277,0.09621271325330573,-6.234025689515603e-05,0.09004730063722713,-0.04626485585217619,-0.11069309167439957,-0.19490465246327335,0.0588408246683231,0.00564827478725762,-0.1056493213416278,-0.4649464372287699,-0.08902199896775355,0.15632360124930425,-0.2190262869379245,-0.5934422801996957,0.436788030611354,-0.045169675475627016,0.583530857256178,-0.20724507172046666,-0.16304916192878557,0.0889759258158617,0.12846505307253214,0.536987221376184,-0.1185191799475094,0.03282182033424463,-0.16076100128346474,0.10358044319826243,-0.08791657617927655,-0.15199459282147582,-0.4444378555815031,0.026228929026166473
,-0.02218955098726406,-0.003264042587099525,0.11069444316649764,-0.2730025040707769,0.09039959754643637,0.07259869218572904,0.1551956440275197,-0.12317524692100826,-0.19251023082552177,0.33321099194955345,0.2394032911686643,0.310643749013113,-0.11387824932131332,0.06811871065615596,-0.00322867187741626,0.13024377846948132,-0.09058319420254689,0.1659200570303519,-0.05414711255357213,0.2318578276582476,0.1640677373978032,-0.07579926979694901,0.04497552842622092,-0.10300389501560417,0.03102023161699061,-0.05587487218916942,-0.14741377536677377,-0.024143158632627042,-0.07811447790032391,-0.08303678212597772,0.05668417627063297,0.450790164598582,-0.4167060252225728,-0.1351275285957811,0.014932775327931636,-0.03673660941151029,-0.22674030327777353,,-0.12413507881969567,-0.024913323667747587,-0.10871434522202786,-0.04120742430125532,,-0.09280250618266994,0.014047731693394124,0.0531203269492489,0.014932775327931636,,0.01276556530855281,0.007234071056534053,-0.02682301811196811,-0.04479410701988284,-0.17143792164974894,0.2909222942428633,0.029393560588520082,-0.09583963344308023,0.10546728513651839,0.17135924843864156,0.04243016422797782,0.04140588269585663,0.04140588269585663,-0.07410376671357989,-0.08677843146812295,0.10466752521339173,-0.05427201414818988,0.31270439759506724,-0.09434410163312666,-0.03565311602730793,-0.07434647970048122,-0.11045628969260089,-0.026070517554080887,0.12165761616627706,-0.011674637559394858,0.04140588269585663,-0.030315702185482792,-0.22898454856761907,0.024036067620911053,0.014895154784198254,-0.08197332599924495,-0.06349536283677111,0.014335987269202178,-0.09889662273885189,-0.4527470023822516,0.17492909961871386,0.14767183681228327,-0.010228682767780682,-0.10005340303486143,-0.207162016861496,0.04140588269585663,0.2939599561763446,0.22359711164140564,-0.025131430794323596,-0.08067392524526562,0.1578256155220497,-0.07200201517819156,0.04140588269585663,0.11674077970561436,-0.03486541208071944,-0.028153378140525976,0.13037476201188633,0.04488793729459306,0.03205213829050706,0.05606359834206179,0.07482125093418644,0.0038738698035355405,-0.04784317517733618,-0.08596672125234717,-0.060839134934555075,0.1526033872897359,-0.4284010082741567,-0.5082350863104373,0.008321467230575072,0.10070316572107273,-0.12596221740046884,0.33324558929826426,-0.04976034660091181,0.4082090681925468,-0.08453381062206929,0.12784703446925555,,0.044488719287671646,0.1455324087315823,-0.0009383808855246869,-0.13663804904030752,0.055913702353604176,0.002347186205426414,0.0544954903136504,-0.002399689957072799,-0.17145482116304228,-0.1247462343829032,0.02026313882507924,-0.16007652645859932,0.010886992628447372,0.014607268668102993,,-0.011171886106353642,-0.20562650233084329,-0.07834107089564327,0.049509983874537214,,-0.20909108123424705,-0.09338790258092337,0.3696076649466314,0.08036657732753293,0.3428945974322038,0.19011221756427796,-0.2987119444486946,0.057375178718770216,-0.13622011340515022,0.31716250575644944,-6.234025689515603e-05,-0.19164284447620253,0.26716505161836085,0.23051356816510454,,0.1333386915200226,0.03358973437006904,-0.09761242909037636
,0.010970482934290099,-0.08922959037935073,,-0.005660284604321605,0.04247157059946673,0.1622798004286831,-0.186978736573503,-0.09914515110630241,0.08909008555173518,0.31761598126413787,0.24360102873137163,0.24030537357670012,0.08202107043975759,-0.2856021608382392,0.024550136805021706,,0.26318983765981074,-0.24715888534230618,-0.033739464242052486,0.24316680347316375,0.05551993562834166,0.040532352505502224,0.002302822374602496,0.04100090696914294,-0.05055634200638025,0.13271421037822814,0.09818239273120886,0.06449180618933738,,-0.07639258895119957,0.01770386462414601,0.2672777892308093,0.09753638646848735,0.04984914485945708,0.029328585835167575,-0.4167060252225728,-0.10040431448326728,-0.013675172605348023,-0.13907756285623774,-0.156350233447397,0.18851625377652553,0.025642203552115,-0.08722635487851582,0.11163983117637197,0.015108392577632674,0.07526963129411517,0.03817784291270683,0.03459314742030983,0.02878462979343259,0.1564690864603486,0.06639908353357328,0.0289559926232069,0.17557638931855618,-0.0806571311141276,-0.06608955930533134,0.13179663532746413,-0.30620939773383626,0.06239363733665409,0.26246114130526405,-0.014716966345626827,0.05275622188887907,0.24578657954007854,-0.10850387732431356,0.1576834686528963,0.03276682128570243,0.29648758344219683,-0.39031658138765274,0.057528925297689694,0.04694901685358648,-0.21136723424170084,0.06854637885195568,-0.32765074628492524,-0.07652096387762314,-0.038201819394097246,-0.175338617525397,0.04140588269585663,-0.0884724649452098,-0.08551968390520834,0.35710013595411266,0.03492805204810817,0.2027475718498629,0.29179105194382043,0.24452730351437255,-0.04474536577412302,-0.3234848681745072,0.10969191519417502,-0.15956528252781635,0.04021662911985618,-0.09810070389479024,-0.08804114022836869,-0.06935827605900834,-0.07064579310863295,-0.22817019126800586,-0.007619674917559477,-0.13850820862559318,0.12270810337297047,0.05145768090231612,0.03517927994084997,-0.07298570280402211,-0.13436247553609484,-0.05974873472981668,0.09779644310788979,-0.04600906379569417,-0.06010079763914082,-0.052358918395035016,-0.029590513556184098,0.05684189520492137,-0.20452621455805584,-0.00021412950759415027,-0.4341314806240069,,-0.2346667731674739,-0.11201030540238774,0.12142492639581977,0.5813781176943364,-0.051838466246721455,0.18946574418563544,0.04688397312290552,0.05392714488662569,0.07774913329638664,0.11994209125669944,-0.24219602033971,0.1859626880301861,0.10420475544761679,-0.03347080482351646,-0.002588026171475697,-0.29722666275330917,-0.048261134872214964,-0.1672022057554021,-0.5557344209458253,-0.03494894107627694,-0.14869525099821898,-0.09036089051848926,-0.2987119444486946,-0.03952176535316877,-0.3788017766153057,-0.17328968216634866,-0.12842872848662323,-0.0842146110181008,-0.382749950116546,-0.20084787745785787,0.04737204464625153,0.2734019138302822,0.36478492925358,-0.024147313871487597,-0.08999516269525064,0.07642150601041735,-0.408497447967107,-0.01470141454849238,0.31917709099520747,0.34879935849009214,0.029797149454615552,-0.5768122803703885,-6.234025689515603e-05,-0.02061160852700061,-0.17496436077690758,-0.09531270970564557,0.15796789646105902
0.0547435181074766,0.06505240920967237,0.027782215895552898,-0.025924793701520007,-0.4167060252225728,0.07823633858404828,0.1306613358116402,-0.09158162926562755,0.05204421354749877,-0.002914707422457867,0.0020587634870214274,0.06958038672423689,0.259853273829615,0.14583768042664003,0.3262249045743778,-0.04166306612752619,0.20528475606660399,0.08009979475061978,0.18061150512444465,0.06950730618181175,0.06106837921721295,0.30254204637865323,0.09926297730530569,0.01972641632730241,-0.06128079209258069,0.07419142960254382,-0.03158910457566825,0.0020276339458201098,0.014225749262406325,-0.09023235941064278,0.030778142721810044,-0.14400762645380427,-0.19004986875877278,0.11385343034652315,-0.13027072123887842,-0.05872492163192061,0.0351254850127015,-0.022013012615233793,-0.014140102809466988,-0.12988199014722945,-0.01311766786827007,-0.05020256463489249,0.08130545370692684,-0.028618100486230813,0.03558179986201091,0.006249770099789742,0.017156174792315432,-0.0347702919863832,0.02482409813899209,0.05706034936097023,-0.03998869586142273,0.10878813029238925,-0.030321997017519,-0.08758925956504951,0.09633338175064636,-0.12474802326979582,-0.05854793372143346,0.2964901982006405,0.06496684168948286,0.29650495406377175,0.033349715360713926,0.16419788483834655,-0.03761778014556681,-0.0044295227639740775,-0.12342249949108662,0.07840130740912181,0.2741869410512998,-0.015265375240017578,0.09907908672964212,0.07397852022363494,-0.018906750499706873,-0.008487346703421453,0.04483069350722698,-0.010031899842617518,-0.030879922426892508,0.052150606911522394,-0.055786660075617216,-0.17526079081357518,0.048615274058414516,0.027000722982918657,-0.012098085655429136,0.06585831190968669,0.21583583272619697,0.1402672597890567,0.08640164608533378,-0.029389565805837053,0.077926308254437,-0.13504706509835263,0.025925661769202423,0.03537554129463595,0.016554082500451497,0.09700219869411505,-0.08359074651472823,-0.12317878863665617,0.040972509971546806,0.11115801119948929,0.10683930208981231,0.14443270276278786,-0.11078695305875792,-0.03306398905924297,-0.009731796419398185,-0.030547160115090913,0.005672502288242829,0.044947190493304846,-0.04133841205851541,-0.13626697687066427,-0.055841670226735196,0.03785516038024085,-0.054497109708047914,-0.08769346568002957,0.020849673178979088,-0.16418104037625514,-0.10117637175408936,-0.010257174512049964,0.22696939151835568,0.48918995576842705,-0.223923425376239,0.48329709356076384,0.46084877674617936,-0.0056607067366221,-0.04847130719225723,0.06917461765301401,0.013954100815564478,0.030083619166162312,-0.09492889615054018,-0.00821317508896979,-0.03232260137142659,-0.14169669481509645,0.10839955214072464,-0.0449919967760787,-0.016466774442258067,-0.06664956290260057,-0.10028739205500463,-0.2758563062988905,-0.0951651440773099,-0.10448678595813331,0.04092688746310721,-0.10182700832105021,-0.17074678907692267,-0.02607620396755476,-0.22988458317485494,-0.6631047686042556,0.3693651550233536,0.4778680335334517,0.3993744074858346,0.49983536244961796,0.13905719552523885,-0.0744697374040824,-0.017195431079378095,0.011902477568416663,0.3484254342137937,0.15070721374350834,-0.00286061478183604,0.12164933069120742,0.18380013769973452,-0.03892874589202009,0.012322710057351194,-0.1198847987133867,-0.1994356129376428
-0.01024275562335396,-0.1188760977881782,-0.032622357413866765,0.02585361128733496,-0.05564866319578389,-0.048441643923680555,0.19057250461768013,0.00927205978202625,-0.25981591594932346,-0.043275215421707224,0.3270612844886459,0.2128407049482552,0.2401277707699547,-0.1012785925538511,-0.13208024277218997,-0.06408362056438462,0.06347738385573597,0.14480542755589193,-0.04944169226467413,-0.08059459209962956,0.1182661964939678,0.02586965340891619,0.06655172144383116,-0.055709544871622385,0.03536646596121387,0.029431499905973713,0.06684534092992228,-0.1191967795041025,-0.0020281419519593918,-0.0436781715824943,-0.03804579780545639,-0.10967222061304212,-0.010607239811785909,-0.21993742625422621,-0.03613388531258431,-0.007607083363943378,-0.001650482887827331,-0.24205297307582213,-0.07186205802206114,-0.14750097636985776,-0.0618642455421002,-0.03802407362629077,0.027973334836991014,0.06920930219959992,0.024351120703557314,-0.021194030141769585,-0.007708412980008014,0.018188486426259677,0.1042665468373851,0.02498499120881904,-0.03963717620935189,-0.00765301675597985,-0.009571614419199384,0.06699465345277092,-0.07862026439632012,-0.08796641114453023,-0.07588842035091228,0.04103184877495816,0.28476144420588895,0.36637156651708636,-0.17939151091895839,0.23390317248738451,0.08951568187464215,-0.15160924321053965,-0.017982856273389247,-0.01828288135841945,0.038981728870542236,-0.006221443617754002,-0.07269938166888557,0.03560500704449619,-0.03673198729092576,0.0030359165119552274,0.03290847173850779,-0.20298992567482013,-0.024852941565425467,-0.014380509481076602,0.06890860023737266,-0.21920032057619307,-0.1407948803743772,-0.08483880947122403,0.03967477898536142,0.4392115413705596,0.20536894643606393,0.1576791817991221,-0.014759040452013109,-0.1394729107446884,-0.17311165325448316,-0.009954407590400886,-0.06598894032407145,-0.09692871795442327,0.024474340924162147,-0.029902629968899818,0.04140588269585663,-0.1274477342512244,0.04883071466352618,-0.15848334496053312,0.0632986188848936,-0.01966422473626254,-0.03868047221108155,-0.08988560792617034,0.06317765883353539,0.005772196969784084,0.054375144143284315,0.2527192298228359,-0.12290065014425057,-0.11082065017029191,-0.055497574381876046,-0.08835912936604973,0.033199691529201956,-0.06409971260679527,-0.28765115746967584,-0.44093011865816134,-0.13226683931155128,-0.18718543227977158,0.4501029215822861,0.44043904725840777,0.10492227602029668,0.5032578802037609,0.2211814112879833,-0.050244246455771926,-0.10043710213515336,0.20098162813500753,0.12188225092852542,-0.2304082495832575,-0.16268666538863655,-0.043131480435714846,-0.04602661980735942,-0.1478003520100671,-0.20053764199033788,0.05600939332625626,-0.11179919105579036,-0.04256408535044774,-0.010542761770843512,-0.09577179251228911,-0.25794300578073504,0.1044107663623487,-0.46276033414978407,-0.03680509370998901,-0.11290429853145983,-0.008352886887711793,-0.006159191999058109,0.019431257438063964,-0.06568075454845057,0.4776788425394575,0.42170206623783235,0.30966411236996727,-0.12695875856208474,0.31120734513425974,0.15384251146797534,-8.645008674375511e-05,-0.07979048147003749,-0.08344977142880763,-0.004383744045002254,-0.2464878353315276,0.492097913625199,-0.15238380143276078,0.09769946676147206,-0.0060953586637041745,-0.0735765818323355
,0.030583306331564253,0.13986856292864855,-0.1337590326734486,-0.04479410701988284,-0.10003416477255021,0.12079502528879155,-0.017520824317994673,-0.07605035443469811,-0.020505966851993643,0.39136116376990054,0.21284472810394728,0.2407172855069027,-0.4167060252225728,-0.08303678212597772,-0.2008464433360578,0.2904060452013549,-0.0024799925659757835,0.021841774267488567,0.014932775327931636,0.29980139748534657,-0.05345635292372224,0.014932775327931636,-0.4167060252225728,0.18838855677153493,0.008399474488715345,0.11830056027314272,-0.08303678212597772,0.07828152311653586,-0.13395619910041606,-0.06315599877384248,-0.015970963960271138,0.09134013126410628,-0.4167060252225728,-0.18720420752644687,-0.0026551682891149905,-0.128743905350193,-0.04412316208188496,-0.04563403778072648,-0.20201447315439713,-0.15895834620837304,0.019513046108071957,0.07011770959582138,0.04943557818068838,0.008479730128171364,0.025924794248933028,-0.03513560840871246,-0.057768327228832884,0.014828607637676627,-0.00017202262507634867,0.08634430212186822,0.017570288025765865,-0.020134978145959482,0.014932775327931636,-0.01803497327284794,-0.23433769866314064,0.13494595724763092,0.020678760786427452,0.021240237558685555,0.3846935817987306,-0.10658527938201966,-0.13218453680989822,-0.3508856993598241,0.06967934499825848,0.2567905837500834,-0.08473013493738188,0.2914972063682682,0.11435564985650011,0.13789540104020576,0.09242584373146438,-0.09958365283162021,-0.060435764822585024,0.2441631626357559,-0.07790595355027825,0.05973397634158811,-0.11541155003166367,-0.05156658749845209,0.06474841688972519,-0.058117189072945656,0.20099095348445484,0.04554255607099604,0.06995017656851756,0.04140588269585663,-0.08275706673709327,-0.11863423275058722,0.07141810884719343,-0.19849835989637743,-0.088233057926937,0.011414152738007204,0.272146706411842,-0.06874014444588626,0.04140588269585663,-0.021958398798296627,0.08749304066454638,0.006027854661678421,-0.1525902618779104,0.14432258877243406,0.25720131433042837,0.04140588269585663,-0.021751819405583347,-0.06856647179508646,-0.044547321122007925,0.019286749305800013,0.15924230249352203,-0.04850024114253869,-0.07551178157107893,-0.12156013595582217,-0.12012725051210346,-0.24423790367609916,0.004787149218766825,-0.13760509735699658,0.1298787875806211,0.18073006632822156,0.11612457522966857,0.6506259094556008,0.49463977376209645,-0.027185639420171465,0.09709252390864222,0.0170181965372815,-0.10711764474661378,-0.09337320528885941,-0.06470764319331368,-0.31179005580650215,-0.2174384614934198,-0.06915361056294785,0.04272460539168095,-0.09504650730127175,-0.19870080691085001,0.09133525500207405,0.30624280413205995,-0.009627487764766955,0.11209482655500301,0.058674021049124905,-0.01896598513065571,-0.1414694650852236,0.10841470514204783,0.08212155631532132,-6.234025689515603e-05,0.21243106528081585,-0.30900593178076213,-6.234025689515603e-05,0.005469974075259716,0.24391593712958656,0.323200410784426,0.5490461865001564,0.012984467152433662,0.06713843139765058,-0.060845278972953984,-0.11932390373449035,0.054714942489464326,-0.3030843674676292,0.12837779100854418,-0.3887060095409944,,0.6210714823155254,0.12118877067185126,-0.25032039431843506,-0.10056517136727694,0.015065523363921881
,-0.06774296644419403,0.1725448655858959,0.014932775327931636,,0.22773837038400838,0.3531909758724899,-0.08894694464475203,-0.14460905710825653,-0.20613588204892686,0.32729505228797373,0.2731793483183762,0.124968900872432,-0.12236507602682772,0.014932775327931636,-0.4167060252225728,0.07714255854934886,0.0346790477244398,,-0.1334820511973486,0.2659725620062372,0.3845647731825262,0.07261135026540078,-0.010300426314988155,-0.060813171504762606,-0.16673133811340698,-0.037219387958029294,-0.25476069364290355,0.04973238659302379,-0.21283259258601214,,0.09545444851004503,0.25407503482518035,-0.01286334816509068,-0.16670305622810347,0.07987330448602391,-0.09818053424754555,-0.28606134382846876,-0.1664550947644615,0.12079502528879155,0.014932775327931636,-0.044477102859544336,0.07820469510887347,-0.4167060252225728,-0.014826917895131048,0.1325854550998483,-0.11658866674312651,0.015475982730365996,-0.10504409590152725,-0.07157941228746248,-0.05055634200638025,-0.0391313331077093,,-0.056239552643758094,0.10314809506348892,-0.39773586688498186,0.2940032808848764,0.0269984169173451,0.042608429512727274,0.3652345463497371,0.005243771151926756,0.22860309912388763,-0.6493569238850802,0.04480764894183161,-0.14623540308985797,-0.00570186136883752,0.06322069443758431,-0.18153202755272158,0.07205018116878818,-0.18292885255968666,0.07031133701142633,-0.20545210941038075,-0.233504028343373,0.04375785501953761,-0.028782703554551307,-0.27322123987370567,0.006027854661678421,0.003323636078178422,0.039287927076401774,-0.14277306257270686,-0.47025959103297127,0.4341137402305564,-0.05574217323038546,0.07474977770457275,0.15881803839331698,-0.18828323833819022,0.04140588269585663,0.18770866015526433,-0.08063440538485997,-0.0016400874665038513,0.198423738812732,-0.011476729833881451,0.02596661763326542,0.04706728739595511,-0.0032833729917882025,-0.019681709399530376,0.07349365638087178,0.01902381441889733,-0.39541799893829,0.021895650379384304,-0.008054198590638785,-0.3673972762032055,0.04140588269585663,-0.07230100920351072,0.033260980410765,-0.06800799522288144,-0.14759128119424747,-0.1749443787625024,0.011668704315618731,-0.0764508683308362,,-0.4518683258709624,-0.2453752086836482,-0.1822564483678316,,-6.234025689515603e-05,0.188376096874786,0.12782889071416734,-0.0612962805374119,0.1039644871198052,-0.1672022057554021,0.16919717391808833,-0.47080414194308995,0.12784703446925555,-0.17145482116304228,-0.04694100143637533,-0.1459071164105293,0.11832589923571375,0.01541470405725955,-0.14892101213289582,,-0.1708543919704407,-0.14988806044958494,0.16988681372640319,-0.02391728677829116,-0.2759846459863942,-0.1755940198665307,0.2865039035258973,-0.1169182563100612,0.15331619440641878,-0.046113208792994485,-0.07651984351416503,-0.03602376014995036,0.38617801137443686,0.20121861126265295,-6.234025689515603e-05,-0.1301326369942036,0.000898454193963118,-0.2307721671068936,,0.2865905771301183,0.0743748536063106,,-0.34235214691446436,0.363937796121249,0.35660469188752336,0.4336498170988207,-0.12460665635845596,-0.08884598466133144
,-0.055320714344271264,0.020715280606652748,-0.11740686638304264,-0.04146061171600087,0.0038252999067897395,0.08996495718993916,-0.021553671675799854,-0.008426569315962579,-0.05097482630048933,0.41131948166333726,0.2933962323044028,0.29320466269789813,-0.05577628897568568,0.02225103253258774,-0.05609379213040685,-0.028935658513066016,-0.026164548968291908,-0.017361734877358946,0.07159816653315618,0.1588057208879876,-0.005555064372174271,-0.0015442917608121925,-0.1551518615063626,0.0526013598316403,-0.0702166290695408,0.12703021065451192,0.033624249384303966,0.07825533156486836,-0.027724932500986503,-0.22937635425171643,-0.05226090612550535,-0.03965265821583524,-0.2528755876845632,-0.016710993512739056,0.0036651556764328175,-0.13284509192106558,-0.09163148735658244,-0.21801995746971914,-0.05368756945805262,-0.04419358337115701,0.0582142434189124,-0.04000263235013715,0.03193013162140683,-0.023483563516635157,0.06627145189273827,-0.03696281151302887,-0.07335199108939158,-0.07546421802528057,-0.0029057812801528645,0.04213799635560948,0.02251609948238724,-0.04170989167932195,0.025019903573626722,0.02449428496344325,-0.13467835044876086,0.2901493494794997,-0.15785189966234087,0.11214008766932054,0.3287306267559695,-0.003487338771161425,0.19253740185179208,-0.1822224191059397,-0.20086668096383037,-0.14395515960498637,0.08181169746558387,0.15434821867379628,-0.0046914462417545,-0.04341857577147852,0.1447802158605959,-0.03950634118639655,-0.035591954449248356,-0.10146609588693366,-0.02097975890884629,0.014100200052499226,0.05574245648401131,-0.0021587163922686006,-0.0019536560027881536,0.03481498289854377,0.07779061830358087,-0.11404194803059849,0.08952885338242512,0.12261170256972591,-0.04766844175289016,-0.0798571438865605,-0.25105316304956937,0.020412825534902413,-0.38510310039587703,-0.036112900933452693,0.019243460001924197,-0.012666651564212695,-0.01896202820351973,-0.11973707827844356,-0.000917544697718452,0.02865419851473482,0.12864190996541247,0.09974588304402233,0.13608279390886724,-0.09779493087718014,-0.08620546446769002,0.02028199546560696,-0.11156442140820523,0.008268959109585566,0.029644897747647798,-0.049760274890504,-0.20745507989002782,-0.043654537554664315,-0.004566551048985822,-0.06515070070275746,0.013439447047814636,-0.009575172152370007,-0.10439238494415268,0.055519398196305345,0.12374676565425996,0.4718029531247141,0.44988555221725374,-0.19494040745544317,0.5865909400941743,-0.0474232621955813,-0.08438641289029868,-0.23260926244006855,-0.09845541529336024,0.08533281341922486,-0.016199215500273156,0.010520309092845133,-0.001363805567616632,0.10610103955984872,-0.12720658640445634,-0.06434793343254995,-0.1858115310114001,-0.16543791558377352,-0.041685836446891625,-0.13661136045150507,0.018894163431670837,-0.12521148305770458,-0.08698626387716042,-0.011193353543486505,0.06670338876789317,-0.023877856181927816,-0.01097775963222598,-0.18434772141942016,0.028869281754196178,0.4685734187318095,-0.10192827920274336,0.540201002731739,-0.21223106316991092,-0.1056148348707188,0.13867870053776588,0.021328425455122577,-0.13326598937858936,8.483694646138553e-05,0.01731179334019675,-0.09328209132728163,0.5867752300774731,0.49361183510946194,0.09810425826150497,0.011487206549930228,0.037643583106602777,-0.028264831700521235
0.09707398813737105,-0.15449829645390556,-0.019068580854857305,0.01276556530855281,-0.045168670461370665,0.09176958962667875,0.04469535083518846,-0.014455893779527164,-0.21792250842967578,-0.2395196917090283,0.25090349082462143,0.34968764778617273,0.2491970302764504,,-0.020786319308595955,-0.4167060252225728,0.2944338424121774,0.01862407510192705,0.10497046488917824,0.17879511003571966,-0.013948419691678244,0.1252803995724934,-0.2629003006558983,-0.04189409610254087,0.031444461222850925,0.1327007806437647,0.21402875878878422,-0.0012590241224550345,0.05040990952743573,-0.23519911079256395,-0.06792387436366983,0.15040449530574784,0.0838069763015658,-0.12492487925366254,-0.03480256301339662,-0.21993742625422621,-0.4167060252225728,0.010395957653253424,-0.07971901930045722,-0.06722227660380116,-0.143331630980489,0.08228833950735888,0.060666739025818074,-0.4167060252225728,0.02327724495110395,0.008575992556014706,-0.04042504712158153,-0.11599547180670093,0.01657056953514076,-0.4167060252225728,0.03010225330658244,-0.0752561722100476,-0.08097373979685389,0.019352145486434554,-0.03552673135799812,-0.14341415115036907,0.2720205784299864,0.002569881056731509,0.1385490592668062,0.3825569128347359,-0.028960973168946504,0.11958905100658275,-0.0994490532648373,0.042394300005133154,-0.4655455662067637,0.04140588269585663,0.2778303449174729,-0.014729194155514519,0.2817354799812587,0.0922232490926117,0.04140588269585663,0.26767023960203545,0.16626504865352448,-0.1021772056438427,0.08925811296555074,-0.11117386161234707,-0.26713847308047756,0.03892455579397294,-0.05139063435936075,0.04010916411850523,-0.21966083985061235,0.09570288186422385,0.20285060922616735,0.16103401725769825,-0.09822986342870406,-0.6493569238850802,0.009986556570215138,0.02883047259297522,-0.017873967522095927,0.01895734183790146,0.3167295510785852,0.06421319155364068,0.12806764668888837,0.037347464010825414,0.1563608871669438,0.0018407151776616408,-0.22907994318855912,,0.011745991784272818,-0.291720261654347,0.3955231939379469,-0.03158663774787708,0.06959449749187517,-0.07469742427146576,0.16042705876925967,-0.33343075419032,0.022802617931296787,0.024944398731568302,-0.1744353250970469,0.04140588269585663,-0.2498378377364917,0.10169776292011977,-0.28112211389681807,0.1339345108802021,0.5148635553546682,0.2257952341025951,-0.1672022057554021,0.4872002356564007,-0.04991447844349414,-0.19023858646931238,-0.10070144069361174,0.12219116431227929,-0.13332690548843912,-0.2359485668650428,,0.12900143178912352,-0.1130575222782023,0.05801681151647543,0.27604342021171374,-0.06695246593732415,,-0.026543951738900028,-0.005765005748515709,-0.3511339003137793,,0.19131531337681187,,0.05350941601952616,-0.7844073135524092,-0.24229269474503123,0.22239182329248805,-0.6492992719123596,0.26000612356151975,0.38614419748225215,0.5605671866857463,-0.03175664279161168,-0.15305440889059643,-0.13068370674841015,-0.08940899876181665,0.24485218319879692,0.2519177597889428,0.07942408573152246,-0.08191320204767055,-0.014500159492216842,0.3687756166157498,-0.21995334679738163,-0.07423717865774818,0.17997843893816826,0.05392714488662569
0.06936591821173084,-0.0902098449110316,0.050355149789408304,0.010402709989550233,,0.09143676746408338,0.061940632899462576,-0.18536023670102017,0.029563888424957403,0.1101738746905316,0.3095323311227243,0.30907583328733057,0.34356363604119744,-0.4167060252225728,0.22941071192203671,-0.15750341276911217,0.030249341235344424,-0.004838553331758024,0.08858733618115246,-0.16558854064189907,0.12479692205507789,0.2799254423935875,0.04078595567368283,-0.013376078282538003,0.014932775327931636,,-0.04684355234241587,-0.19339058395090042,0.15335095820536182,-0.06761604852830994,-0.14034561285133035,-0.05764369818554231,-0.16961120421621345,0.018901936820712676,-0.017373684193334932,-0.2427345404637426,-0.14134356211765522,-0.07380885678168292,0.012318270635189728,-0.14425375151439912,0.06477330061429121,-0.18559378469543739,0.1188363091986899,0.005839207843094725,0.01623899915739698,0.0796995757177756,-0.036537416833871114,-0.021608329850708114,0.04991003909644848,0.01451519764120708,-0.08704938477982087,0.03264634866068806,-0.06226428594008369,0.1470111882390163,0.09262800969453377,-0.10123965064272136,0.016379660355938828,0.04645702172771728,0.12912870541248714,0.5289150882888867,-0.1997220768790254,-0.30722833074504813,-0.012432572053003785,-0.0010699072496575903,-0.22734949649378017,-0.034307541521864916,0.34140367959709655,0.05349161082773536,-0.17050760128885875,-0.0004706328841779502,-0.02654184234424206,0.21487315020634834,-0.029141752256636094,-0.20105196519935203,-0.096287798776292,-0.2844656668760813,-0.23081480151422992,-0.14542843127672997,-0.24604920294956337,-0.05585183398695491,0.010933797186454305,0.20012182440900617,0.08777529144690863,0.04140588269585663,0.04140588269585663,0.004749551176991559,0.12393393623789051,-0.32577753990885655,-0.08501449134026286,-0.16791270333098796,-0.02535415262210854,-0.031854412956302994,0.05013416528926148,0.05455190427299888,0.11667854379571821,0.040947088068577706,0.05223311635381878,-0.1489217616883441,-0.1024884205794069,-0.047153148203502034,-0.10983041992530619,0.050160281017472774,-0.17645696041564538,-0.01715825004222415,0.037906016427287,0.03820512510415083,-0.003548479492167917,-0.1525902618779104,-0.19020475428746583,-0.017849785282536078,-0.1752669159462514,-0.39619179047905106,-0.06167411172511466,-0.08544860346752733,-6.234025689515603e-05,0.5056995181800805,-0.20735437934848527,0.43853525125525805,0.40375599526131406,-0.19666528594121815,-0.017070525217726413,-0.12097509752768928,-0.10706632692411772,-0.13309495911492425,-0.36744743607741587,-0.29442999695125227,-0.2790387168072186,-0.10746999620945799,-0.3631156920661116,0.048165470625258146,-0.005077579589013086,-0.3813317941578985,-7.231624775703086e-05,-0.04536879128577721,-0.04991447844349414,-0.15418289748703637,-0.03648638568686514,-0.15599656505357343,-0.35233751457944207,-0.19988412206599732,0.09505476900749098,-0.005273120720672438,0.3833771829772235,0.413403502950047,0.67460013316918,0.5633007221649696,0.07557555445206418,-0.19362747081437023,0.07017637519005478,0.014129307454181868,0.31923510538518757,0.12862201348544064,4.651903308473117e-05,-0.12310617108908906,0.5283572504077667,0.0327664891977109,0.04723860175551662,0.21308418789665126,-0.1672022057554021
-0.06339512355440535,0.047483896003998334,0.21234971389609456,0.014680685502685174,0.15040031054909117,-0.07648770441420087,0.01933056875425677,-0.09090786972210917,-0.02469164078732629,0.0037498623976373706,0.05163749344570695,0.3393880259578928,0.26286781068017223,-0.07067360864871215,0.0607177162751684,-0.07715179970796464,0.10469964916785368,0.06229285606951553,0.06249480549119402,-0.032814362000008486,0.08168969466411474,-0.07878213006995435,-0.0007745084330405776,0.05781690254240947,0.12639394291339767,0.009710208169679818,-0.00710469366577603,0.02542251777792946,-0.004162349901985426,0.19637147519641135,-0.026632271399505015,-0.1238520532364866,-0.003092496014907956,-0.11526887924791775,-0.12927907443048278,-0.08930443371358572,-0.14814235706575804,-0.07458537019923943,-0.03215350206985088,-0.008728244669026716,0.011061688966961475,0.016434807822675444,-0.002930495585595894,-0.06596751283962878,-0.039624246048012915,-0.040299663286110635,0.04895648912665363,-0.09895822109851923,0.0978746142791861,0.14032128995817386,0.05754786942942937,0.029339511886322982,-0.015839672580432528,0.04393651472049533,-0.13360847491632766,-0.051729491989441156,-0.03185635379952858,0.05094744001928588,0.2689465372477091,0.35398076426270597,-0.0419027413633812,-0.04363756386984288,0.02867353194937957,-0.07294259070121781,-0.006199684013816269,-0.04444778109089159,0.32594364908105977,0.09138967668337095,-0.04520181262381202,0.002449058970992488,0.02876228896369002,0.08059388251957528,-0.004809112830674728,0.012026857110846544,-0.05725116088569851,0.027000978643964,-0.09981984829665513,-0.05022908309537962,0.0593244245705761,-0.054252508756729594,-0.0398802322367632,-0.034244474378767896,0.44007635274591167,0.04679767277805711,0.020865692357120488,0.13608691394778735,-0.14155844063074463,-0.021624915500151592,-0.0501781275122653,-0.0898130159530337,0.043677738751313325,0.00679314219359754,0.08954293323262857,-0.020123754594699172,0.07032500277969085,0.0574682469329358,0.037071432757784524,0.10509426363613163,-0.04738731625308632,-0.10405628449414848,-0.06899011677600496,-0.08646152754275979,-0.06455101159723205,0.003984907799934646,0.007980082255485335,-0.017558307078474063,0.16658367190138673,0.030319639464246362,0.03351922635329262,0.004935214231420268,-0.28815527433712146,-0.10148729063569206,-0.1975922494579369,0.028305797413586475,-0.07590030917921374,0.10386534069409989,0.5788487464855023,0.0474990855154918,0.4517644177277404,0.04722934579223695,-0.0839339760952454,0.01869157606314066,-0.021418631179514435,-0.05431156339425916,-7.597007674708869e-06,0.0885747010364445,0.03974327167930401,0.06285617285161975,-0.207222900803914,-0.1147190471723114,-0.03733699321025273,-0.17132553176812387,-0.03247829195768651,-0.0856557799679004,-0.045809813161573454,0.040556876370554176,-0.18626599708918265,-0.25193101523114464,-0.09775393997145246,0.002919090171590332,-0.04742410808620376,-0.05904429975013147,0.07054380232400742,-0.07995919877098796,0.4336553040261863,0.3378794581855055,0.561701519949148,0.09108072605218084,0.084675853228745,0.02607060102589137,0.015090364471107632,-0.014534503538253255,-0.07685433777643542,0.42935074719676325,0.024897870956170052,0.4681323093154669,-0.1635020288296935,-0.1575292818843261,-0.00487427171768218
-0.10659712273664027,0.07277760018022802,-0.01115681047025146,-0.00952672530701717,-0.0185620008601276,0.025716018696147203,0.2168097620975569,-0.10310510096843681,-0.33210719038884445,-0.11535090017786763,0.36830610166247174,0.3227514279874883,0.37620274482885163,-0.11323737809063761,0.05952445209687111,,0.2902544714290371,0.050076791159577166,-0.06315599877384248,-0.4167060252225728,0.014932775327931636,0.01613729673172021,0.00029996636348793494,0.014932775327931636,-0.007489781485070267,-0.004110101728375833,0.07549135370788643,0.010946860720498426,-0.08128714979332345,-0.05600063525531504,-0.1156969539093677,-0.18715302868549813,0.12422251047518854,-0.10204828627083738,-0.14545136630986977,-0.09288885729446078,-0.16030026770785366,-0.34133511573313924,-0.172432281046419,-0.03994251635528188,-0.01249018496758473,0.014932775327931636,-0.11387824932131332,0.15553167785650582,-0.02554106795645686,-0.056122123922597654,-0.06359757718219756,0.05745189027110373,0.010270464487356992,-0.23439832795320656,0.03710639841515553,0.07530066959949867,0.017600178504508093,0.12138871141373238,-0.07949182924352993,0.0064024864810813065,0.12073356317256889,-0.1291587884978992,0.12542443197740635,0.04140588269585663,0.00363096179839375,0.09242271990716998,-0.1180988818859474,-0.1227140654375784,-0.03723297990181905,-0.15622713076962153,0.0879351337609092,-0.03998427685270527,0.04140588269585663,-0.07572504503356149,0.19772106067738693,0.064261046381715,0.024300873149269233,0.2892318554690885,0.19875134609301193,-0.045488778395413,-0.309104393494846,-0.1486102142054594,-0.29975910403873246,-0.03510701297964968,-0.0884724649452098,0.10553428341121818,0.006733266965798584,0.020109907913995615,-0.4513773890245817,-0.0019855238215188706,0.14749483545366296,-0.13884246800608985,0.13177103882666347,0.06725495251607137,0.10990337651504285,0.011026835345341292,-0.14016901060708245,0.04140588269585663,-0.02033668833321211,0.09474432380679566,0.22751513300849016,0.04140588269585663,-0.16730722822353714,-0.10737778039955868,0.1012118256269732,-0.2235364004975156,-0.10766486649688951,-0.06707057797270205,0.06622458532517596,-0.013691198190866423,0.04629553722812941,-0.03940197157895926,-0.0017157141130389815,-0.055208790858852795,-0.06801012422235438,0.05485004649034526,0.12725121510907605,-0.22004101172641388,-0.06875098841052237,0.22318264485639944,0.13597156256703105,0.5614747216762749,0.1714054574463227,-0.29551160936129733,-0.16968563077964607,0.11814100344551755,-0.047194821203039534,-0.04978266463283258,-0.11906282587188036,-0.01994632352759471,0.016148877982587868,-6.234025689515603e-05,-0.041961707885819946,-6.234025689515603e-05,-0.06462554281968536,0.0062991486828769365,-0.16850104808575683,-0.6235285499003236,-0.48778307754323263,-0.08173585209191436,0.19644671469407404,0.19521618695669074,-0.16231327393127137,-0.16934307766614543,0.38270390391886666,-0.20964148959399334,0.04829131650816832,0.6829449379354524,0.5509050126677032,0.1960803595208991,-0.16189533829611402,-0.020878523042866883,-6.234025689515603e-05,-0.2464878353315276,0.6236073686080412,0.0008308094978715208,0.002247489754471353,-0.05144743661067971,0.4994037203025755,0.008531893988301736,-0.07720814066310218,0.0014554008949719409,-0.22597335493831328
-0.08380073623936513,0.023981098981897275,0.10717929615478652,-0.03252533912555302,-0.07816192311107664,0.0020352629545833346,-0.16407837740515235,-0.046881773067436926,0.07003841292832687,0.01257046608607451,0.3816252514191545,0.2724104807140707,-0.11947942839082841,-0.06859871344367319,-0.0677979739412045,-0.10541356334502752,-0.0406932877877481,-0.04936646375616958,0.0312387250854515,-0.03014449749204643,0.05465064558317608,0.40194743460887067,-0.019618214718642144,-0.017938707948859253,-0.05167951948636464,-0.05795242354410071,0.16454180117088105,-0.16111774227694206,0.0058592938383410535,-0.14943485651816973,-0.23389928645310853,-0.05534293249074304,0.14750840971955576,-0.1753514246026146,-0.14435453022150957,0.001792676552874646,-0.1481036667669546,-0.07626093031921176,-0.17759857934309758,-0.011914211659126149,0.014686722128300573,0.060464106766063966,-0.23685738814457588,-0.16628758287510237,-0.00532500800037198,0.06912523349108018,-0.026365663781183685,0.03652184953960292,-0.010805554083837182,0.02588054723669357,0.128379264692872,0.021543473950903773,-0.006676356545015109,-0.12856949454868732,-0.0548695004088004,-0.09626801956124842,-0.13235693136618584,-0.16709855612298294,0.06739274287218817,0.3187822811690299,-0.12422445757330437,0.28695920458297486,-0.11117170425582541,-0.021431356545714274,-0.11049200515479521,-0.1258556027801781,0.06713003445524175,-0.16103872886674542,-0.02078024900472052,-0.054523456487562856,-0.1665810747479855,0.0668094108587486,-0.01753489750529195,0.022095967139872642,-0.12738125653706303,-0.19339461670660954,-0.026915230095780965,0.05888753336394799,-0.09936253686294609,-0.06856047777699864,0.008109747295717024,0.00549896381485509,0.07059014890406759,-0.0791967906047453,0.0914011019322427,-0.03161828511263435,0.05403627340468137,-0.10789579612544394,0.08519246444683322,0.09696065762672182,0.017321899818088512,-0.1739751419908278,-0.1292263626757236,-0.03248227508208055,0.06195590036792167,0.03229917907918718,-0.03134248660144626,0.0855686620956217,-0.004980172594960158,-0.0070338506128571334,0.006213459138968415,-0.15307217954682037,0.012904145666788202,-0.040144664494662086,0.06435700287023505,-0.1560217123237415,0.060665224470701995,-0.15014897781414738,-0.12427473429555855,0.012279668686567484,-0.06539269521292816,-0.20325376043846044,-0.06057836044110573,-0.06217381367243013,-0.15153203179732805,0.4954196248862226,-0.1385117980604043,0.48746172379544145,0.30683347988000653,0.053481664730795124,-0.019999823818852094,0.015078433899917991,-0.16359398923301738,-0.06864807459133031,0.014226612137026336,-0.16435773221830366,-0.026653828678950733,0.06166831469947024,-0.035549035027010414,-0.037328217364783284,-0.014860550280642905,-0.07491179435235024,0.12239378192089895,-0.19221200671362615,-0.061407670245993994,-0.2563288836185028,-0.21186495873252845,-0.07745479901306454,-0.17395914862025524,-0.20275374649669786,-0.48261561247239554,-0.2126637888808398,0.01935692653667116,0.47474860780456435,0.19176309542486447,0.008592061967936392,-0.07380805898765987,-0.06140798944141976,0.06041162131997303,-0.2455865417826749,0.3722281174824543,0.1786712310109391,0.14335135755495335,-0.03553829914732736,-0.05041288739761931,0.19682974478032902,-0.08263569023842879,-0.24829999812270986,0.030435901077471388
0.07511435164783932,0.0389111739238998,0.07454559693303146,-0.03353109576855854,-0.20620655616116526,0.027166619216246714,0.20103322900451717,-0.08331804839762191,0.04274903045082873,-0.07110608897838985,0.28152176792952416,0.09860716999282834,0.19715281730686512,0.04043856514748379,0.3133694257032811,-0.05993653626671229,-0.24896425452957835,-0.143529995054057,-0.03437572672258539,-0.060276873063891165,0.012138390327364279,0.34756910280952813,-0.026807347307206464,-0.07774662557707854,0.05317502155653624,-0.06415770421224468,0.00916756875954339,-0.0025464193080375164,-0.03784676957892593,-0.3451295919431558,0.0862980508754285,-0.24416924884620164,-0.04536142976437408,-0.060385211933432374,-0.08356335188038505,-0.05196964034447038,-0.20267329433942408,-0.037392998017819874,-0.10298555657516918,-0.10651748602720075,0.01067566756036951,-0.03903420572999502,-0.04728895489808103,-0.06334131506919156,-0.0910524924047018,0.024602295566660923,0.0009944285146580752,0.008445932437872413,0.031155071612143457,0.05394391703514171,0.10390229261471383,0.10210100617614346,-0.0004882902595373656,0.20967121789103615,-0.024260177542698668,-0.06646962391908237,-0.01705819877553689,0.19664809067947106,0.05836237688581514,0.48340880298156536,-0.0894816831718254,0.05444494107394484,-0.022152691260707277,-0.0608651452927775,-0.13634627837246951,0.010166348179479033,0.21900119393729583,0.033777373166418136,-0.05554399268970228,-0.04367702203138134,-0.28498476942318496,-0.059447746050455684,0.029241899681519315,-0.03827614662571417,-0.07067395389442005,-0.027863518981987263,-0.17173943283894894,-0.0036219356694935953,0.026154414848702887,0.04464099267860033,-0.11270889823020745,0.10563912559342695,0.1112427125598404,0.029176315496478353,0.060902120289170504,-0.07071021622371938,0.11677230241831298,0.01696415907141493,-0.04517730263084517,-0.004206767299138392,-0.018025391166238008,-0.06911883403209557,-0.07558042218417672,-0.011450841609867833,0.14739411446967532,-0.0029863717161528565,-0.030168467418612743,0.20029288066048284,-0.007766500234788817,-0.1945860269295218,0.017507471287901564,-0.1303324921963283,-0.046431124790333005,-0.06622251364901091,0.05671173526338792,-0.08064105839695954,0.026079568958019377,-0.050464248373866726,-0.07948094256394805,0.010603607537551771,-0.7007775376479014,-0.10479205826543044,-0.07398429393646178,-0.05218015022432865,0.22652654461900368,0.44909024283589194,0.12686175069128058,0.4785279943081941,0.25335582757882974,-0.018767605159086827,-0.21234740319732523,0.019217444108971277,-0.047065571806477025,0.10439652738102057,0.023199678173326656,-0.11112765005781318,-0.11013493949820471,-0.07942071404358843,-0.0980244537705422,-0.08987221091885131,-0.23645615135580836,-0.13841611616675112,-0.12684883577119338,-0.11852384638082969,0.054869444782532216,-0.2379804649836007,-0.06053672765096967,0.0075582908658960325,-0.02856194428819157,-0.03410753225516753,-0.02737405819228027,-0.05446702980393015,0.0023409854409966713,0.013253679735557909,0.5404224470731066,0.2577047747612786,0.0399779847361714,-0.06998492514779142,-0.02476702721246188,-0.07760557304528083,0.11419435817675955,-0.01201656027221994,-0.21707017809427923,-0.15639401849327356,0.43163218399591047,-0.0980922043975335,-0.06416520537731758,-0.03902220257381179,-0.3023820889617638
-0.016555157841801466,-0.0009041996041743832,0.0826641918410129,-0.05348942965215354,-0.06672688533707481,0.007723458120517607,0.15049459736554002,-0.03020159229286126,-0.13204482155649214,-0.0032730574078956636,0.36474159464512085,0.24954344952319976,0.20680232877928598,0.0492380615977186,0.3210478749726528,0.09947760467448434,0.06462453791921167,0.010981376627162472,-0.0808561518697633,-0.009035582852260833,0.08149322364575014,0.18880102332348095,-0.09864596476902553,-0.08339635006925963,0.07796552390152182,-0.0748167310311555,0.05125197605031269,-0.03258738344118852,-0.015950202813196205,-0.1036533939777958,-0.20643991938036052,-0.06961132979681013,-0.058377930211386,-0.008073617035535722,-0.06737083988923631,-0.1261638819030211,-0.22783367357884882,0.03637185230852045,-0.3071688099019581,0.02273738344689348,-0.15817540485053427,-0.03860525597142439,-0.08871931571316513,-0.019638500707429223,-0.035986953242386724,-0.021547595245433947,-0.030445746527645767,0.07458931858517942,0.01279670135498639,-0.04606938985733096,-0.06076355657502484,0.13228535417298962,-0.025227521976743866,-0.0693134111424648,0.07634548052493732,0.030324345570963886,-0.0009856865901534146,0.31039727845925513,0.027058007258221096,0.3393434924712603,-0.21167681686538145,0.04475429634568538,-0.21191315902291216,0.02795724778686046,-0.024670825330920867,0.008825898894116946,0.14079797172575123,-0.0911599555692892,0.12328113334568094,0.12334297568026584,-0.044518435309755994,-0.016163025767274315,0.02029167952840794,-0.05489439911466005,-0.02032420004988446,-0.04622509869486334,-0.14212897055170784,-6.812217998979871e-05,0.15032305756781958,0.06457979154330695,0.031037092534598958,0.09524558584628881,0.09802372337791865,-0.03264773213310718,-0.005834609536528646,-0.029905437240916072,0.1072838537922793,-0.20226377380696547,-0.07688783221289083,-0.10767288539340497,-0.05528888719181612,-0.046137058657142606,-0.11268135060972499,-0.024649832835876646,0.13770363905794525,-0.09046407271982278,0.11522516440062873,0.2607733103329168,0.06106490181730843,0.10678174758472755,0.07371911672515095,-0.08311117740017798,-0.08333140848357898,0.031029794208429995,-0.021488370901210765,-0.09191845941712562,0.048660911238501574,0.01590658582492179,-0.14024548305856616,0.009240481205314548,0.14066642236372706,-0.1657460335560173,-0.5285688066690493,0.03365038704503255,0.19938073752233096,0.5961788046880353,0.10337175117915039,0.458116777693643,0.13647808805635545,0.0304813030984861,0.04190002972949366,0.1537200766243056,-0.07302194749996348,-0.16795681617184527,0.006312943881373521,0.045438129333592814,-0.18308204526443106,-0.13601054581431776,-0.16261341988401595,-0.4376814148421255,0.049608452046839197,-0.184909190257475,0.06542147721352964,0.029015896998849138,-0.17058997826984326,-0.09121905720831727,-0.2575719237988948,0.07370843259705512,-0.13885840998445387,-0.030255293255115674,-0.15737895029193316,-0.2240380890741509,-0.032932581913379,0.10529764920697945,0.45923710449508454,0.3779225465405345,-0.11319523139223299,-0.02069152205082927,0.05504183991888739,-0.019956910179421028,0.11914596834904904,-0.015187065546785127,-0.03167867765785067,-0.028729845880052746,0.60127214243905,0.047281998234118834,-0.03790095220990996,0.015100980315251445,0.14927783291738647
,-0.056802625641527806,-0.03523028970893055,-0.125134629358725,-0.054537121614995084,-0.0034998098813467265,0.029824612125417694,0.09952485396582814,0.04278504302074627,-0.019981233436556226,0.11469142959281473,0.2139613188969016,0.03779975717687485,-0.1012880302404779,0.016470175686673028,-0.1853860605736592,0.26701489377281845,-0.04534594710081506,-0.23731491167555863,-0.07570725881868763,0.06123946408291209,-0.09491280101672854,-0.08527199792831508,-0.2059832838832908,0.11493787439197137,-0.06392266651733682,0.12046495953878936,0.007652332749619225,0.06298754911161307,0.08413759311501942,-0.09648911865146739,0.007913363738058411,-0.03838592545307891,-0.1563810481277436,-0.0781362075743336,-0.01975948862342375,-0.20550871009353308,-0.11402221451876494,-0.0005465577906822186,0.025957917568650377,-0.09491280101672854,-0.05280610604032751,-0.03741661114566024,0.04670862768838057,-0.03655123906358387,-0.07375845065620516,0.023229736678793637,0.0828135216393708,0.11829756752110661,-0.07618271923233878,0.030341823821487705,0.08499766426376197,-0.033830622661425835,-0.04424205133053486,-0.10647274181812659,-0.10563457785234187,0.19089220345423438,-0.05405260359471713,0.07078673777717163,0.32999907486467395,-0.010821854856335708,-0.08680133634177237,-0.1472580488576025,-0.0045638880184626085,-0.06508337080126336,-0.05089521118780272,0.02686206621687445,0.01063698526340413,-0.08740910571647004,-0.05118393968915954,0.03851279480374899,-0.012339681917474744,-0.0005280087518608574,0.12449556334897205,-0.059039815598551586,0.08216937426549399,-0.0848540475715792,-0.06542265094503794,0.14946719825739088,0.0688461934346054,0.07281060210580767,0.34591414486806554,0.035734637753020056,-0.03636484489578406,-0.11132454215807996,-0.11863710039155352,-0.07956877070500586,-0.15218917330597037,-0.052119665514064044,-0.05800329983927476,-0.0012453688418127104,0.03739819709048164,-0.14170787994720627,-0.05581889243854888,0.17550130921042673,-0.016880560962509485,-0.04196065035933474,0.1390796994001081,-0.06523860408059692,-0.1132251728443523,-0.36827494615631445,0.03486601972970535,0.08577084145811681,-0.015521558726770338,-0.07141211875410254,-0.02887574241055281,0.14249272488105863,0.004446403918469218,-0.009069242149036665,0.062461712371611085,-0.002569959922954122,-0.06419619682080352,-0.09711526138040277,-0.07142995405111187,0.3833423395602571,0.4891065084058631,-0.19800668458700263,0.22375242029279943,0.0594892188429006,-0.08608077052936429,-0.17109948133553063,-0.19212315150501041,-0.0902354139363487,-0.1045988003507606,-0.12631767845521732,-0.16586124258160137,0.00484417306971246,0.10694546569196796,-0.30443431133656046,-0.007922895826718103,-0.01713232062646116,-0.1764630278058243,-0.05419576393901522,-0.25757903492017137,-0.009795020642458047,-0.05311524750686916,-0.24331982908290775,-0.010926656427644506,0.01591854822822838,-0.10613294533585017,0.03768296853550762,-0.09793100678463558,-0.13148246511866712,0.5942935360802561,0.4605463737920149,0.16877670710385717,-0.2178502681751245,-0.05244583339412678,-0.014151823734243126,0.03329031233880363,-0.0308067807175157,0.23821554220603292,0.015144052538564804,0.027452754070483806,0.2144748181563913,0.07450950195370945,-0.1389039396873513,0.04910250970116876,-0.12581975433525533
,0.13832777193091847,0.18233345769422424,-0.009936294873788035,,-0.06315599877384248,0.0881229892313956,-0.029540096749823337,-0.062328362704780704,-0.03397412248373296,0.41724786461228586,0.3267380645380136,0.053013068219391,-0.034576036235794444,-0.10291756547811297,-0.17488909530005162,0.24377030201795635,0.2623482575019969,0.03773866985009169,0.01775248002240465,0.22531991369044255,-0.023661327573960944,0.07580712016688357,-0.0009274086535176942,0.16857077710976112,0.04235787839821965,-0.06507575515950358,0.042478451346799014,0.10903328006243913,-0.21194659601726132,-0.03313237290787759,-0.18887219161316648,0.1606973636584656,0.08618216110549982,-0.03697856524680506,0.05843729453159765,-0.035749894993638294,-0.19401261142474785,-0.299720709203877,0.04806708225835587,-0.009936294873788035,-0.13684811836201735,,-0.05838812318401512,-0.09611468845456568,-0.09581617055723246,0.015393516389106595,-0.17883912956050826,0.0037780116353803026,-0.038362004792457716,0.060666739025818074,0.12150036167051756,0.08353101241046908,-0.046707860719047374,-0.046070717551474405,0.025255257457044294,-0.12184683865961402,-0.045847050985643185,0.08570091568422951,0.4177629498781195,-0.12990488547759757,0.04894109118133954,-0.34835312062381346,-0.10129152410478957,0.014429479071653662,-0.16486675163491846,0.03872448089375062,-0.08471292701595048,-0.09357388249584714,-0.11642373838818383,0.1656581013001907,-0.14581535276102447,0.2031273440540763,0.0020386814973982433,0.3315308105787015,-0.08676773097130909,0.043472571752154576,0.3620086275387779,0.133654383100276,-0.029058877009731816,0.045166439676154115,-0.022984193419105216,0.050935606834812054,0.22052579980037643,0.08213959933038265,-0.029925835766387743,-0.11363378274594328,-0.16805088046330777,-0.0027654652780401486,0.001780619751654952,-0.09696883922036598,-0.11377326218327412,0.23504974183651792,0.15601406457396438,0.038549112546498565,0.11768880877979353,0.10532179518696524,0.29378286115895413,0.1776019655401932,-0.05021313438033949,0.08271671904643917,-0.1437042716806835,0.22960230630384584,-0.11772941797835551,-0.09018033621837915,-0.3217320508776451,-0.048248007713856206,-0.02936637160940909,-0.1277477593362546,-0.06509932906034561,0.04439736510450145,-0.006968382475327418,-0.2105547144358824,-0.21681278862299963,-0.16976773115327443,0.5424352184346697,-0.06643791407175624,0.14287916886247165,0.1855894485474147,0.005580125169159281,-0.04467511078933155,0.060507240227373735,0.18296335309892967,-0.27261528625487985,-0.11258651229875691,-0.12927711658122196,-0.08873563218407325,-0.25373891300618423,-0.16863272973184745,-0.3688648957255234,-0.06437349720262983,0.06766943579516803,-0.042258251255975925,-0.03294530237759096,,-0.11987474098952228,,-0.502874056428668,,-0.14690088705122364,-0.515716570816535,-1.0688436619713428,0.02523409484806906,0.2733868708704056,-0.06818383521164001,0.1409033659434941,-0.4634362666398385,0.17361495446925032,-0.0641361977637933,-0.19518077911985074,0.4316830608208633,0.11897449981873959,-0.06214211779544137,0.04723860175551662,-0.08499397872509792,-0.272783354222277,,0.20963727612252514,0.02494370981907185
-0.0026551682891149905,-0.08023206386746046,-0.03904098561703376,0.08495071751319201,-0.07657349687067538,0.012345461973637978,0.25376684773309577,-0.2798399258517417,-0.07092899067887644,-0.006887518378688851,0.4341896298340107,0.3246145972907606,0.1309437969164144,0.02447922550726421,-0.12757486222844566,-0.1658061999896255,0.001550860419156226,0.2822335663302441,-0.4167060252225728,0.05837569653681193,0.13949412156249516,0.08723219595168723,-0.07276176423802475,0.04247520636354883,0.10637386225003334,-0.12914803975207428,-0.05866696735160925,-0.09531575717751563,-0.027344466330028603,-0.4167060252225728,0.014932775327931636,0.039178748682306024,0.17808941979935858,-0.08722635487851582,0.06974658892075607,0.08574597123465624,0.07035182228273837,-0.08710305995593644,0.014932775327931636,-0.17503412533392035,-0.06689241065159852,0.03223621816449099,-0.156350233447397,-0.006495422088400207,0.00876984060955596,-0.05920596451338581,-0.02730382723107761,0.010135391322880398,-0.17552136673498775,-0.03483184182829658,-0.03094603565617435,0.1378335041079665,0.046941962584688995,0.13882289733124684,-0.005322740243004798,-0.3403686468266292,0.16855655814585985,0.04312412123107465,-0.06887333548277119,0.4183772319924908,0.07335236665126543,0.3618144741727497,0.04140588269585663,-0.05320050217116977,0.07757918747788406,0.12165307115103025,0.06638881765859381,-0.0035964783360781026,-0.24407578412648043,0.04140588269585663,-0.16578981001159776,-0.04497514623718755,-0.14625687707613827,-0.19417178155786832,0.0719057590251877,-0.10284384278574336,0.10343032390718722,-0.20468883409106317,0.045338770990659756,-0.04846170332144169,0.004488283577846146,-0.1109957217959039,0.25522557646603017,0.12572141540729428,0.04980662962549448,-0.046783279358750304,0.001539571083832276,-0.0031014998042863656,0.2781580145066578,-0.15305792892484854,-0.07074412294909788,-0.01750458449555987,-0.007143233413474843,-0.15829212324674788,0.04140588269585663,-0.09592139172617206,0.10702762449121447,0.11436596859001288,0.04586621488133553,-0.14656240721623195,-0.06379180363985965,-0.11077624461729324,0.0600357550536607,-0.003087209033039022,-0.018589932801859024,-0.018638560435061815,0.006635687734910386,0.052412065210091195,-0.0865464113806183,0.023645168987596638,,-0.18160292844349107,0.05902637251196913,-0.10990065664474939,-0.003021777975124189,0.5672069413258545,0.006347765990314483,0.2573640701293583,0.1927492851402896,0.021292577799315704,-0.08354415316034189,-0.013125536126761945,0.022117145451730262,-0.029109477136772317,0.11325580718663462,0.22553274756471947,0.02291637869418986,-0.17739881639647231,-0.29778531033682315,-0.2681803916099356,-0.017835539998243825,-0.03820143907887702,-0.021572668890033515,-0.22037707283921396,0.08091277408847314,-6.234025689515603e-05,0.03710726033566755,-0.327829266521542,-0.15500848854384242,-6.234025689515603e-05,-0.10329246532717352,-0.06161461740915257,-0.1549745664034549,0.4326494930932864,0.31765273202709304,-0.02269211660408755,-0.22250752281256825,-0.01687140940757622,-0.02498403154593529,-0.2464878353315276,0.3751424075761843,0.28043531954425105,0.24562113225091006,-0.2464878353315276,-0.10717088115691974,-6.234025689515603e-05,0.059855834520773976,-0.17896097950318365,0.015431285516890214
,-0.07713193858244363,-0.07815662903659541,-0.006366491480527361,,-0.16177942303857856,0.11051471150270514,-0.1217100304989482,-0.05920596451338581,-0.09047479137910383,,,-0.055016391760847695,-0.18745698613462874,-0.04787224596586973,-0.045168670461370665,-0.130937955843243,-0.009847067249029838,-0.4167060252225728,0.011473812076810544,-0.06994173409178912,-0.07286217367926302,-0.1337590326734486,-0.02508004699535586,-0.03839177661803573,-0.14635868944091082,-0.16177942303857856,-0.004749473584514871,-0.010934244140112919,-0.4167060252225728,-0.30852480966133916,-0.20540458648637744,-0.1255502842982334,-0.013613256523542111,-0.10504409590152725,-0.02469312129627912,0.021993490652847614,-0.09718946572855296,-0.1840375784172112,0.051737331578856474,-0.021334064203413102,0.05772558086952625,-0.2827810840080336,-0.4167060252225728,-0.07971901930045722,0.04400080442839717,-0.07791541837015604,0.09839330429636864,,-0.03102904682023933,-0.08367371553587262,-0.12472827375612124,-0.10911037373148597,-0.010201580365684169,-0.3906235939662258,0.027652150320328955,0.01701035583747961,-0.07818176585911246,-0.21900581447608258,0.023399057449390345,-0.012581019989581933,-0.021962903945840214,-0.20009452274237177,0.05822679687028089,-0.03546899319818833,-0.3696652936425837,-0.12714260927523358,-0.18126805057819725,0.013223650995360416,-0.012932901351280683,-0.07036643202803028,-0.1408605458473944,-0.18797568855399438,-0.17714884465429187,-0.005261925555742886,0.10899470891435435,-0.16838927691401595,-0.13062351685300513,-0.6493569238850802,-0.6493569238850802,-0.11413545628717864,-0.6493569238850802,-0.6493569238850802,-0.1953501038305145,-0.14724943730900028,-0.6493569238850802,-0.08948704114717283,-0.6493569238850802,-0.004152914090621804,0.037218986334518665,-0.3063230998971508,-0.033156772154994824,-0.07197652049747791,0.0473970116758039,-0.09298636706958262,-0.36429532474676213,-0.027232217753044928,0.13428260458932686,-0.28358316175745146,-0.16509827477128586,-0.6493569238850802,-0.26619264838849044,0.03167026667949992,-0.19074418639076887,0.015492385660344608,-0.44998975392187557,-0.4184806878922871,-0.2503864355401268,0.13745113143781024,0.10293957547749479,-1.0688436619713428,-0.48221937244843127,-0.5093805583192953,-0.23013475038874337,,-0.11310757501434487,-0.4719755494107308,0.10184382134744102,-0.5633071790521571,-0.23354611304464512,-0.19313079598181962,-0.3579042899626114,-0.4662434705654507,0.018202068840423746,-0.4343886650287099,-0.5374884984864581,-0.2919990819086962,-0.13830582429313712,-0.0728357176441675,-0.1466484861374243,,-0.15924093492374644,0.043530690888006277,-0.21185355676623713,-0.4415623425576716,-0.12571207914693297,-0.2559935045047699,,,-0.2266467215160566,,-0.1857568985724225,-0.14095974130124023,-0.05411659351792857,-0.19550047182345287,-0.3286606062312025,-0.04100793131182477,-0.14165110437187,0.02159542814462175,-0.5552204775864144,-0.33614288881604193,0.17242604301654585,-0.36408880342124844,,,0.2921230059599838,-0.06101034413019544,-0.11954861892174588,-0.03225787621808831
