0.24089575495083396,-0.25819013839074545,-0.030011715796625014,0.02420566417853258,-0.08453911993041725,-0.1358001409951945,0.08331012612018487,0.0337544758732949,0.03729540516510725,-0.018645955476046187,0.13155669956833435,0.18306682305259703,0.06489471979923021,-0.7108817548320511,-1.3181333938707334,-1.5751857249877332,0.029748577374168354,0.269893221309883,0.07251483660472578,-0.19206739118330798,0.10079176767716357,0.24044459281035085,-0.2961817365989899,0.26770701178376927,0.07894710999777141,0.022633708797746826,-0.4616702120580881,-0.19726145181472943,-0.2486213733273822,-0.49496675437105353,-0.36085802881286644,-0.5430786645984189,-0.11900766893051172,-2.121333613275312,-1.0761445060936194,-2.121333613275312,-2.121333613275312,-0.22240389030652005,-2.121333613275312,-0.0750312589319832,0.11287172597445995,-0.018761029642757925,-0.004444076601212268,-0.04619846889743853,0.05483014989844638,0.013737068505575526,-0.07137159157174451,0.014727639536126413,-0.044503170900422565,-0.06274527147667291,-0.05787285701355264,0.0027197879991578745,-0.5765163728193236,-0.1476208359019155,-0.3332165642400134,-2.121333613275312,-0.24824075131393947,0.056175881457013084,-0.18515717242411514,0.24057996494590067,0.07685067559224135,0.22540774353304877,-0.036413421024843004,-0.13580193429660867,0.0013773034534287029,0.08934024516294062,0.1428919554987007,-0.17841599111534104,0.13989100553767547,-0.10537618175007553,-0.26207692422457324,0.08221738991828069,0.07102434708055054,0.08391730494077308,-0.4217804498188305,0.029818785872397363,-0.30900851060721923,-0.11221663375858613,-0.05392669555122559,0.005753755581742628,-0.01310909453855264,0.02326196710565302,0.21214643104551661,0.07089687739642124,-0.08736668898543022,-0.006473523905686361,-0.015218543616830865,0.0060139890311846815,0.019944497487467173,-0.025198036701775946,0.08688500503724224,-0.008086505839589694,0.07043015157518734,-0.02026540993161249,0.10189694017526885,-0.04639124374314954,-0.003804134588350918,0.024838451077035664,-0.4328216958111694,-0.01739185956540206,-0.11003672545701033,-0.030551016003780865,0.02629028652526292,-0.0296898591981879,-0.044247821760071415,-0.06223274483056792,-0.05572861601280145,-0.06930343484826551,-0.09367366534338839,-0.25415257441512673,-0.10671666550696013,-0.02154453195210373,-0.1660629013636952,-0.003360144634239821,0.2593572276057918,0.29293451377576485,0.022649186950144697,0.16138830967322723,0.2971634541941994,-0.022207547169910614,0.04057729909759859,0.10006391170669832,0.02788140688387107,0.07095023081162818,0.04588802297354706,-0.050578991862490215,0.029292866260613996,-0.00850883134048117,0.03664149789523855,0.04648242636874743,0.056240757863296804,-0.00936040405174088,0.009566550554401823,0.04955566618421678,0.011779982834458677,-0.016662928572800977,-0.06426623855731513,-0.04734211012595878,-0.050858131058123035,-0.11539673136734302,0.10407709707338701,-0.1856575542768263,0.16717242896472137,0.45338633581535553,0.0837357057308473,0.2750431138841896,0.07997734170945606,-0.03135186732897185,0.14291022429109515,0.05279233249672799,0.24091849442448524,0.07811896206095549,0.1810134055859649,0.0592663268731002,-0.04398538123321804,0.1628349026583444,-0.0006474618421446868,-0.06740951353544598,0.004000074691108506,0.03630963297964712,0.034954751600335864,-0.3519143973159958,-0.030693931885524082,0.11088986965208524,-0.104493510100613,-0.022072609013306082,-0.009392665752703911,0.036597902388101025,0.02509401750118102,0.08317439571625893,0.04130819221001769,0.07621574995164841,-0.02932714256733852,0.03015385054621055,-0.06150366790314577,0.04271478813960912,0.04457077311107376,0.06785296625959723,0.020199300611126538
-0.12798989588499798,-0.07321680810415475,-0.07321680810415475,-0.051387185643732215,-0.12436555925465266,0.05990433191305467,0.18352055624985492,-0.10147228651221023,0.04473793064783515,-0.22195892474407522,0.08380710237098617,0.19965103252357183,0.1326488272099304,-0.5604814243777363,-0.4557160458549332,-2.121333613275312,-0.13591360053674542,0.07155562361985268,0.005995445641877609,-0.38985965434495534,-0.007387084460839063,0.24660149493464745,-0.04167738861869983,0.14200593331237285,0.06522936798139695,0.0973704516574738,-0.47025611855281324,-0.010562731907624275,-0.16580872868872537,-0.3641927887114927,-0.35525337279867775,-0.3425197538756911,-0.6031719348835203,-2.121333613275312,-0.3491686017171039,-2.121333613275312,-2.121333613275312,-0.04412238417083522,-0.6807417470601729,-0.1155179587726404,0.21912475419228417,-0.10336434696817291,0.07033154118926067,0.048810588442563994,-0.025667809518358575,-0.055322919354505506,-0.10722548215158781,,-0.07429839091900306,0.05571481447603554,0.17535626890193096,-0.025856330435514083,-0.5183366202240928,-0.22179963673199057,-0.011076121920531678,-2.121333613275312,-0.24719147210393064,-0.2286457096114674,-0.3312153673872509,0.2662290680712319,0.21582928252083453,0.29225357177160827,-0.07490411220960214,0.05244637889231386,-0.01848614107462662,0.18060643310802968,0.1360781487231888,-0.20544617778565608,-0.07570748937678907,0.0822204251161283,-0.26093289289401567,0.08320109510168038,0.10482684850715906,0.13639646457484186,-0.3211564193066257,0.05144949373523327,-0.008793146270075497,-0.1726971840709274,0.11460758245588108,0.053583745301797894,0.05206519296248602,0.07892171849855609,0.19909218169156373,0.04034827301273915,-0.06117463787051751,-0.1112209825645992,0.05996694401505216,0.08021922339271698,0.012303191430247757,-0.06032087855092929,0.1064503642648687,0.032257936415776865,0.026010083171519458,-0.030511664014723522,0.11383282343256534,-0.06617148752712505,-0.014953012498525438,0.10188679484071891,-0.21282322838092502,-0.2826696347009094,-0.15889224451841275,-0.04091477007694307,0.0913488853332146,-0.09110606330402748,0.04135712465858039,-0.04038218898034303,-0.06442678841976997,-0.1652214540559004,-0.2194112914848119,-0.018505368258702616,-0.1250381292666347,-0.09468487064022303,-0.05355101855898243,-0.014305820109946805,0.36819550280318036,0.3176581487427962,-0.04547163125621937,0.21620153038538828,0.27638140427625957,-0.10971723391252956,0.020020060180325636,0.1486498966275926,-0.03671466217210371,0.0495175890594894,-0.07550048617343472,-0.04756455648882018,0.030786518679326226,-0.04539276106595201,-0.10435919916030634,-0.021329374545605063,-0.09974863189656794,-0.07082221640784943,0.042333122645702125,0.024481149304663042,-0.03757093223860459,-0.010782496179129965,-0.026400674031309034,-0.06038169302320537,-0.2683583091476599,-0.03497676518212485,-0.2911852537232856,-0.20808857987877338,0.10697600210435343,0.3305705037010404,0.2135124702575038,0.30831547181916064,0.17906945534995036,0.1562859116707107,0.027532112824549454,-0.04496715904091859,0.15797131811272963,0.010263349164799863,-0.2081472041205171,0.002555883603913563,0.0406554504972165,0.05038689003831513,0.12442229417208761,-0.10518942184910256,0.047547682815164125,0.01899736415185586,-0.09070259424812444,-0.07847334387283303,-0.03896695172227193,-0.08429646377933885,-0.05989119050968799,-0.04445064503805142,-0.07516077432186187,-0.07844518755703273,-0.006058070218705143,0.0551332692703938,-0.0550575974106292,0.11889937213944914,-0.008424130588366713,-0.022233577375583135,-0.018853644707292724,0.14678083410402679,0.47423071138576084,0.10558498600122591,0.06503510201438287
0.07919345999088295,-0.1868597271858497,0.14309749564754687,0.19418036404823497,-1.0019794643846842,-0.4670037715525189,-0.14614841510312496,-2.121333613275312,-0.6028092215703602,-0.08339909632383732,-0.0008145082256524609,0.22068672539238945,0.28006345016902867,-0.3938388551011181,-1.300157773111252,-2.121333613275312,-0.8708989174111391,0.4219411740901891,-0.2338057695459709,-2.121333613275312,0.2851231137841466,-0.44720233649246277,-0.21362376462143937,-0.0505588190927556,0.06402937656669386,0.19524259753561565,-0.5434551163523637,0.15595411966915493,0.05571481447603554,-0.12021903736913628,-0.09889485963524254,0.05571481447603554,-0.6634479725832315,-2.121333613275312,-2.121333613275312,0.14692755468554194,-0.04091300692848141,-0.4902269222707776,-2.121333613275312,-0.6980695274718897,0.01259547086764273,0.06208237843500976,-0.06414203284204258,-0.06778530717599672,-0.061604202176188755,0.038013841526811816,-0.07501858473570204,-0.03044269609971048,0.01480528442094197,0.02146389644877922,0.09832291089426373,-0.4338343768173969,0.05571481447603554,-2.121333613275312,0.16689393702184974,-0.06738138883874524,-2.121333613275312,-0.44105514100730653,-0.3135864312025074,0.0341647981688288,0.34731639815615767,0.15568623813224514,-0.18379531523139184,-0.1367330146662117,-0.0610920368606536,-0.11175362948515921,0.2358081837299142,0.05571481447603554,-0.0025150122343597114,0.3243979011337981,0.3661579536516802,0.12938535048016284,0.08369846741005457,-0.2122450868480995,0.1358786344563071,-0.5570991002336799,-0.5323760568065427,,,-0.2988709797967649,0.04190797812305205,0.021748014811205047,0.26148375902400134,0.01179378585701805,0.0742627495426534,0.08520595753962684,-0.09338200162071186,-0.03474943573571965,0.141228873999658,0.022772754926077655,0.05571481447603554,-0.04974603328205996,-0.16835371714733913,-0.04069359217316901,-0.12464353286065943,-0.2194112914848119,-0.06477160359470575,0.01782084449971919,-0.27475331543847115,-0.17734110780952855,-0.2142123799333746,0.047869073859561156,-0.1288896262326457,0.12760599464618988,0.09538657542845386,-0.010782496179129965,0.12760599464618988,-0.32815978735465157,-0.33746108953865317,-0.5928325564365793,-0.9752682624259108,-0.42149508380699113,-0.5419451751385451,0.18370390611777973,0.20428270674323132,0.3032562599373438,0.0845822808651735,0.12760599464618988,0.28536353419738864,0.10599050729097843,0.01027969221753765,0.19737515966348207,-0.053271668383418645,0.07408246040422237,-0.11427233673710517,-0.06262750037581233,-0.04770709263240196,-0.048182870271716895,-0.14677813822948865,-0.01456476534805179,0.12760599464618988,-0.07918539933919726,-0.034435935899466634,-0.027036245715909842,-0.08958021133378341,-0.09726751500748779,0.030222346371125645,-0.10823366087271367,0.04907495406154725,-0.05260144728858008,-0.0037200656196293242,-0.17354604614309535,0.21612503281530332,0.3030675378268846,-0.6970754873838926,0.3579571260507053,0.15819330039634893,0.11471935616519581,-0.016852345954279695,0.17233540462413563,0.3127314706212013,-0.002765480764770597,-0.049199227625378254,0.0449947330064865,-2.3544815521220444,0.10841050311659015,0.04007851817514604,-1.952147587820307,-0.17945041248184795,0.1270227596263557,-0.04484475638367927,-0.3858369144858048,0.044309946680911844,-0.1326571927636176,0.08880401900174555,0.05246719705347529,0.01199965977836447,0.06249027042917705,-0.008188632159988425,0.13714395563294368,-0.03744351335475662,0.16824154853800977,-0.024406441624678817,0.009702543822808943,0.005475594807287604,0.016238299747208165,0.17514966232155346,0.07079180474843558,0.10133491318919742
0.002826020620069604,0.07630737849515583,0.23226308109405822,0.15792610147758301,-2.121333613275312,-0.6958138257117258,0.25044345574847404,-0.26909501175307987,-2.121333613275312,-0.011511187417330771,-0.025226703087279836,0.1996168806720427,0.2340678142015458,-2.121333613275312,-0.358594300093873,-1.4999010360208864,-0.4543303266321822,0.2793427725075789,-0.6776227771622914,-0.5914640597470774,0.06366645601448104,0.24537044603014999,-0.5248757030926972,-0.5555892154506786,-0.07034725188674731,0.1086181763231978,-0.9997978679214855,1.5217038676135854,-0.09160938657300284,-0.10025453071704211,-0.5253079755312333,0.15199659640973695,-0.5904070905915707,-2.121333613275312,-0.8794239417971349,0.05571481447603554,-0.35274784689100386,-0.25351662465823244,-2.121333613275312,-0.7615525972989289,0.06663324075229754,0.17533038479257607,-0.028723396256225907,0.03710091648746727,0.09481118635322025,-0.12512978100434105,0.00657722091956588,0.05571481447603554,-0.11135831874823099,-0.051689227592234266,0.14857922295313497,0.0015126205641666345,-0.0421333708834996,-2.121333613275312,0.5017256569922747,-0.7977639600798689,-1.3435279592695344,-0.3770294031637609,-0.5451280761157657,0.14827542234163232,0.05571481447603554,0.05571481447603554,-0.12823100673920765,-0.20623638211778317,-0.18599475533935947,0.019271463876865964,0.12421568893565113,-0.20606320818171375,0.12283657734159638,0.31232353010680197,0.04621565969649635,-0.18225694444253449,0.25345178093145265,-0.04531255208060699,0.05571481447603554,-1.0794807104238109,-0.5822215180689634,-2.121333613275312,,0.07082748123032573,0.00020533191450333724,0.016135237901739055,0.2036931277853791,0.06997838154880534,-0.13443156701180103,-0.03457908749715724,-0.10624672585371446,0.183072491830041,0.00028652109559836704,0.05571481447603554,-0.04321391030417379,-0.1999047378838829,-0.06189096533194255,-0.09029400024202289,0.07404078892258643,-0.2501986473424675,0.12760599464618988,0.174032586547491,-0.20639495994671922,-0.0575912796981484,-0.27614265655985065,-0.03288771183556491,-0.002837393414371977,-0.01984939547768053,0.01590092638310483,0.03005465511954042,0.016249671905032816,-0.10829777861549296,-0.13431862158510696,-0.595975764048252,-0.3317349692611825,-0.6195284185209682,-0.46283045733981554,0.2241055211169644,0.26624218504571373,0.22657712255575102,-0.01969696994244368,0.2904677642038073,0.2922759850410344,0.15867712671549566,-0.056638998331197864,0.1827897484588108,-0.045814047077307754,0.11409345844704073,0.03882133860920641,0.050815004606713565,0.0012368552585596182,0.07291815715618724,-0.011920906104189425,-0.02919956012730584,-0.01509907403656966,-0.038515307719288065,-0.02925137893922853,-0.01462528486462501,0.040189155396135164,-0.046239910103077056,-0.06145129963278483,-0.13508266341018652,-0.03373445862000554,-0.17078829684925306,0.032284646986536714,0.17007060099470003,0.24418633084577532,0.3225985452432135,-2.3544815521220444,0.22783499481356795,0.10472345614711315,0.0932875997937676,-0.074456929541571,0.30530155612257753,0.21307335319773751,0.12760599464618988,0.07973389836852753,0.16027412567950908,-0.4783303630278863,0.12813213486195643,0.009952240829782834,-1.0985038152575248,0.05956530494028181,0.055297702045531964,0.12760599464618988,-0.40575728763060476,0.056451491907050066,0.08109445905048152,-0.0861652144194083,0.004092078108804364,0.13991470713399642,0.0665275982157851,0.07137013411792159,0.05533783327586455,-0.09482582049853974,0.08139749939855985,-0.052017403680504025,0.008824127854192839,0.12760599464618988,-0.017723780423520463,0.11330569655689252,0.07735099175726864,0.06610959377451651
0.009620695382528428,-0.3211564193066257,-0.032122838734808715,-0.08500608577339101,0.2646748832850759,-0.09328471826829193,-0.01677968736183971,-0.06414203284204265,-0.6971356231871512,-0.12172051662899487,0.03533507394980335,0.17432089494062492,0.13092534288917818,-2.121333613275312,-2.121333613275312,-2.121333613275312,-0.76025637494753,0.246192362726603,-0.7011225586252399,-0.4235193191222311,-0.032479019964450156,-0.016273089662146186,1.214580556499776,-0.4243611269255456,-0.11750335945234419,0.324808520120054,0.003067362872137459,0.0335980572779073,-0.23170440293781502,-0.9119183403280388,-0.2650794147795321,-0.4603687955716465,-0.24983601072995285,-2.121333613275312,-0.24477731039918346,-0.4670477655053728,-2.121333613275312,-0.22122687003301875,-0.13443156701180103,-0.2286302602653213,0.05780378142049027,-0.250948425780267,-0.032122838734808756,-0.06414203284204265,-0.04721586611666714,-0.12860724821571923,-0.0732925998550559,-0.08889325977450507,-0.07450423072280653,-0.018879747732490307,0.07971815897136185,0.04030930535326879,-0.4727958315975417,-0.06781584663626462,-0.34768120481372056,-1.1346578309252242,-0.3670517841578461,-0.8833460177570185,-0.5208106002717962,0.22340486348436195,0.42754598664783766,0.620033239900307,-0.0668761797022676,-0.07771322759934955,-0.10030424610948704,0.130554787124192,0.18670433078855372,-0.5174342499147487,-0.08193901466456975,0.07389752707724803,0.026996744001885294,-0.037617247334947805,0.008253271869740878,-0.19485023664626677,-0.1307989303144255,,0.05571481447603554,,0.13986959139984015,0.33395214469530216,0.11707400464396078,-0.22405999186263217,0.10874611813560246,-0.11788598963561601,-0.12008289567289727,-0.09246033905440908,-0.002113429536289093,0.17988802892866376,0.07664314238369607,-0.058352159017177656,0.18226352558076503,0.01469198570901898,0.19181446954613446,0.15510011055324402,-0.14007785154110333,-0.11442569088212977,-0.03158876143745785,0.32787637634022915,-0.1845393450383537,-0.05629451178772498,-0.140152956236407,-0.08983643201723374,0.27790132816940416,-0.1939821060545109,-0.04058484381241534,0.006670370387936815,-0.10178639384523454,0.12366792907708128,-0.10724518180450757,0.12438372242674939,-0.11368108646858074,-0.0009353593476940359,0.15084318474062708,0.25145994496737956,-0.3670662922020534,0.4167217036374415,0.18760208275160722,0.15971421428126695,0.22392406103573942,0.1894885717219163,-0.08765384773282507,0.027429041593747996,0.06947134154678637,0.05420466846288063,0.013013668210731594,-0.07654489111225074,-0.03271653900877631,-0.0004888861326264757,0.15605188067679243,0.05068280663043963,-0.21273520874122887,-0.05060057577955238,0.09714136407779242,-0.09648534202328474,0.014292734720433048,0.012199601483845812,-0.004468798903116426,0.11380555947521354,-0.2274752248128611,-0.047413770299330915,-0.03421925518784353,-0.2185943160660011,0.14980440779383314,0.19787776326270978,-0.8042070146104907,0.22741413741765362,0.06683579849721513,0.1980987404477122,-0.12061662339150628,-0.10900004972754737,0.3541061296398821,0.12451830644177696,-0.1327413888522138,0.1404317376056323,0.12760599464618988,-0.042104241239262985,0.10706580342331411,-0.1201994859980477,-0.10015374180726243,-0.272337410531804,-0.09283484826526614,-0.04007644685951637,-0.06021570915601845,-0.22134973207452785,-0.15693810774901462,-0.041763557742516846,-0.12118187003268178,-0.08328363184903242,-0.00119525512170586,-0.0030354427197063906,-0.15648873158867144,-0.0050395854418490505,0.04723389232070903,0.08103352389577935,-0.00459494866887022,0.020682337484535226,0.14283105633916385,0.052401956918177235,-0.13247435528925383
-0.006777369886405043,-0.6149642116730698,-0.03637369255686818,0.17929888308483402,-0.10910589965132128,-0.04693515414312462,0.022724515835568455,-0.0824935221631114,0.049803419733365696,0.11753505397416318,0.008398929645950072,-0.04035977030349135,0.1867533626464225,0.029807391770560104,-0.6653696748662862,-1.5367583151172954,0.1702830712212026,0.3631145559904227,-0.1371592692026382,-0.3079529958320978,0.21067738451878487,0.15062858252029038,0.32541174600434475,0.5221321497989071,-0.12337981058026103,0.30178301868588686,-1.4451300806540686,-0.16975282586081383,-0.0963986502949959,-0.4465213559770565,-0.714979847066451,-0.423174480267544,-0.6130831986575213,-1.4304792780793651,-1.5196909765178654,-1.032904128041689,-1.5276426063996706,-0.04016291017713709,-1.6209932612748545,-0.27092445537092513,0.18088865290168055,0.03147698613850657,0.00978411701524904,0.07880680738592999,0.03686631319914748,-0.04382952007020556,0.018926902232541457,-0.10831274592518762,-0.03553906670079886,0.036940267423717726,-0.1189712629597625,0.0813809180934397,-0.403824901893913,-0.7937852014748339,-0.09471042705323493,-2.121333613275312,-0.5383060118968386,0.023370616066394692,0.005504415139209142,0.2128053832644233,0.0968989128502546,0.2405018177673416,-0.01573207685949966,0.30952226894439155,0.02898289961548991,0.06420585042154102,0.19951512884454922,-0.13618779191120942,0.011088800407436634,-0.1228148733450502,-0.29064171712751496,0.2114628410094791,-0.027773881267518265,0.019018412853554205,-0.1520044218708271,-0.003795959844510506,-0.7592406732070418,-0.608953180924137,-0.029429357762151456,-0.09552422915802736,0.06534623645775915,0.21442420725225747,0.2285191868290879,0.24694838383198034,-0.015561809771907863,0.00558601649324344,-0.004610461792802507,0.012920204125843134,0.03639199959220956,0.032043668142686325,0.022926271906911464,-0.13644989241290448,-0.007515207791550964,0.009421533124573118,0.041208578758187946,-0.14096050040756544,-0.021147859637739057,0.29565696929391333,-0.48899576674927003,-0.20400698117305174,-0.16370674502426757,-0.11083292418846968,-0.011342630438608338,0.008487707852397544,0.04280407770099254,0.0019799886188947777,0.03769612021069198,-0.08235651240386144,0.34786773195606063,-0.34919677881704453,-0.2771053224531139,-0.21502177538247697,-0.28419546461587786,0.16988135448238045,0.18350681127234608,0.3984500953418153,0.07151175200412258,0.24888699566864542,0.3582256303476644,0.033495515268602095,0.006958545827681721,0.1450167954503459,0.060514132266902866,0.09400983088268444,0.005554166322049941,0.004454849797392343,-0.04100331519800635,-0.005644204935698793,-0.07752746964655853,-0.05820004239251433,-0.10293446781940783,-0.16526459099787244,-0.022155318846211497,-0.04337617188820734,0.0032153935887522626,-0.07103583800128023,0.06251600357132331,0.022600380396932854,-0.03580369727156459,-0.08987207945736106,-0.12692236463166406,-0.16481751949629136,0.10428169843880752,0.3132052249597079,0.3047677439814814,0.3609238746871266,0.25910787089072157,0.053203411079226104,0.10449817016105818,0.049600029032664444,0.2676455879434567,0.04239413825544693,-0.12749147612365036,-0.07121822743725291,-0.334694691225864,0.18323301574970435,0.03159566524245302,-0.1603340145441998,-0.2016294583370901,0.04345706729299044,-0.03415156749689755,-0.31914285341684184,-0.004359323828969662,0.22715087407673196,-0.020878647892689117,-0.01853900431654926,-0.007827803066848379,0.005369025719803028,-0.003054678711638506,0.06761364568555965,0.07004328567600589,0.013068131926238978,0.02669090347178829,0.057995024754787315,0.038435776497903924,0.0492585967642149,0.08487476733785337,0.03697143068375047,0.06233723846994276
-0.08330085610503349,-0.41902188181131544,0.07658531684545303,0.0951883917698079,-0.04981662659840721,0.13105100764293576,0.04333414128705003,0.22292393475103014,-0.7425130544913638,-0.08433942266475071,0.1043533894606712,0.15585529213947577,0.24429733580605215,-2.121333613275312,-1.1133867789247982,-2.121333613275312,-0.06514888175907783,0.3231754465578049,-2.121333613275312,-0.4225568933333439,0.1920364176770674,0.2660743875870494,0.126355074486489,-0.16193850043813096,0.033880601862078065,-0.03870344658025052,-0.22602891549471596,-0.015426109178409,,-0.546756771561148,-0.14061042467616205,-0.5433423849354139,-0.449769042655316,-0.835315630086773,-0.5392480943554273,-0.33601231502045537,-2.121333613275312,-1.055778532141443,-0.39369279552710357,-0.3482835426546705,0.026880867164828664,-0.07992980622001465,0.21708038811986674,-0.020191261278511584,-0.001818446058782055,-0.07609759059422957,-0.0722700917379939,0.03357793834215266,-0.05883155466646294,-0.07480683433831826,-0.0037263369334193694,0.07530244688952038,-0.42930360160893366,-0.32238858551858035,-0.22281025836436963,-2.121333613275312,-0.473993962492845,-0.3570927388923709,-0.1967917952594353,0.1660304137558001,0.2762892522009942,0.43864051300430607,0.01549201222739789,-0.014059140430276024,-0.08049952034552305,0.17968051935438112,0.15403224321662293,-0.10278720288402773,0.03979252542717459,0.050398600170200446,0.07726003666295085,0.04984179015561702,0.04388188448066755,-0.19216426761523883,-0.32349976096875577,-0.32711293143860193,-0.14935628164374548,-0.507857729056994,-0.07268605156181822,0.16084913394677655,-0.03491054928002056,0.3714464435627861,0.20111119293917953,0.170570832945455,0.03993090226641654,-0.15409036358975112,-0.12081553777083805,0.14314907886771153,-0.021799695322056195,-0.02929118126000691,0.05364302826960604,-0.24904104113568465,0.05571481447603554,0.0984571013443114,0.002903108115981984,-0.2101730710163422,0.04973540863699268,0.1251855916200333,-0.2130445584013307,-0.1676253808437421,-0.11704621622694493,-0.08203312283300349,0.14816084416592937,-0.059422217591333905,-0.06451986322915901,-0.051326057103829134,0.013238905295449035,-0.14164861400641826,-0.08983643201723368,-0.45135175316230075,-0.43716405275936837,-0.39210002650547376,-0.1553949620090688,0.17465651977425928,0.2804448404584454,0.4158384603769422,-0.04005750426725855,0.2592689581923159,0.3528527397269286,0.024241690820449958,0.024272260213207844,0.0656495098837384,-0.12053867938391843,0.035331601382546624,-0.1397583380290741,-0.009073340899989478,0.01849333584933231,-0.050321400213114924,-0.012294568386307554,0.005327166771801914,-0.12612086666665562,-0.09851535269779803,-0.21448540990175127,0.001938409830647255,0.0019437538601812217,0.004684714496415421,-0.17664389742207315,-0.03299632104116736,-0.03548325733657156,-0.047551955623831715,-0.09898201594809095,-0.009325868676105045,0.22072415453209673,0.35383063550004434,-0.7820071535406793,1.0774772657846206,0.09378611004203131,0.26645589877005893,-0.12221786744631412,-0.0858879885457393,0.4356002935657244,-0.06004369094318943,-0.11325960592166699,0.12980523705628522,-0.06234374341907241,0.0627020242493623,-0.10864960553584359,-0.7902144961488409,0.02395964444447096,-0.16887787922188355,0.020996990786501038,-0.14165986920939377,-0.024186061141515364,-0.07316806851091703,0.12760599464618988,-0.0329730684676188,-0.0470375935468976,0.09420447393867146,0.006454341113302554,0.170685615142307,-0.14945926440313884,0.02802074602554563,-0.044205362034997045,0.20939592390298495,0.058954866764882215,0.12739608995794027,0.1025615541841386,0.013689996412291471,0.014467100431083806
-0.08949003149711052,-0.050092208575979257,0.044047016903541514,-0.1347523166066628,0.1315647772625118,0.059922919128155984,0.1452087052274489,0.1750286127981618,-2.121333613275312,-0.03575489876060178,-0.026094028543443715,0.21189481738159552,0.3089698061063544,-2.121333613275312,-2.121333613275312,-2.121333613275312,-0.09439181991437817,0.06620535729625457,0.05575668885863817,0.05571481447603554,0.13048843085328943,-0.14530182205136957,0.05571481447603554,0.27046673424025625,-0.05213286295899392,0.10515511023896872,-0.511257705245006,0.07135710342703916,-0.03119627902119092,-0.39255007593540847,-0.20042176166047196,-0.38181145209433176,-0.7272028327478568,-2.121333613275312,-0.06527075143739759,-0.5753904050305662,-1.3689533940909717,-0.036829644680798246,-0.5968265781423796,-0.046312865578166246,0.11560982652205462,-0.10036658339076984,0.034589264299897664,-0.02569620607382888,-0.11289314932296528,-0.1907090498861998,-0.11834271428514294,-0.14847253131402155,-0.13691105462543013,-0.1685276795856471,0.10664489815771211,0.07103083156262546,-2.121333613275312,0.05571481447603554,-0.05048625561981853,-2.121333613275312,0.09873593762371946,-0.8069468828187718,-1.1999956012476243,0.3630205630878798,0.34156434620463594,0.15892589343725513,-0.04439310066681445,0.06228868373634093,0.1897260173340153,-0.02663732972826824,0.30612684984502964,-0.421569699131873,-0.22496872348929997,0.011231382323501758,0.04175176720781203,-0.21158591837506507,-0.050570838084735656,0.3100719006955931,-0.2307210479542827,0.1839530455988406,0.03710091648746727,-0.09592880345883431,0.2589088847059664,0.09056046255882799,-0.017565560028064277,-0.24161923832967575,0.05571481447603554,-0.06966904847842009,-0.2092533852011813,0.10766405253023184,-0.24318397188280694,0.12133549805110753,0.02381223952993614,0.07507034342297816,0.04726841210415466,0.05571481447603554,0.06592651480875797,0.003490046855527019,0.011118780273166434,-0.0674762489008912,-0.15055867482989554,0.24919490082494009,0.12760599464618988,-0.09927142484191763,-0.19479112681254224,0.08541305204210002,0.06033712393614136,0.05144567373575716,-0.06432551555791904,-0.03938935547864022,-0.17695777139686605,0.04570111931577897,-0.028491576045361264,-0.1171156854330452,-0.037623918082975924,0.15928804783215172,0.0691555048257073,0.2672175098888013,0.23659798581176272,0.2849772364427018,0.08041257891067144,0.10557298826564283,0.04386037299396057,-0.08685675851664713,-0.024776221361924842,0.08917634840331543,-0.06051939920109633,-0.0010593964999347405,0.07501399792728922,0.07405915289456048,0.07714681503333172,-0.019210325077432873,0.0958358631177827,0.06143119363869864,0.0811047892110618,0.028249993757056148,0.18754695750674025,-0.018765799440230282,0.03578098058805909,0.07888166521582107,-0.3411329355505677,0.12760599464618988,-0.38065930352452154,-0.21361187037288434,0.12760599464618988,-0.2752073889656168,0.28523340915697576,0.3180685651331259,-1.6957808331373128,0.054286266746276846,0.031257160573662145,0.1856413417757321,0.1280657987277608,0.02084596195813903,0.23112470283028735,0.08725939442545094,-0.052586954825474264,0.20864902831952595,0.219224273118972,0.44606126555449516,-0.15082690129767645,0.07198169501596252,0.055188787248258646,-0.3732045361972265,-0.030495383514511015,0.12760599464618988,0.08008883089969297,-0.08721012564267519,-0.022619609860372106,-0.16035375398753124,0.028211304693948527,-0.0785044273992715,0.06283608897644595,-0.14335730934485771,0.09416306782913705,0.00018382541276903803,0.10405187635781557,-0.10511154284345238,-0.023857560071460997,-0.032741627058413394,0.0686179132780254,0.016633592967689726,-0.10001996323481237
-0.03161315033777682,-2.121333613275312,0.20521244581650944,0.05571481447603554,-0.514324084142277,-0.5067097944135158,0.07088842106558484,0.12881430021655155,-2.121333613275312,0.10439808601028418,0.3953875187850183,0.12412853821808786,0.18156155915871564,-2.121333613275312,0.05571481447603554,-2.121333613275312,-0.5350052321627751,0.25507076899372066,-2.121333613275312,-0.7577447227599604,0.2246404270174061,0.27782438997347175,0.19111430264935153,-0.17077092882182032,0.08951855528218576,-0.35215564286813794,-0.8385373650465299,-1.0440269927430703,-0.14129920172001556,-0.5427628141585529,-2.121333613275312,-2.121333613275312,-0.1990019958457811,-2.121333613275312,-0.7705993425314599,-1.1917350210493092,-2.121333613275312,-0.46062762801761703,-2.121333613275312,-0.26093289289401567,0.05571481447603554,-0.07078625832023429,0.1161861066470141,-0.03407683953144481,-0.0018579397245965163,-0.010108292300849362,0.05990433191305467,-0.03277806539916777,-0.15420315689868805,-0.037346809245074976,-0.25616369341418216,0.09211914166741265,-0.5253079755312333,-0.6378460010592796,-2.121333613275312,-2.121333613275312,-2.121333613275312,-0.18322766716005662,-0.3502162331330216,0.5818498255390372,0.21163237258370704,0.08708859876981043,-0.031158098909482165,-0.24522060060756493,-0.23738361220959217,0.03432051574682453,0.26028369729303413,-0.2524220589248103,-0.22942299797289373,-0.17580191522608438,0.14112673322437908,-0.13657548996900343,-0.2390755159434291,-0.5290582289631578,-0.2609328928940158,-2.121333613275312,-0.0304819478354746,,,0.03939920135515777,-0.01588395620549486,0.15905248374450695,0.003448496679057821,0.01995590471608218,-0.07501858473570204,0.07804212836849886,0.05571481447603554,-0.03515091924389339,-0.0835126121861682,0.02827292054094824,0.2941153029520504,-0.1879610289894968,0.1720622335749302,0.0668266611586336,-0.014874467117349497,-0.03251247154790585,0.15069665570668092,0.17754319161645618,0.4856491492723008,0.4009064143379237,0.007125610912319678,-0.047686761067032984,0.12760599464618988,0.10260224666378573,-0.13179056520974775,-0.0034871403020459175,0.014292734720433048,-0.22903594684577602,-0.11239522868444615,-0.27945730905060034,-0.156674209017662,-0.7340164768708362,-0.5656238645031758,-0.0988061435148313,-0.9901495674550493,0.12760599464618988,-0.22560664753849674,0.21798835039445133,0.1536424296231662,0.09264551266690634,-0.010967546451052053,0.1878347099492124,0.011195634778255985,0.013402028094800433,-0.2131375451902894,0.040809489208310346,0.053303899475062366,0.08663933762855373,-0.19101893917396612,-0.10169130162089902,-0.07540826511835122,-0.043943643400960866,-0.023041308928959024,0.07528026223550043,0.08206626806380621,-0.08871378801155486,-0.09025374345306958,-0.27077140816127304,-0.13754474628454857,-0.08800991822630215,-0.11969737173428478,-0.012350511049634397,0.02123218216762292,0.24670452957710676,-2.3544815521220444,0.12760599464618988,0.03433351373199048,0.008225979187177497,-0.07289317233931843,0.0024000851933742694,0.23231576243341623,0.15509595510289098,-0.10615730525179735,-0.14798986748857132,-1.0676024893359615,0.2547146493389495,0.02577511803361734,-2.3544815521220444,0.036508799655865606,0.0961607719698537,-0.011347369307479779,-0.3591294008556365,0.030746308948573418,0.12976367130303432,0.11644514864963268,0.12760599464618988,0.05870969575509533,0.07479370374884053,0.12760599464618988,-0.0435164435955484,0.037277773524648734,0.09105792209799181,0.0015532796824755254,0.16310337823364665,0.02619020800854692,0.11020854759346181,0.10785294771303447,0.051129926421978764,0.07019972953007973
-0.06739833799981658,-0.22448706372226845,-0.03559705683127289,-0.14390313756725773,0.06320797145453388,0.09702140598978609,0.13122558626974837,0.04137106693359271,-1.3454090685726086,-0.06476257393574202,0.23332660189632426,0.003772269822824083,0.2472547470591366,-1.4345358136634898,-2.121333613275312,-1.5311561777433842,-1.2230999537616036,0.013203483971561885,-0.10121275096761811,-0.24539216989771873,-0.02988745438172679,0.14302997275207985,0.32427239900079385,-0.08835642391647901,0.0718497896986521,0.22781064441922466,-0.39373483227712774,-0.11322885070512238,-0.12683476053878495,-0.22498482386254245,-0.06792862101641003,-0.4649711988028168,-0.7715748980820684,-1.3319342257674227,-0.33107096033915856,-0.4422342790732004,-1.7641751777777972,0.20232317508893394,-1.8525861433414466,-0.24481263215227755,0.06638488271826105,-0.19429652284524365,0.01997102139499637,-0.07393653317527474,-0.12422965833852419,-0.11450952336236446,-0.1401455507989336,-0.21998889534177313,-0.0020133808500861893,-0.06408900161432059,-0.015524802302141726,0.04258647578403639,-0.6812159723977598,0.0006206225720187092,0.06598733689957423,-1.5846199486806163,0.0854613677226934,-1.442955957544825,-0.9820693663197934,0.206076605688813,0.32997815259649527,0.29520684640365435,-0.10210456860418544,-0.02641181016603089,0.2165305976324956,-0.03778342544034337,0.21585535085431903,-0.1596232967597548,-0.1548979547038369,0.16162038787527816,0.2976194778347597,-0.053112190191854605,0.03693409031271458,-0.01825193942271495,-0.21554085405222712,0.17022865026422052,-0.12127610747714775,0.011591363531315638,0.08702875621210153,0.03000680795251965,0.08189033456283483,0.023255217457030946,0.03533854920491328,-0.06101586222438517,-0.037480467619930714,-0.01354808218593311,-0.01968567536657807,0.10641810262408531,-0.044167971227868384,0.05641650192543366,0.19138583152703845,-0.0454890367412371,0.054897229110734906,-0.03235946821422246,0.018106243064276037,-0.06836560911297623,0.01351058551265039,0.2324125577004714,-0.04304145165089238,-0.06506711975320055,-0.12511256013474462,0.19535245161207465,0.12222680491997415,-0.012032180778731957,0.029265243057204227,0.00824863066355223,-0.039885376120510595,0.072383821409667,-0.07806974728885832,-0.005833487866599159,-0.06219739810258756,0.0271144815688206,0.07665516816241282,0.1698550959281304,0.24102478422667464,0.3540621315891263,-0.04136302460575686,0.21685375426610043,0.07141658684570258,-0.029695132204033605,0.00019857074989395367,0.10953026611823768,-0.08622245104170981,0.03518605272714855,-0.032938984884506056,-0.041773069006007316,0.012648502439794018,-0.0370007244205807,0.1119070034231946,0.07790371797661552,-0.03101740947472399,-0.003435365700672686,0.0023381087760269113,0.04940858665728042,0.02972073500060722,0.049299230912127866,-0.03250588590337642,-0.017604961016582953,-0.18343055037856948,-0.001395209457935938,-0.019115680424765615,-0.13414409894122997,0.27511882159509404,0.18903884510275584,-0.368141038050278,0.1523379610520941,-0.007911870458664316,0.18786205072124257,0.013444695384935491,0.00422600831121507,0.029054515981732976,0.11037194006855916,-0.0728199145250427,0.3049521227658217,0.09976800291548579,0.05601019746884774,0.03434551910979178,0.10829052045727407,0.018583369569521682,-0.3809577554947226,-0.041102511065608825,0.008682460965379762,-0.05085757473414517,0.08576718918114709,-0.07226977144475404,-0.08717763710522325,0.050768373462794676,0.002112047372642595,0.017027897148630965,0.1461911170308737,-0.09997409703399962,0.017859138705256086,0.2787965055258993,-0.08897485401171387,-0.052459673818416076,0.06867921407301661,0.19887524647782134,0.09283977243946835,0.05040026186189544
-0.03745564394395408,-0.18144274937873756,-0.03470553432471191,-0.16800754185341987,-0.07981685464910011,-0.04590049516653024,0.14130566779780393,0.09749839448848015,-2.121333613275312,-0.17308261191274665,0.0024949176536493583,0.0922780369888803,0.16627374367166678,-2.121333613275312,-0.6378460010592796,-1.361803312397821,-0.029108918084266796,-0.0070648427179577636,-0.45939850266341026,-0.6354934352066253,-0.07149196723634457,-0.04385268524438445,0.267789164436475,-0.10157921150429505,0.018862356519659843,0.26555478941703287,-0.08081064478072492,-0.026255452051051547,-0.09896208831706736,-0.3487005427694129,-0.14058980231025306,-0.3345615545155403,-0.4523232199866178,-2.121333613275312,-0.282501270530858,-0.404462431371668,-2.121333613275312,-0.09005229073201589,-0.6071724674697713,0.014737265941738222,0.07971815897136185,-0.011343603979001983,0.05512159089296563,-0.06095913719045276,-0.09616122694927658,-0.09700807642277956,-0.2940594175034062,-0.12506535350388653,-0.048316246249821025,-0.21872668015668,0.03910617401826246,0.024175031965278978,-0.011309759628372064,0.06812913244541192,-0.1320237330172028,-2.121333613275312,-0.04321391030417374,-0.11912075023459444,-0.5134618872040636,0.19196870753825734,0.4827153588168469,0.33572800422151533,-0.13711389674656152,-0.001191165248086335,0.10197529362042206,0.05571481447603554,0.2212800982708296,-0.16007424241186477,0.1036668490898633,0.10197529362042206,0.05571481447603554,0.06663324075229754,0.046567749190385845,0.03642172676531253,-0.3372310171272697,0.11436472714598213,-0.10101493387342624,0.08584659989579409,,0.11322890468254124,0.08843459688383361,0.01991375947972421,0.21288569557570314,0.08932842230014751,-0.2723180684991799,0.00945422664762134,-0.12951586290924735,0.09157374462081205,-0.19318136395166727,0.04773122532595051,0.30732333060115524,-0.02143723398068796,0.062206289875763224,0.10499378088810747,0.02462853865525057,-0.027985359645313547,0.046666204209237054,0.15497979165343376,-0.11588138100189313,-0.13182348493101842,-0.13375651640127806,0.05262446301757661,0.13078622025622738,-0.045814047077307754,0.18396394597541962,0.12349390297410293,-0.11121069501121239,0.08732774578960677,-0.11442569088212977,0.12760599464618988,-0.10054773636965808,0.012572452748447925,0.03292689247374889,-0.02259618293945348,0.38737046797483304,0.2821503624041852,-0.09974863189656794,0.12666143783859635,0.14662212676372058,-0.012199102444573914,0.0017916219723777835,0.025755907121048048,-0.016130066849155893,0.08182204245881315,-0.006829266016497503,0.04721625735071933,0.05357817054350491,-0.06423554984438375,0.03450570819723031,-0.04210424123926293,-0.20539172640029404,0.13700029037834965,-0.0660735318432926,-0.0015603539769348089,-0.060168747186374966,0.06206910411840066,-0.03390777422164083,0.13548815675586148,-0.2837626575527722,-0.09125898044513711,-0.09102913726008051,-0.11752543612083863,0.26633405436953983,0.2932740416665404,-0.10455171522456194,0.17429109322967862,0.12447548076332947,0.2676887517520889,0.03382135175999501,-0.00525571076968415,0.12404740312533705,0.16409326344591166,0.012274012198753403,0.34007673000891164,0.20417973492484967,0.1403074597489975,0.22674672075684513,-0.0176232308226936,0.03342448623954165,-0.08575971916171483,0.12949282574049814,0.15680009490161798,-0.020072471195789778,1.5509253142137776,0.09436285112862922,-0.020860887394114826,-0.012025150266309593,-0.06161872772541276,0.010429941018394133,0.15766030108458629,0.0979004908892365,0.005109913171546875,0.07047522434006709,0.039477730424466166,-0.07631635474609763,0.06989562892823296,0.1871203390718693,0.11802202274693635,-0.04636916121152325
0.141512532653325,-0.33627249191103253,0.16058333190776605,0.12712921665673604,-0.4136450841475658,0.12383938331284268,0.06959531501837116,-0.07803594389020227,-0.21966920704559362,-0.03178484151234432,0.22313918212350162,0.22025344983946915,0.24200161293859807,-1.4952134515870061,-0.22052756707160084,-1.375314729886326,-0.03892173258294839,0.0907648642244102,0.07058427939401617,-0.20840383834178833,0.28173523619951973,0.23583212458671005,0.2827096148775963,0.1781703428043935,0.05571481447603554,0.10197529362042206,-0.9326975750838457,-0.2302593593045073,0.014331616522871939,-0.47516980546851,-0.49703580522726415,-0.32784033245191885,-0.4437423491425665,-2.121333613275312,-0.25832250876541574,-2.121333613275312,-1.2453676129576525,-0.38275982551142923,-2.121333613275312,-0.2679843670412305,0.2264196989960409,-0.03641556961756576,0.02980805831342584,0.032415336654609,-0.016563241624640696,-0.04633540759834328,0.021332081304084885,-0.060128416000156094,-0.11526769126135604,0.05680345590935579,0.02022530411433212,0.01935724184303422,-0.31606790608794666,-0.16863233869682434,0.06902767940778952,-0.6283791683563609,-0.29021195724882914,0.12883691101614014,-1.0537485067057757,0.256445618353381,0.15039774822113922,0.4406743204596245,0.07336297278735357,-0.08726049233611267,0.061242197865178725,-0.018012035920203975,0.2199147735404654,-0.06705809488291559,0.007298126896270721,0.033317149944472976,0.024527439667990394,-0.06414203284204265,0.03803468812457137,-0.09724470670607333,-0.22573410187122966,-0.21893882842877765,-0.43170943727690625,-2.121333613275312,-0.12788027905777813,0.08247408300982022,-0.09592880345883431,0.3328723679268975,0.15458751312427632,0.05571481447603554,0.05571481447603554,-0.04957857790199451,-0.06143155854605203,-0.11437058223469293,0.09326139197241258,0.08804571057341255,0.13513716742758422,-0.07347446888048415,0.1091546574886926,0.10197529362042201,-0.07673801218788753,-0.1624212076729059,0.022590652382682232,0.06874204775896478,-0.21605453742794847,-0.0035496169181823676,-0.25098180177384516,-0.18494241110235865,-0.0757752470924207,-0.0030354427197063906,,-0.07424112664576428,0.00837968507626446,,-0.10396487910090653,-0.28423594838869626,-0.6657201282221392,-0.21698779335780455,-0.4689374245727671,0.058006473142618885,0.12760599464618988,0.3482223565877857,-0.048254711168853034,0.19000463827596814,0.273659960212276,0.03466531798613645,0.03292689247374895,0.18425396864400745,-0.05516171741662793,0.07021977485678405,0.045905657482897974,-0.09923406801859941,0.04950310011772917,-0.017457219111889504,0.104548633552303,0.006209394455022209,0.030530187687569463,-0.10169130162089902,-0.05452400722097732,0.015376632159896198,-0.11036606615644562,-0.13898055210634175,-0.0528901401106792,-0.19271074949695502,-0.10130416143129622,-0.16941310067403276,-0.06410012878208568,-0.14827985639360491,0.125478457352344,0.34188346429942346,0.09458596329400575,0.3580196987126089,0.1704858566169549,-0.036345835720035184,-0.05400469400934943,-0.12888962623264563,0.20118526198827105,0.09491288201890201,-0.008605815319090647,0.06259712124097064,-0.13217798900894678,,-0.05085229490950863,-0.5065751919402014,-0.08688728203281053,0.1108149409118636,-0.039405683547649825,-0.2176951846597605,-0.023542916439614276,0.008842905231418624,0.11794963514205209,0.07264571521737774,0.08117595734344749,0.02125409856314364,0.14163695169238164,0.07852985249568017,0.12760599464618988,0.1443913283978918,0.14627138738981038,-0.09645628401327022,-0.05735557907821384,0.1461501966271316,0.09982018879490234,0.03418898084666864,0.0811047892110618
0.021505236548772975,-0.193090827121642,0.13293615877291062,0.28298709345964557,0.14598168929883784,-0.6253925750081989,-0.8411157984546149,0.19830703776227893,-2.121333613275312,0.005720020388051274,-0.06169651710444858,0.1723701360277013,0.08964322686064363,-2.121333613275312,-1.6478487335307666,-1.6035429423785148,-0.6520807578876293,-0.5328513453543281,-0.6286639321776817,-1.7627515134440597,-0.7423295352149303,-1.7008105215244191,-2.121333613275312,-1.3145956711661528,0.007124424917057796,-0.576788561888977,-0.9978096051478943,-0.0659878450905003,,-0.3863150600784688,-0.487771477220926,-1.6609375661986858,0.10859919919395154,-2.121333613275312,-2.121333613275312,-2.121333613275312,-2.121333613275312,-1.8692926059182962,-2.121333613275312,-1.767502523385452,0.40925823704290726,0.1354141064888722,0.006097636571004283,-0.006925432482361412,0.10362059722524675,0.14130397209037934,0.011571835616160701,0.01900397787097502,-0.028559063351736344,0.08040808258978133,-0.0686062076968416,0.010973811459412139,-0.6192136233552327,-1.441838689728783,-0.58159427788366,-2.121333613275312,-1.3376251978151115,0.06347074068521448,-0.018394617320679794,0.15931695596061932,0.03641887663227772,0.5958869168704142,0.09447825930424397,0.09960728350118839,0.17768802036948741,0.15361145178566807,0.18241175020883607,-0.14861230192360556,0.0036356567504560074,-0.10628403030920412,-0.001632485919261019,-0.0145943710133102,0.0517824657546986,0.03890394077172752,-0.4829336544738678,-0.6559300131768456,-2.121333613275312,-1.2304712273104044,-0.21428006545373438,-0.15543348918294236,-1.733910726237624,0.07445924809403576,0.24217284917113738,0.1091289938073701,0.07678754538868307,0.03867389305457363,-0.0238229387574934,0.02315994789137181,0.0524555575923498,-0.03481463681428308,0.06811374632754261,-0.25543054986422453,-0.003482525279659691,-0.11087662829524184,-0.19383591827089394,-0.2644388195934399,-0.2099540444227197,-0.3163185714889779,-0.21385946703230216,-0.3199786966475994,-0.026339279711434738,-0.10777903996922815,-0.09211200119429647,-0.003738905108171122,-0.10162362997794948,-0.05249247535127289,-0.024133610699133896,0.10076726242090771,0.034829710257876643,-1.9512009780914734,-2.3544815521220444,-0.5509577770378437,-2.3544815521220444,-0.16391621637304168,-1.7744006891108977,-1.6061653911491902,0.3254713483563235,0.10310000652059291,0.3250732364436891,0.010453334980600306,0.06893093171294012,0.13161165385433726,0.09930217379665411,0.073960649260028,-0.06361764008139598,-0.1154866161330973,-0.011031347802775052,-0.03449688621846822,-0.11197920836414225,-0.0825133648856231,-0.14050899577251447,-0.02946205855370122,-0.06884895704743388,-0.06930839570714256,-0.12604885806378865,-0.06876834127936567,-0.11987842468972933,-0.043861579016757704,0.0812214775087417,-0.17931531587017346,-0.4785664701940413,-0.0976164235087564,0.2623919226439175,-0.21246535316241713,0.15664519946652647,0.24333759558301465,0.1191223805143015,0.1438313074206973,0.20768632186174713,0.20722281319505817,0.12772867291190146,-0.08875515883128282,-0.06507332844309369,0.29117008291133295,-0.08300248637817972,0.11297839092953696,-0.0422070469988538,-0.4217184401353821,-0.6677844061200514,-0.3999196078591278,-0.5919528511194023,-1.1240716747769457,-0.10515433578286804,0.0247194902517137,-0.0050445905510618,0.046500612541011836,-0.03799155727367102,-0.01422517709763085,0.027747722481242867,0.03619949036484928,0.037106113406426784,0.04598273653249717,0.1264396843689571,-0.06955519123023599,-0.027358139087411536,0.1069519580571896,-0.02309830710155616,0.09246359900749718,-0.17891105614851466
-0.008869215583799465,-0.2745886701162398,0.11138117184895438,0.1329028000788144,-0.2977172719891194,0.04312123277955378,0.07947002389875771,-0.05475629870105545,-2.121333613275312,-0.10924877230627729,0.07885683412635201,0.04394576421073481,0.32050982216040275,-2.121333613275312,-0.5477848770026342,-2.121333613275312,-0.12643837723920212,0.2980609547325318,-0.2023248546066718,-0.47855984412108105,0.05571481447603554,0.0459068661375506,0.09402882530331694,0.05571481447603554,0.07879409978095284,-0.07282141955842823,-0.5335946055217866,-0.1990019958457811,,-0.33821437211080196,-2.121333613275312,-0.39579285589775415,-0.6924086569772301,-2.121333613275312,-2.121333613275312,-1.5552007461359867,-2.121333613275312,-0.20800222465544715,-2.121333613275312,-0.35738317392582286,0.061508966574837586,0.05571481447603554,-0.1473224881529467,-0.08109730904027074,-0.15495479669690215,0.021123757643116522,-0.09306022358275338,0.0015126205641666345,-0.04499716210579666,-0.00293881494560819,0.05262831910147142,0.0015126205641666796,-2.121333613275312,-0.5858830548449847,-0.35430682908760164,-0.9946475642668909,-0.20282759732844458,-0.12334558870893093,-0.7979565517965356,0.05571481447603554,0.20919009166571903,0.19030521791656502,-0.024244394989799162,-0.1383169752400945,0.00882983106247625,0.07824229714333851,0.172390833735364,0.07071793016169586,0.05571481447603554,-0.23548672841383392,0.15021328764314074,0.050012347406127124,0.1273872272957403,0.011619569539691996,-0.002824717056719987,-0.20504253691791974,-0.5120483032644809,-0.07963215197789242,,-0.044949240026934345,0.09987791320011895,0.08110468751370602,0.043898303412868454,-0.03620752814420698,0.03858561085492544,0.1180390985287975,0.026880867164828664,0.13099055259553283,0.023755846918792706,-0.050570838084735656,0.12715331334213925,-0.07102991083200276,0.013139446374743607,0.05571481447603554,0.20071043612033598,-0.2620577299353758,0.08714466456802163,0.12760599464618988,-0.03562133422562181,-0.07212299759228553,-0.0002097564501535705,0.004406475630406918,-0.06114750035399298,-0.009796203730379115,-0.10435919916030634,0.006956349103107903,0.03640834101487837,-0.17761472634771744,-0.209159266972227,-0.3615828679101223,-0.34933931418000286,-0.4365265762346174,-0.10464684405787558,-0.040411904188669134,0.22422457557805153,0.18999991292563054,-0.03549924644360885,0.26641308500417177,0.15056674523985983,0.03142394462652421,-0.1133119347422309,-0.08126425737702472,0.027080874613822865,0.07210645598002757,0.021144289720979256,0.02024492573250073,0.06922883076529378,0.12760599464618988,-0.13174254788197087,0.12760599464618988,-0.020475291358195286,-0.16957639351818146,-0.1163923373028496,0.11023205124907047,0.015818901326515897,0.00846316567339674,-0.15096887836015355,-0.22521613822806932,-0.017723780423520418,-0.17868030500074225,-0.12888962623264563,-0.41207791857718806,0.27451251332192483,0.27638140427625957,-0.8783215632638288,0.3185271930000423,-0.010782496179129965,0.14962331172874344,0.12760599464618988,0.10860337469848397,0.2904294491816488,-0.02134036692014531,-0.02905977777099466,0.18410108941849113,-0.4269124923252444,0.25866716841123244,0.057413114084284844,-0.481293364327598,-0.08765384773282511,0.09253785084909842,0.081304048326708,-0.19822104319872083,0.11730013291320471,0.12760599464618988,0.11086520338145005,0.028108039555808872,-0.10063382713035159,0.023857267357794972,0.06315370779884877,0.06266403669562078,-0.004397199057317825,0.04581370590821304,0.1562118633537293,0.027110833566681078,0.08662658572116119,0.07334199154871618,0.18630033659344772,0.06614828304669587,0.013988627921868557
-0.06704050386482097,-0.6000716213151401,0.2085162316804928,-0.04579993886726783,-1.2494598112931388,-0.638874574717619,-1.7350628856395944,0.13657857019883296,-2.121333613275312,0.0041931372287807725,0.39300595636912766,0.06766965095718011,0.21994904009239755,-1.8945813605650903,-1.2427250482622387,-1.8192346512913362,-0.522426066613228,-1.7869891899907893,-1.8525861433414466,-0.6988443167172657,0.015390981384611395,0.18429335391700413,-0.4341789264860074,-0.24961180069802893,0.05044300144881224,-0.7808511740361016,-1.0966073906936575,-1.1703513040501892,-0.09335414011702262,-0.6094463058031195,-1.330967260108358,-1.8200023565506687,-0.29887573304828663,-2.121333613275312,-0.6791868914199263,-2.121333613275312,-2.121333613275312,-0.5045249291630959,-1.674603431094774,-0.03503683908731569,-0.03346385531533708,-0.06433707692285662,0.1051179676264309,-0.021345423196881264,-0.02403631887345555,0.027735040995437055,-0.06582669234756315,-0.11487511778842717,-0.08139038745762468,-0.030138476844012323,-0.2758818393867182,-0.3847370501316298,-0.725250086108094,-1.8280941297125788,-0.8721125166582431,-1.6484275477299146,-0.6950627933560547,0.06684186787578791,-0.40415837767275625,0.22757544074149821,0.24485928100956514,0.1730838948165148,-0.0008246132053904556,-0.29071019820987065,0.04632507950886743,-0.033582610690465906,0.022379175794609747,-0.17260009119900183,-0.11772198930604627,-0.3252932263526776,-0.022959386947179566,-0.08280870676422655,-0.1587824866160745,-0.2720276524247833,-0.29348611148145504,-0.5713949603614016,-0.1597929658901397,-1.8695933847535708,0.08424552111219155,-2.121333613275312,-0.03651442595776984,0.10078247813197391,0.038209529866352655,0.06424355349312626,-0.037237005789726794,0.04109142589533904,0.017741443637243483,0.07451036831394375,0.061493028675219094,0.03534640574348373,0.3058174412079135,-0.18539148172092426,0.11161681791158216,0.229577846054431,-0.006226888398536464,0.01874424663788818,0.10921962461351688,0.14182279210437496,-0.15477876126148152,-0.0057577084419582905,0.036022002032643094,-0.1792641130191458,-0.10550370282267524,-0.047665195420930374,0.02674403980815651,-0.051646109239493344,-0.07445996576767054,-0.18726468911522776,-0.10950554625477354,-0.2471303852681147,-0.38090225755523577,-1.233967302430363,-2.3544815521220444,0.057278268025681825,-1.1749078868516822,0.2615376327502813,-0.13158871940917616,0.14914701508215045,0.20488216960075656,-0.11508350289560738,0.01031821130646419,0.016277606698717785,0.12535542112661607,0.10487907955378671,-0.09216944519841308,-0.10466295689971997,0.07563202227550969,0.04743011686828809,-0.026455902226737927,0.012766057336620437,-0.13527842430739268,-0.09431478576310101,-0.09130208275248465,-0.004934080110171894,0.02505338978791709,-0.06124110073617832,0.08493344098302752,-0.07315596535913023,-0.09769265317905289,-0.21022009764162575,-0.1310346129102755,-0.20949007983563758,0.14569216301294513,0.25485558442803763,-0.6428427797390991,0.5826363010828969,0.022576241613720828,0.20025789970757057,-0.06003598409377839,-0.1270554298549457,0.1538078729538401,0.04200943037106585,-0.10077574935835815,-1.4584698601823458,-1.8261525220210282,0.22672677072623523,-0.07233745867384452,-1.0675126125164098,-0.04338618026183857,-0.007313799043422099,0.25710711378605927,-0.3376988085651054,0.12140945010606388,0.04815615055335888,0.08933112731085019,-0.017387480674346003,0.002521373981254169,0.029428241491350766,0.0018038739456273248,0.09887430442190726,-0.21598309184092018,0.044274046309980615,0.01094674201571009,0.3992588581032654,-0.05486559424770996,0.07653331851839597,0.04294667766756849,0.08346805118235213,0.0020421412286980353
0.060812485739363736,-0.3230498877135378,0.09920742593956157,0.20693115416578373,-0.20668435039150082,-0.03164003585342232,0.0567620860371592,-0.102698916859646,0.05585045774976079,-0.024684849158093637,0.12763184717984857,0.09525733343182642,0.24877262098172936,-1.6432867340429513,-0.21353260857454953,-0.04269446451106739,-0.5575175438113776,-0.01674686980707151,0.07715089153377958,-0.5113107683171586,0.15899329494018632,0.21676016262136308,-0.1328017207077753,0.4553574410524599,0.12208069334429135,0.007427571190445565,-0.6513495535222784,-0.1081988345677199,-0.0047236297085928355,-0.40573682830134106,-0.8726144865719747,-0.43191415619265233,-0.38271942265406905,-1.2574567426979397,-1.5261572599080184,-1.432439739723628,-1.7154228503512654,0.18195854476572088,-2.121333613275312,-0.25109093796041154,0.10318833744737631,0.02087440558565466,-0.042960254430234615,0.0061009379840916015,0.3253474245983062,-0.08906230793064739,-0.04701561794178088,0.018617406061731588,-0.029997663307721124,-0.0015320665872206108,0.004721331680181256,0.04992969690524985,-0.406300001450439,-0.1558254094641671,-0.18373418005163286,-2.0290537995023707,-0.06333172091697002,0.14860876877095702,-0.2903940831524334,0.17513975298196707,0.11343203403922988,0.3664765289705326,0.01575169233400119,-0.01302262440560631,-0.022750261775366366,0.06666195331426421,0.23629040080412086,-0.20345074193596063,-0.04846889575598315,-0.13125307155599789,-0.14467000715621803,0.06598269932983286,0.07273382891415735,0.06571144711565878,-0.2290621880101305,-0.08259458031931483,-0.27013846051137996,-0.350994016950661,-0.17040121464839306,0.053909702208473485,-0.00842172963691816,-0.016937653433141887,0.4111315150803438,0.041028562542689634,-0.029142635390943465,-0.014276488356677936,-0.05445375482352276,-0.006433211994025458,-0.06229491218125881,-0.028123404707117824,0.06469772831680924,-0.2310458003211077,-0.04700324800471605,-0.002315946230344043,0.05631003501561057,-0.0771399930351356,0.05618599094838967,0.08907749533933206,-0.3380779055273967,-0.14403664224561444,-0.2274006981354494,-0.0680103278936721,-0.00043644882720461436,0.0246104262144153,0.08245661449211,-0.08485939852993261,0.03775601879275067,-0.07126495233545341,-0.18818281707616702,-0.44835902049701476,-0.33715768224635284,-0.007033067611975853,-0.24416390661054277,0.027330322871211104,0.19353161262339263,0.31221609043723625,0.03078587765868325,0.19823787291622755,0.25338604525048103,-0.02353815391975843,0.037748422568165164,0.10580100173334357,0.0015408043812204964,0.004219662217606004,-0.04092606678944683,0.05036328792714985,-0.0060054714698802815,-0.034389132532297625,-0.014602415182986255,-0.021369481754817263,-0.0013988000201887569,-0.09789451669744187,-0.07151756145460023,-0.03808991910629989,0.14209305260799499,0.005176242820371533,-0.07769574291640782,-0.1414101092494485,-0.06852935989645186,0.0924571210456044,-0.1457220744818632,-0.049895552887496544,0.01568101131882867,0.00526323546993271,0.29566170525954083,0.3012576160857669,0.06627714844669719,0.05129253210822301,0.08399833084071748,0.04314814067194011,0.31146247253423465,-0.02926164074780054,-0.038382420079276905,0.02942613501613014,-0.10717548730797695,0.1743307153346415,0.030626571888611807,-0.06868492012455744,-0.06875212454105246,0.11586424337918041,0.08382464005770905,-0.2343633579969208,-0.0026401435661315012,0.0368714511710788,-0.036995503496962054,0.03948134988583174,-0.020388739170855045,0.05527693382330399,0.06808560132074448,0.06931672420157221,0.04427684778583806,0.12884291101893863,0.10448265630377152,0.021410780205851285,-0.06588142505197764,0.09242876165222655,0.11951425899195131,0.0873383733645285,-0.019698581472106073
0.042135856121863595,-0.47526817452140957,0.24071866121096172,-0.10015173304419549,-0.1302320187795154,-0.021049587151898603,0.1406970748498429,-0.12925832776123056,-1.5352190345468228,-0.016546059516781956,0.08411604432613853,0.11210191235622873,0.274489402074526,-2.121333613275312,-0.2664510689805875,-0.1032301100371466,-0.25985521571853665,0.0014063834637141868,-0.007994249741927204,-0.35732532679577994,0.1126112480335801,0.20281779301090558,-0.12505761445241012,0.19579992365516055,0.09926644384232117,-0.029534540733161255,-0.5105809312667144,-0.043721585148875565,-0.09009538405807396,-0.2365219079082216,-0.8807009192556645,-0.4948022531821884,-0.5900002701999548,-0.051366090529520965,-1.4619960714847717,-1.2402387600124363,-2.121333613275312,0.11374032172649377,-1.5399820312637273,0.026706999173126224,0.09089116096875664,-0.08314906827195112,-0.13771182879101673,-0.055898170134393015,0.003758376839280187,-0.016789369381528363,-0.056871641778913226,0.021480850172308667,-0.009935929897211586,-0.038819968644256436,0.05361399659079465,0.062053646948748147,-0.7577283468732704,-0.0146032837470603,-0.04019128304820826,-2.121333613275312,-0.03089427248815434,0.0072112150867733454,-0.6977096769297086,0.28418251146813656,0.18734952882593725,0.28882812536245667,-0.23777162084966405,-0.12771808342835378,-0.01236073393630421,-0.012996962101724916,0.15999407370151347,-0.1418847995125199,-0.2041450417709799,0.05662665675108769,-0.010693695478810434,-0.12098164967920343,-0.02984366588036121,0.09564783629547656,-0.19042857443068192,-0.053552743019844515,-0.20067810967792665,-1.4206574002377637,-0.2500997826855185,-0.049493197650170316,-0.03700533776884921,0.14186984745013453,0.321156830656916,-0.11283344321363208,0.0133219731632151,0.031202952781532633,0.04729099342523548,-0.06136994422746269,-0.10643804210168632,-0.03894292390810111,-0.05419432910566556,-0.07758494697097572,-0.03210027854310048,0.004582928817506923,0.07364337584551099,-0.08423099749976308,-0.12078539773774115,0.15037531191464767,-0.23512645333450566,0.2944118057486087,-0.1525050578701053,0.03257931121355509,0.06959302532540511,-0.060449808868367344,-0.03652706735022598,0.09083851314058101,-0.08117054365778055,-0.10596811675876805,-0.027575949328428714,-0.14494604079974696,-0.1838207114490984,-0.14286259639204987,-0.29998963472472706,0.05833026116292218,0.3015711946411973,0.3363553832426847,0.006120424851008981,0.23219697458602565,0.30874319638490594,-0.022479104464517487,0.00848399718391779,0.05135628281106993,-0.05014051326266811,-0.015194675868064843,-0.020013063090976245,-0.05572372825199634,0.04504435864179314,0.028052930055004317,-0.0372127658848943,-0.011564259263778853,-0.06268308408603067,-0.10202683221641005,-0.007708486498854219,-0.07016125890898804,-0.018304763555977956,0.01621111440491058,0.11240083080061948,-0.10091369491285003,-0.002388834797749104,-0.13438170761632923,-0.05940888308069779,-0.14115339363616358,0.06008625372947212,0.21234554186294585,0.033314737225607995,0.18864922602327447,0.02685896118085669,-0.00671473780303669,-0.006415505034168176,0.29608061049132844,0.12138372073283356,-0.07313778891516035,-0.10965068096760358,0.21188814266647785,-0.0038631749817529953,0.20981849157216645,0.09480467895568934,-0.17345975834284147,-0.03203413744354984,-0.02006297577750233,-0.05323022526959948,-0.0788767856631495,0.03655287343350222,0.07158427018452321,-0.1299779575511454,-0.004855394253202975,0.018245483714960074,-0.021731553003061056,0.0423743480006541,0.03264966009157819,0.011005420621727009,0.09632717671364313,0.054469955467744705,0.011013878265877764,-0.02144740938364526,0.008020086085017883,0.08027003238463096,0.038562492107445535,-0.02760693857941072
-0.0865598361212106,-0.259862909223786,0.0654012166937595,-0.11152255004359615,0.062472811851652835,0.012703131212973196,-0.0030704612858075205,-0.00421360918300358,-1.2515286563249595,-0.15918301082328506,-0.028118987574678005,0.15314671390054752,0.04144684871661456,-1.3753453803419222,-0.7308672377952622,-2.121333613275312,0.025209683513995718,0.05357511281833121,0.08723204354967327,0.08515863838030094,0.07576395994877405,0.039200879512325405,-0.2533821930840949,0.31731301184902583,0.0050629368891746225,-0.006287649434523084,-0.4730243608334514,0.01200527113920563,-0.08639948277927101,-0.18918385445342967,-0.4530358760636683,-0.38675416112414246,-0.38744655995569804,-2.121333613275312,-0.22768185925786003,-0.58110767830979,-1.4408977659942561,0.12999098024217867,-1.8327106986300041,0.5092183773164988,0.23226934195307927,-0.10227382715798722,0.007377661754435254,-0.06543483122646722,-0.026743619950251662,-0.09618169670602851,-0.02033804281830425,-0.14991442525762586,-0.05333573000252679,-0.11267413746300599,0.09556625915354953,0.027121310840338583,-1.360729732813109,-0.15239486001940547,-0.04371662485076581,-2.121333613275312,-0.2920194834409855,-0.9962894916516898,-0.5820966761504105,0.2795695590575182,0.1764576360180744,0.3089748854903917,-0.09179860504173873,-0.01940337280834969,0.05055154393505588,-0.027651752599809933,0.23518051143449364,-0.3574962105176502,-0.20716143469736886,0.051029018045676694,0.19273141284073916,0.05050383878453028,0.03680115322226939,0.12249732671422484,-0.04828250678779183,0.21534469808635132,-0.10085265007073424,-0.042960963469961644,0.023501644255507485,0.0414880971362817,-0.016059813146019113,0.03759109867813772,0.07837570712350272,-0.20590785287001506,-0.2120837534998085,-0.06690369956597904,-0.1485105690961059,-0.025920670521128307,-0.049998148014678744,-0.03337259827274796,0.03389904592120072,0.028178653297256755,-0.05386306058526772,-0.049411970005155056,0.054271388898325806,-0.009288770289976201,-0.0660796962780715,0.15216884760661994,-0.056802576331616256,-0.1303729220941404,-0.29449574049785815,0.0394902887375229,0.05604362498687309,-0.0611551117639056,0.0027483067726953147,-0.13030225770468312,-0.07114403562209844,0.01835805866972146,-0.06318598017930688,-0.02083696678469042,0.05890489545790537,0.013485209784162525,0.0017138206071858936,0.10952843779163353,0.4466153848425226,0.36694647787137297,-0.046204651743284815,0.08227548824837773,0.14116056712624545,0.01692366166710925,0.015468285265382355,-0.01172682712577521,-0.12331063656628478,0.06579550576651368,-0.0039267165170096055,0.04447897602843091,0.002187878301650894,-0.015245969846252105,-0.03618327164942761,0.039539972501702866,-0.08464986472790177,-0.07158330885291334,-0.05338773437077649,-0.0461123929537523,-0.05366814312940768,-0.064686358885056,-0.16216176863831996,-0.024506246931599144,-0.1718576032258232,-0.069938591205659,-0.02167133533162555,-0.14455410653709294,0.16362929439498844,0.31095657048635944,-0.0101530470657944,0.2630705534434522,0.022047892826049756,0.06426710066959175,-0.0008225805309516712,0.0886565500864448,0.04996425484740505,0.02262968756334762,-0.15216840397743983,0.13561207341880663,0.16646151291677003,0.17243868665664844,-0.038862901483895165,-0.02110080617163923,0.052180537616211706,-0.33618410639104634,-0.12223058425715848,-0.07377600732747049,-0.09383765735652477,0.08268043885514466,-0.01072348647470733,-0.15291161652246266,0.0226924865873356,-0.058372808449310615,0.06560345531555617,0.09001578140697129,0.0006428320055656382,0.1045330420947366,0.06419893329342745,-0.06551280734403392,-0.024594772151997894,0.020544279014420113,0.11935331083611715,0.03682896708379336,0.009865913606470466
0.013139446374743569,-0.8074280344732571,0.1830253562292728,-0.3498014142680997,0.026996744001885262,0.13485761014543027,6.471261216709538e-05,0.26776276308255287,-2.121333613275312,-0.08430499689665771,0.086017774423562,0.10288818940540186,0.1567725142958232,-2.121333613275312,-2.121333613275312,-2.121333613275312,-0.7644260884888413,-0.22290692306157314,-2.121333613275312,-0.09936010882086647,0.11572410530792242,0.03522384508239352,-0.24597165159095802,-0.1653022725657103,0.16433991756217586,0.2809792660270991,0.11718197423481133,0.180708073845785,-0.16218225908820583,-0.3115862208906869,-0.33821437211080196,-0.3783624133105643,-0.7447631702539161,-2.121333613275312,-0.1626454641176606,-0.447957482903776,-2.121333613275312,-0.5006468653375258,-0.21598063182889585,-0.27561344445991676,-0.057986203099363955,-0.1445808157079873,0.0934704655649734,-0.08642747235190339,-0.13399886780598674,-0.050124311191337555,-0.23829234383626002,-0.009524068448020267,-0.16195076508837455,0.09685866144467242,0.08891437488422171,0.05288592232974798,-1.0198733531343334,-0.2355330186892422,0.15458751312427632,-2.121333613275312,-0.9383364738598,-0.8179682491725703,-0.2964113246907043,0.23510749445931092,0.25050508997111665,0.623863050018161,-0.03430443519800726,0.033421296740052515,-0.0862866637150133,0.2863094153341589,0.15213169223990677,-0.28947914365211325,-0.03920152897352817,-0.3307897278579597,0.2513848958213362,0.18217283487808125,0.11420794626064668,-0.11243685551133031,0.05575668885863817,-0.21403081944577174,-0.19422239421859672,-0.2522189912460062,-0.168890865789789,-2.121333613275312,0.02155121326913138,0.034626697015985745,0.014278727475611491,0.0459068661375506,-0.09612225374561993,-0.10792213406759797,0.002694928297454366,0.13803485642501823,0.0013398990008512148,0.1494399747652337,0.0859920728656831,0.12275452837622883,-0.045643785168080035,0.45958073484254763,-0.1865314721087634,0.041728812862806074,0.005637031613679138,0.22840142063398672,-0.26919984437647126,-0.1700086300475252,-0.09312015410227925,0.23895273102249456,0.06462772733684992,0.004489805209519505,0.08030945606823721,0.020996990786501038,-0.03218721884834298,-0.010533148325742007,-0.36102628429870304,0.017578689576210987,0.042333122645702125,-0.08664184379313539,-0.40472233807900726,0.09012296586925753,-2.3544815521220444,0.3552658851686825,-0.04669040899324221,0.0341819625766416,0.18386019684710633,-0.06997360763042487,-0.05758405061802587,-0.03176723474794662,0.034695110890399936,0.15010991206957586,-0.11115002945412193,-0.16407923475471464,-0.060109954021681636,0.05266720334572023,0.056368111316213367,-0.03306858986842012,-0.22174748662018237,0.03698168651255323,0.016048639971437365,-0.1610868533887233,-0.07479261896524597,-0.05184312285999818,-0.14044668522312456,0.04101693746527228,-0.1908154559251449,-0.1327413888522138,-0.13957647726496875,-0.3703348785971807,-0.17361050824102947,0.22155636335432857,-1.0876399367561678,0.3363645516503156,0.08176931358273297,0.309800246348079,-0.043425520351936954,-0.001604410686384278,0.27811791074980635,-0.03453331303469606,-0.3366205372143103,0.04768099466095937,0.08735594058575466,-0.04248686022785072,0.17052255569115557,0.6192967676285971,-0.009764620301630266,-0.1596056122864825,-0.055512873629887265,-0.02035682403023608,-0.08821558418797436,-0.18099730278956405,0.06600064512110743,-0.10483488715748994,-0.06913074382666862,-0.05078399392710851,-0.20628148712568384,0.08484477505355159,-0.21208958482981236,-0.039911781029673236,0.009215768872265571,-0.035448417545669686,-0.17778451862346673,-0.051355942279925015,0.0573024999010465,0.09497224545893154,0.160705348051149
-0.0672220362930343,-0.46588587180505303,0.16919721067147325,-0.09332885754585081,0.05759589245245949,-0.07020419952547423,-0.4140395612921415,0.14903529062567325,-2.121333613275312,-0.22306140146068792,0.03375607961257561,0.11077473216683663,0.20319348089430256,-0.6466651145468167,-2.121333613275312,-2.121333613275312,-1.2661126251944668,-0.019482361634768873,-0.7920196186273581,-0.20404948663595626,0.020352896825208976,-0.08928220705219078,0.08161208825576269,-0.17969968609958334,-0.09354089355364863,0.08037653529302573,0.11751535304372576,0.12603800907482954,-0.072812833507971,-0.29475053657515193,0.05571481447603554,-0.2594476954089921,-0.44105514100730653,-2.121333613275312,-0.16789266527250818,-0.09331707399418174,-2.121333613275312,-0.2895987193924684,0.05571481447603554,-0.33008786471454993,-0.10446854107708363,-0.09621986534445426,0.18038549143256327,-0.10076256963116821,-0.03230192628751886,-0.1514926826026974,-0.011412937970045993,-0.15341160698124023,-0.03397996687505765,0.06109519770960327,0.09207105660079973,0.0731011986366076,-0.5141900983385764,-0.28959871939246845,-0.3679201836760366,-2.121333613275312,-0.33242449828593695,-0.09263028105454789,-0.9346371636268743,0.254180694916433,0.35379049824012115,0.5925952949741994,0.05571481447603554,0.09693863067409866,-0.19195915534378205,0.20282658257672742,0.10454285901331405,-0.022471665155046967,-0.08734211346173948,0.05571481447603554,0.007433330640044213,-0.05647939582876664,0.03496302182172483,0.018557933942005278,-0.06731111959935202,-0.14344178540717037,0.11790334969023532,-0.04886789013805535,-0.09104698303948651,0.17414252892741822,-0.03474943573571965,0.2168764068427908,0.13015629362403555,-0.07221395249300079,-0.30804213218416093,0.007974447892818814,-0.07949645707629878,-0.050203929442776726,-0.024430282622529786,-0.040048776650518224,0.11538042882933668,-0.04094195222234585,0.03446858292544622,0.16242099318363296,0.05571481447603554,-0.06139420001988908,-0.09442970911002697,0.4365530655378301,-0.30046869059747594,-0.1190874320197397,-0.20267562219176594,-0.03814430785823856,0.1155549570833354,-0.10130416143129622,-0.10166742415809518,0.10717652597571674,-0.06341439787469183,0.19688641768775805,-0.19674310059224567,-0.009636138436983821,-0.05055545420955581,-0.2832318093866236,-0.02994762479669319,0.15805311779383566,-0.8701493200605327,0.4771302976070871,-0.012199102444573914,0.09894906108020156,0.22480525230068968,-0.05030025320981857,-0.2241741313745966,0.0272730874142858,0.07580517740897422,0.0805774602803046,-0.14611582722391475,-0.027663926252646465,0.046303426598993794,-0.030253932267075085,-0.008937470091992392,-0.10683622389350007,-0.04166021908638425,-0.0776913499133866,-0.11121069501121245,-0.04363148154070196,-0.062477115402799224,0.12760599464618988,-0.10209861853615075,-0.01796119454852472,-0.16412025582064932,0.12760599464618988,0.11618589837263407,-0.04139862252641697,-0.0735603990858571,0.3176624527727181,-0.8271965712184918,0.22615929202813884,0.000537644546930263,0.14916221377363617,-0.03953963111718746,-0.05174957673353765,0.22969260242901599,0.007614627703570247,-0.06341439787469187,0.1284035730264293,0.04341624148410866,0.12760599464618988,-0.12359999313113261,-0.26684815894658803,-0.09232444582845924,-0.21531514175440528,-0.042976331347958995,-0.1265150364298652,-0.08429646377933879,0.044417274343163095,0.015867801208129056,-0.07013938120327208,-0.08393760219035898,-0.04869096228242899,-0.045994904607396546,-0.18375039324772163,0.023014379782300757,0.04086901916251629,-0.09320838763251081,-0.18579520294405075,-0.1520270938281507,0.020406012412366333,0.056046044328314094,0.05920734864467736,0.14028519626741734
-2.121333613275312,-1.4952134515870061,-0.4410551410073065,-0.6335616628744973,-2.121333613275312,-0.6876928969298134,-1.7180903041934155,-0.6162472427318834,-0.8708989174111388,-2.033766987082788,-2.121333613275312,-2.121333613275312,-0.2538975895066675,-1.060753449045152,-2.121333613275312,-2.121333613275312,-0.9234837968627853,-2.121333613275312,-2.121333613275312,-0.8229095124741803,-0.7344033705559313,-1.0388523654160677,-2.121333613275312,-0.8882161620456709,-1.3586882834572471,-2.121333613275312,-2.121333613275312,-1.228607922080693,-2.121333613275312,-2.121333613275312,-1.5240681353134893,-1.4952134515870061,-2.121333613275312,-2.121333613275312,-2.121333613275312,-0.30298312376601394,-2.121333613275312,-0.9305741126992099,-1.086513572804952,-2.121333613275312,-0.594229257257046,-0.6770293024337153,-0.925659761118124,-2.121333613275312,-2.121333613275312,-2.121333613275312,-2.121333613275312,-0.8950573057833969,-2.121333613275312,-2.121333613275312,-0.7151274802760658,-0.733943484053431,-1.0209584766664188,-2.121333613275312,-2.121333613275312,-2.121333613275312,-2.121333613275312,-2.121333613275312,-2.121333613275312,-0.6956420384006322,-0.8850133901305949,-0.7811430667336987,-0.8372819037369104,-2.121333613275312,-2.121333613275312,-2.121333613275312,-2.121333613275312,-2.121333613275312,-0.7534770719019256,-0.5067097944135158,-0.5458817840564344,-1.1382591932031134,-0.7097628330187569,-2.121333613275312,-0.3126124005868501,-1.2840309058429609,-2.121333613275312,,,-0.8472361326910974,-2.121333613275312,-2.121333613275312,-2.121333613275312,-2.121333613275312,-2.121333613275312,-1.2888314484933021,-0.5793743417004998,-1.0979395645354477,-2.121333613275312,-0.3211564193066257,-1.0347331240695925,-2.121333613275312,-1.4280438247583231,-0.5312366487707105,-0.9635978480208732,-2.3544815521220444,-0.5701560605685955,-0.3754932645576434,-2.3544815521220444,-2.3544815521220444,-2.3544815521220444,-2.3544815521220444,-0.576956249135978,-2.3544815521220444,-0.6644932808567126,-2.3544815521220444,-1.1944108062253376,-2.3544815521220444,-0.9291469280498708,-2.3544815521220444,-2.0844587316095256,-2.3544815521220444,-2.3544815521220444,-2.3544815521220444,-2.3544815521220444,-0.41424882316600586,-2.3544815521220444,-2.3544815521220444,-2.3544815521220444,-2.156214181513332,-2.3544815521220444,-2.3544815521220444,-2.3544815521220444,-0.9534328582121333,-2.3544815521220444,-2.3544815521220444,-2.3544815521220444,-0.449462433694463,-2.3544815521220444,-0.6868271423637476,-2.3544815521220444,-1.473303747534579,-2.3544815521220444,-1.4870654083705668,-2.3544815521220444,-2.3544815521220444,-2.3544815521220444,-0.8174107914521959,-2.3544815521220444,-0.3938492336733498,-2.3544815521220444,-2.3544815521220444,-1.3792544666903446,-0.40918532160175214,-2.3544815521220444,-0.5153998788430515,-2.3544815521220444,-2.3544815521220444,-0.8976228380759929,-2.3544815521220444,-2.3544815521220444,-1.11207372642863,-2.3544815521220444,-2.3544815521220444,-2.3544815521220444,-1.11207372642863,-2.3544815521220444,-0.6102413790850234,-2.3544815521220444,-2.3544815521220444,-0.6307219735762525,-2.3544815521220444,-0.6417516991329477,-0.28083192528361556,-0.30982286734053566,-0.3931062161979895,-0.09442970911002697,-0.10013022404185959,0.030360622734027162,0.07168548935870662,0.0038126322563988737,-0.08795732196373086,-0.014970496292912685,0.02604932286795105,1.539355838630567,0.09899916738796448,0.0827448462166515,-0.013733408349756612,-0.1007023238689834
