-0.11956771177345435,-0.1173932562962687,-0.20876502663564778,0.0036543053105361737,-0.23026438682620595,-0.1717072578220954,-0.29505919771386957,-0.35046402612403604,-0.345237395067221,0.1049736177454142,0.10846073321526159,0.047314203123057584,0.03793543285564418,-1.225773629307879,-0.6179910368461854,-0.6159081053751998,0.056324427630439454,-0.05507653995058042,0.02216382849801122,-0.6994332313735343,0.11162264323710261,0.029347502633889046,-0.019162088011119474,0.2350486507865273,0.05136579288507705,0.06439522398041896,-0.2936859426376099,-0.12383391262587153,-0.054207238520579036,-0.16216668090425684,-0.5999327758714956,-0.11002470180532443,0.026054183194350936,-0.7868174202216887,-0.7206584332040279,-0.934783973876705,-0.8535268783419964,-0.05828490703307085,-0.29336169974601195,-0.12666521668652522,-0.04697274571153797,0.005070049556029935,0.11791530578878523,0.0558104632815097,-0.006823873941819996,0.06443672586755964,-0.01885256987342195,-0.023334154619191496,-0.0658980765045828,0.003953514069355061,0.020788475670791395,-0.2249025599662704,-1.225773629307879,-0.1538055321729064,-0.06004853789549745,-0.9050191309164738,-0.9351987948346699,0.01565665820465018,-0.20364995724127635,0.07118906222969895,0.02903563830073045,-0.32852000490629907,-0.18844646469038542,-0.04293307363562437,0.02618247844368436,-0.15237860423191035,-0.028662021831020068,-0.5046155196531504,-0.017547507126017107,-0.15361240639868015,-0.9056939230912621,-0.13489688071243522,-0.031495495001801904,-0.4010338987172527,-0.261514177335982,0.07695619641059365,-1.4060847399023026,-0.2070594965683746,-0.044782360326954575,-0.2378083201090749,-0.23436455618831029,0.012000672166000747,0.08484604432309094,0.09430733307182493,-0.3779844867831764,0.03405759523625854,-0.04704925843245276,-0.009659206463990029,-0.030070488703832842,-0.057075916824609205,0.29745362492622895,-0.18776235429406377,0.12101809719566191,-0.12081424818687263,0.016723895524291762,0.07132535583849568,-0.012572316142300394,0.03548856577994555,-0.8121150678505517,-0.07051531516135529,-0.30619869298255875,-0.11314566613541359,-0.08038534927231351,0.0025567254830897086,-0.10903037181894477,0.08684235278219696,-0.13918605810873555,-0.16798736110994622,-0.021063790107467714,-0.9321893816013468,-0.2054620513729315,-0.17263952482253195,-0.154493194093287,0.036636563881206737,0.06031743069370273,0.07621464683263474,-0.0981554042437298,-0.4224354538027243,0.0486278738305806,-0.011105983392944831,0.015045712688577484,0.03705487507635156,-0.09567246763179715,-0.02902508105142064,-0.17020266385091803,-0.07051160440216803,0.5143769541946149,-0.05410108165777281,-0.007095450869539815,-0.22256284259788778,0.031004451206075045,-0.05040146666820468,0.03278465068571433,0.015440378450254798,-0.005430268358695706,-0.13162717729102075,-0.16508943233610754,-0.08466528829643867,-0.15258924367112237,-0.8561727062397514,-0.16103925814975598,-0.28877445622212133,-0.07477229933951637,-0.12319530103640465,0.07421747781272167,0.06738412080905552,-0.15351353193842382,-0.39474091274430845,-0.015363355565743845,-0.0207999690999601,-0.020663278307113547,0.008058166729851495,-0.14820972370045998,-0.02704791472975299,-0.43537883020416407,0.057541480791302876,0.03851455132755734,-0.2055917759292951,-0.1864256157240373,0.030003772111551107,-0.0314641766974081,-0.34550371971573324,-0.11325947229535852,-0.1283999465059348,0.053940299387587834
0.015281037282361003,-0.2131444381371444,-0.06361461056195485,-0.08612414483532187,-0.1554818014706584,-0.07402969587189222,-0.26563398855502945,-1.225773629307879,-0.6453707106502133,-0.08716286336852594,0.027685474473280236,0.00352424536171652,0.08312689514307181,-0.6441622371710314,-0.11676748740846764,-0.25314818754961604,-0.16393720719813623,-0.03436402440285648,-0.13130381941014735,-0.8196854498665888,0.08670130013020536,0.05109349512985759,0.038179526639501006,0.08855672882655567,-0.16718883743445878,-0.0336146387422769,-0.33047513837365305,-0.014673095659321504,-0.025402942141924543,-0.045317504440792494,-0.618894837549713,-0.27209394192281056,-0.18413151842637795,-1.225773629307879,-0.07044715712779125,-0.5633938324602288,-0.27653068615076515,-0.11577255282505733,-3.6200217846960176e-05,-0.005903587174670864,-0.03952264979561677,-0.05912371394969048,-0.02461825793864954,-0.04383445718483254,-0.00700605086908247,-0.18713825136914072,-0.03675522400840131,,-0.03626444807599113,0.2114258623942048,-0.1413434032989742,-0.17400882359104997,-0.1791951732673527,-0.08315983630366353,-0.009500033950485461,-1.4060847399023026,-1.4060847399023026,-0.470245476004837,-0.39341628420229846,-0.0031404309115133345,0.0423043064292216,-0.02972227815109562,0.13471567063593015,0.07544676591778784,-0.033270146148614815,-0.06621299880080483,-0.1311914361020453,-0.24138488288449464,0.039057351638398796,-0.030634641144255948,-0.3480986034046607,-0.30673690738689896,-0.08045416586914333,-0.3693861399264869,-0.08029657413594736,-0.04714940781015155,-0.34778306606571735,-0.13815270679817113,-0.013544534815401937,0.0036019648098680234,0.05611969372693639,-0.007644569646822643,-0.030935253961327184,0.1197966723612539,-0.029515921361791382,-0.03287915667222275,-0.26270883172736137,0.004450715068909995,-0.4559913061789502,-0.07919414063042529,-0.0508493999867541,-0.01622215271171022,0.005221567789932678,0.06568654276526889,-0.027296596323903348,0.02642154255892,0.03397243257294752,0.018522224254947817,-0.13183722490272703,0.15536911872580442,-0.22415384753133946,0.11166398991997287,-0.6498372924404942,-0.07447692059202486,0.09383490871182656,-0.19174914955607056,-0.16770810281072263,-0.3037433966214799,-0.10470919585863181,-1.4060847399023026,-0.24746588498498895,-0.1778719976941165,-0.20293749229829738,-0.028641273430035117,0.13014738969363757,0.12639848969127196,-0.027268526314257496,-0.0957878568206897,0.16681355405740766,0.035468103611333984,-0.19872498000430766,0.029982560103752668,-0.06968177420061977,0.06128810960647484,0.008675634869595359,-0.014104954591175861,-0.0010213114641198049,-0.03210557411842567,-0.12632873952559212,-0.0820688726740613,-0.05676351346567039,-0.1810652784140173,-0.38271978424320363,0.10860649638102804,0.05574837991038353,-0.013537169894552252,-0.618318214201292,-0.07281534948779189,-0.18948674705850188,-0.17540607983203152,-0.15389278366199471,-0.18400121020511004,0.044621496088857765,0.12479356467199293,-0.009552753129554345,0.040917653095461325,0.05823459308883432,-0.009246292168291212,0.012096190203727167,0.07150921531797062,-0.24111880796692522,-0.03164403618480042,-0.05430982838620675,-0.07478937092262011,-0.15796502933078613,0.012597333904143417,-0.04532320932449503,-0.13555095344192156,-0.054599007976617264,-0.06403806259034886,-0.16007550067390702,-0.03478257948348122,-0.03727968253468634,-0.1849527337274398,0.04251093736515704
0.0021213446607344704,-0.00882017269437985,-1.225773629307879,-0.22358558907506532,-1.225773629307879,-0.4075006007516473,-0.2777248071543488,-1.225773629307879,-0.3594812691642463,-0.10917563487270573,0.0002964356303268593,0.14401872511719097,-0.5020397157384483,-1.225773629307879,-0.2701816344839233,-1.225773629307879,-1.225773629307879,-1.225773629307879,-1.225773629307879,-1.225773629307879,0.012328081121576996,-0.3295365012079748,-0.3515445509675725,-0.3331624073363873,0.09758142144028949,0.13196924791223646,-0.9119331397781314,0.025560414337230875,0.2114258623942048,-0.22454663484816467,-0.22012433461536024,0.2114258623942048,-1.225773629307879,-0.33936027027645327,-0.5980000836540013,0.0660300750953852,-0.013010717411698675,-0.12784944864396783,-1.225773629307879,-1.225773629307879,-0.00617711086457201,0.01647061500211231,-0.030524330708759193,-0.09299525981946435,-0.1926897597951456,0.06871732420046041,-0.11432383541879923,-0.18463388360381486,0.05175822694116501,-0.09746162828935685,0.110791481757334,-0.28553413346933765,0.2114258623942048,-1.225773629307879,0.12698835964181834,0.0991642967368941,-0.5144168765434908,-0.3958975942003794,-0.21857434190560016,-0.21193461042224362,0.055384530086801595,0.033092480874789255,-0.23154374954501705,0.06895497831487178,-1.4060847399023026,-0.04706326518617145,0.026379124967200622,0.02844027491989367,-0.030228259687065225,-0.05830388390846424,0.019123601940799286,-0.19503128805330738,0.010128820130026889,-0.4711591919311319,-0.029280795101131102,-0.2638784948919431,-1.4060847399023026,-0.4401896130032137,-1.4060847399023026,-1.4060847399023026,-0.8049550372550673,0.13037076497788072,-0.20174510162985457,0.17438577449245105,0.18829167339647004,-6.0278449349136176e-05,-0.03225438700424249,0.060115509999506433,-0.3403419719025557,-0.06319186659602899,0.02844027491989367,-1.4060847399023026,0.044176126243846155,-0.19463686246335496,-0.33340917069043036,-0.10004284889488921,-0.017705796379963033,0.045010503722161505,-1.4060847399023026,-0.1340213341380816,-0.6105206682884731,-0.30124812855945565,-0.34832845997468265,0.02844027491989367,0.0028730414894066886,0.11059393477872588,0.02844027491989367,-0.6417838604577228,-0.7401477164241866,-1.4060847399023026,-0.7223978578291089,-0.9299729523116267,-1.4179675636130826,-0.5204987805502509,-0.32032138001024507,-0.25404968605295136,-0.23208179926063938,0.043376316806566236,0.15657432051353717,-0.027675368423626417,-0.006448635414559364,-0.02346027073450203,0.052457648702813144,-0.019213567969769172,-0.017133454266581014,-0.2515721036830891,0.0397325669507711,0.019351638410317857,-0.1568535465527754,-0.051509092363326556,0.043376316806566236,-0.3484375457512465,-0.20817967965805298,-0.016559852443078563,-0.21477819643471238,-0.17417439218551392,-0.0911760481075697,-0.2042405673492501,-0.2950548984468426,-0.3444633555865025,-1.4179675636130826,-0.07968970367217058,-0.6759451124220303,0.13383759434102202,-0.4168265283874692,0.07747021035642807,0.04636772580438077,0.07026755240522341,-0.06300873361963942,-0.02960220014029635,-0.1687041248406259,-0.11199926395210755,0.10604172410509492,-0.5797420309619257,-0.9248161629122374,0.03557666881745642,-0.2126973387029038,-0.8424203834639369,-0.5786421220343794,-0.25228241210245433,-0.16205250227587034,-0.37538266584293106,-0.073609126416682,0.08509037486200044,0.049469843895648166
-0.14128205915236644,0.1166724942549767,-0.12959244544528747,0.10410350690664702,-1.225773629307879,-0.28255276690293507,-0.17099402006280112,-0.6833622203376978,-0.2162868448305939,-0.4466763534643092,-0.09337381616066966,0.060289224622342395,-0.15504604731038424,-1.225773629307879,-1.225773629307879,-1.225773629307879,-1.225773629307879,-0.21939484892685673,-0.12606132266524012,-0.5720330589345111,0.011274765975245054,0.07712705009390783,-0.060353580767944066,-0.543789247514927,-0.0319067022746287,0.05579851497179826,-0.1717752041122525,-0.0073764882941654945,0.02113243367948934,0.11804044749901237,-1.225773629307879,0.1349572353244011,-0.05031617670864001,-1.225773629307879,-1.225773629307879,0.2114258623942048,-1.225773629307879,-0.2941394333387994,-1.225773629307879,-1.225773629307879,-0.2173343780663987,0.07093112894283385,-0.16731669275071692,0.07427868849997626,-0.2738353221041219,0.11407107354183874,-0.08372417779611628,0.2114258623942048,-0.0959936468043836,-0.15457922449266348,0.3007009947251048,-0.28429132219855424,0.027974401359778876,-1.225773629307879,0.2179181317483197,-1.4060847399023026,-0.9189630194704409,-0.07199615983682389,-0.5188057558996841,0.131356808714651,0.02844027491989367,0.02844027491989367,-0.15823655114844073,-0.001724062503299205,-0.3018474933065411,-0.09704287706564454,-0.11362208319499058,-0.008363950787077131,0.08396261148994374,-0.3755600848839797,-0.29326958715213447,-0.40700628122517113,0.29766386421160035,-1.4060847399023026,0.02844027491989367,-0.45102807260799693,-1.4060847399023026,-1.4060847399023026,-1.4060847399023026,-0.8402672886808702,-0.7625622221179988,0.16317370118855704,-0.14986124429625447,0.18358953652884372,0.031803962439182897,-0.02696066258650613,0.14209237443963185,-0.036211038299470116,-0.15293858614233038,0.02844027491989367,-0.03820180724455906,-1.4060847399023026,0.08116122290490217,-0.11512170210739886,-0.3088434739215522,-0.047541749840165376,0.02844027491989367,0.18315624879792183,-0.4315779344681396,-0.18146626770882102,-0.592697357496141,0.5636326506723801,-0.11129795750778837,0.08001365852086591,-0.14263505432442594,-0.060044856696790785,-0.05904972216562836,-1.4060847399023026,-0.2179179036842049,-1.4060847399023026,-1.4179675636130826,-0.30067634952633093,-0.6535149678227943,-0.3327254686251218,-0.24323865475429965,-1.4179675636130826,-0.06820356131074545,0.006009601220171971,0.023763408283284687,-0.0021881675890656994,-0.19128653353033387,0.010035929505198597,0.017542463350917907,-0.07077984294979324,-0.01108200302870696,0.04169310789147583,-0.16033655548837739,-0.04838443635459144,-0.2922380671878418,0.09609499597925801,0.16119131496786596,-0.5153945907880583,-0.2614752188695359,-0.20721080969660968,-0.1799632551093796,-1.4179675636130826,-0.42676930646117994,-0.3327254686251218,-0.018152644841139418,-0.8073844194194942,-0.1006302883016353,0.10650027823679996,-1.4179675636130826,-0.054988748346191996,-1.4179675636130826,-0.009595859749011249,0.0431378303592474,-0.07698319815282838,0.0061652449670673536,-0.014045663797210102,-0.4560521867727016,0.043376316806566236,-0.05360462812480823,-0.2989181605187071,-0.44174547895251065,0.049418060764757216,-0.12821513017011546,-0.7628394995757015,-1.4179675636130826,-0.1534944948948004,0.043376316806566236,-0.5809771181788961,-0.00998844412762448,0.016990802842988595,0.014076933252532522
-0.20570750939792967,-1.225773629307879,-0.1345076237470952,-0.13343755664403378,-0.11342784043986885,-0.14642238206876687,-1.225773629307879,-1.225773629307879,-1.225773629307879,0.039869147908423046,0.005992855857318543,-0.002484906560893904,-1.225773629307879,-1.225773629307879,-0.2720574924869181,-0.3329525450852618,-1.225773629307879,0.1268506332156904,-1.225773629307879,-0.4905292003843997,-0.19251226953887737,-0.02276831959616191,0.06907883926967014,-0.4555472542900162,-0.09111282646959863,0.21980148939527777,-0.09585794364228517,0.014037881494660252,-0.03965787608133175,0.023797843621223592,-0.19268349763583328,-1.225773629307879,-0.2673191015524402,-0.5950701055680487,-0.19914865307377816,-0.09206883670282456,-0.5856808478505767,-0.23333935299509434,0.025029682771133037,-0.03532537811021418,-0.2000055568423888,0.04099642797154411,-0.025367667332519807,-0.26861352651573905,0.040830077676965386,-0.03640349174493038,-0.21654150557665713,0.07012060049626391,-0.09643153101504415,0.044762823258855645,-0.17797044870932865,-0.012920884325371763,-0.2947068514023568,-0.26407101455767445,-0.15853800966100776,-1.4060847399023026,-0.624192446763412,-1.4060847399023026,-0.4141386170423272,0.04165515469125841,0.2661521059421926,0.38039021436142073,-0.22264867568505464,-0.12868612321323308,-1.4060847399023026,-1.0460041329322138,-0.2151210073954669,-0.0844542434195797,-0.2652945867894628,0.02680551159999607,-0.20991632762805879,-0.8783399521533787,0.018915316822166635,-1.4060847399023026,-0.20539135837933778,,0.02844027491989367,0.025966762268440146,0.0159824231310483,-0.2878568915511262,0.10402705860977811,-0.3350157041907905,-0.29801835022541223,-1.4060847399023026,-0.17026423576082214,-0.008762294068333319,-0.06550674932890324,-0.16603936944197334,-0.020351696148431197,-0.04360896437469018,0.10047229879141213,0.036433799507804426,-0.11544695880123104,0.07810776128463162,-0.13349982624552897,-0.0715065098129762,-0.18420852049719347,0.009603348001011088,-0.3026376517052745,-0.27774109528340785,-0.16883020730133474,-0.03424411680946863,0.07931210132834707,-0.014332450809811745,-0.035172326946191435,-0.21036919767850049,0.0013260710938531972,0.09347266363490606,-0.23414968087135118,0.052185903101916474,0.017140426214149376,-0.313052198279287,-1.4179675636130826,-0.5274564709873232,-0.2510727569683437,0.1997389306093325,-0.08287749159156971,-0.46141034094190303,-0.10497976715010669,-0.08719931104478171,-0.1556731907516908,0.3328618518970574,-1.4179675636130826,-0.14466213572943176,-0.033802245378246734,0.06668739274933601,-0.0712762852771883,-0.038678790031622896,0.01806941244515507,0.04706105045760259,-0.32272852773480004,-0.06623779615613383,-0.24980729153880607,-0.19762882449941963,-0.06012428978440677,-0.01972196753592837,-0.44218220635834865,-0.40881474842608406,-0.28067230342331095,-0.1351066154166531,-0.23965801753586172,-0.44348189557075096,-0.37060767071381917,-0.20540845112976897,-0.590961152931234,0.25769491179139403,-0.11328730083746683,0.055540733653042795,-0.25127634717048913,-0.11606852518476075,0.004791695722660589,-0.03364376022895339,-0.3838424041744987,-1.4179675636130826,0.043376316806566236,-0.3151142906788157,-0.04749364565299086,-0.6799951057230732,-0.3268010185266296,-0.3224673450077191,-0.08445495792415617,-0.0022184618461837035,-0.05919957110920219,-0.07900148988815783,-0.0008127532118053469
-0.10652447472858344,-0.5490564829646749,-0.267901130433945,-0.11802799047643558,-1.225773629307879,-0.3747161289978925,-0.39236188446004683,-0.34954945703577966,0.12770773649902484,0.01775571284944729,0.03666571939506737,-0.026873519936489395,-0.03381194242891452,0.12471250157428747,-1.225773629307879,-1.0644590698315337,0.019551512653567898,-0.7684441900707112,-0.052024367544856294,-0.29721819360233065,0.048010785778710874,-0.07215345135245123,0.10013103792794532,0.19156511770304402,-0.0297367147294249,0.0734041139368299,-0.3106072171208221,-0.16589745093704789,0.04806765656768539,-0.12875109462197648,-0.28919275619389095,-0.17330384824486672,-0.7076535806929293,-0.8189158339691779,-0.7782744402425299,-0.31129602341406065,-0.44421177263526107,0.00809830554735535,-1.225773629307879,-0.1232501912544997,-0.0026182421379806324,0.0015945602828180139,-0.12734357198074797,0.033558430681148874,-0.15033368733020458,-0.03228455435045582,0.15166247815284659,-0.128948617725513,0.015356516129724903,-0.04257598800777412,-0.041907787228743255,-0.7320435501420628,-0.3405251665435398,-0.24441192200804243,0.01524194540309111,-1.4060847399023026,-0.47339152519608546,-0.0028558204296764336,-0.02244641833015733,0.060063330417964064,-0.06188496985256946,0.013213877876798423,0.0024610295989200936,0.2310219752293628,0.035279119973477546,-0.06904610207042096,-0.08716243145985418,-0.30085953253758785,-0.11720482975862341,-0.8879794090751607,-0.8553167328111269,-0.11149639892734375,-0.0479639258386119,-0.012883927080878897,-0.16573055896260075,0.00840333485432476,-1.4060847399023026,-1.4060847399023026,-0.4259564358560475,-1.1286059975134901,-0.2200243841961915,-0.0008876667534979132,0.024264904960784095,0.08064270659218843,-0.11815825603074451,-0.04887880221608773,-0.28666178413006804,-0.10547135088617547,-0.12360187976345523,-0.061198573238973604,0.038659589042889644,-0.8375484633957515,-0.059453132389979665,-0.0986968837323884,-0.23473625810089174,-0.2688640466415562,-0.30813070858773445,-0.12153006022910173,-0.8301227947711003,-0.28455346371835094,-0.4004398909693734,-0.30964209330997544,-0.36632867836542377,-0.0141294298308468,0.006471192943127465,-0.07248571498884643,-0.045902624643521565,-0.8957844485634708,-0.8613532933582702,-1.0894710988339857,-0.872636799461111,-0.8230494220332927,-0.9169587479579933,-0.0401826736963704,-0.12852116639352623,0.17135293701264578,-0.03139430995914267,-0.6034610996741023,0.09063840920212046,0.030024270796782646,-0.016665026346706777,-0.004634719692648372,-0.021124298790659784,-0.24137766254478366,-0.06679467609196205,-0.015018742648361364,-0.02112132014205712,-0.1481521390132834,0.19004634649836227,-0.05659543163414786,-0.09964320205720036,-0.4099755521359736,-0.4169073045539603,-0.21390632385272676,-0.04588833047644658,-0.0572033448939759,0.023375266192179008,-0.5025353402533387,-0.10453972322023199,-0.5578029533119261,-0.5254972364537268,-0.2612523636497818,-0.17954738094221476,-0.015190804810419999,0.010123061900475341,0.0830766982991385,-0.003414225026018208,-0.020547762324384877,-0.03919674777285146,0.011658856344336499,-0.05733345218779955,-0.0856058148935507,-0.1903877683501378,-0.22418199278287232,-0.8866698902369331,-0.008720226224148706,-0.22392258126056552,-0.46523342679604773,-0.8542343048372025,-0.1445859114185123,-0.12845490987103309,-0.3840088206708847,-0.0897931358218142,0.5021755892139994,0.05836771846843757
-0.07474766022805872,-0.19581763460353682,0.2044812563509248,-0.02294399141913653,-1.225773629307879,-0.5165711976736497,-1.225773629307879,-0.342264716615079,-1.225773629307879,-0.07899127319355607,-0.08193986372675477,0.1327406336380092,-0.051436016719257086,-1.225773629307879,-0.35664371686863866,-1.225773629307879,-0.7980302563362364,-1.225773629307879,-1.225773629307879,0.057234167451436634,-0.023965435209822666,0.12065909907994952,-0.02780216605540444,-0.3860028418626096,0.02206246325482354,0.06330532669359243,-0.42988765903890375,-0.0676955561014779,,-0.013895564428572583,-0.04388661589176612,-0.06190642326026847,-0.2780294765717092,-1.225773629307879,-0.17645919047724357,-0.23152272945651406,-1.225773629307879,-1.225773629307879,-1.225773629307879,-0.1358114188500082,-0.05320936246297962,0.0123955762561932,0.09776947462641311,0.06613723539314395,-0.014702843144992869,-0.07199954970558514,-0.025730743586706715,0.0361389505597746,0.002460197089333305,-0.07279201968547168,0.05091776348982611,-0.1286091457845558,-1.225773629307879,-0.505474226994397,-0.09088490328180754,-1.4060847399023026,-0.1804722897863037,-0.7133202791515584,-0.35498178824429744,0.03995982564682003,0.04179138990959541,0.29717449788862776,-0.02190575787720451,0.059959877493253065,-0.12358422602100537,-0.26192806748589603,-1.4060847399023026,-0.08703116381434128,-0.13302128239855734,-0.44600869976145535,-0.21556009103707294,-0.18358467649295457,0.028118354431334137,-0.6736509722003833,-0.17093937176179214,-0.3302138512353107,-1.4060847399023026,-1.2270074277047744,-0.619362982819314,-0.5360900479518425,-0.5120310334474908,-0.06655626521182953,0.06901651643968876,0.07810776128463162,-0.19472301634357078,0.06729611393047794,-0.21997306823577606,-0.1740444227747895,-0.05441360307876245,-0.02262685013934033,-0.043765888028238706,-1.4060847399023026,0.02844027491989367,0.07810776128463162,-0.184114500946552,-0.7742380952791464,-0.07053775848045428,-0.09369276706032516,-0.7664124582934786,-0.07480040000209592,-1.4060847399023026,-1.4060847399023026,-0.01861530780702927,-0.03383104950011005,-0.13390227271689553,-0.05004736252548522,0.05419994764379123,-0.14385946907106922,-0.1078465626854326,-1.4060847399023026,-1.3587618454838908,-0.4665694468168637,-1.4179675636130826,-1.4179675636130826,0.013712086975870888,0.0859097734678707,-0.06273413946956907,-0.7730473131175893,-0.08930871768755458,0.01115618712282187,-0.018822787947099087,0.03544803418592176,-0.0600465194294744,-0.13346382392843464,-0.14221023135079905,0.056039451293180484,-0.08609452744452202,-0.09695713691958043,-0.09661609203850763,-0.12643580236310517,-0.00231190878165341,-0.04727770862387655,-0.323502990276661,0.010078959715144118,-0.037145689652138075,-0.1103930101116396,-1.4179675636130826,-0.41917289076313735,0.01067842965690478,-0.31214404008314495,-0.1709989752146618,-0.19779847622868088,-0.6512760622058049,-0.03115523940393334,-0.42134986872049474,0.02458685944505464,-0.07750113644286616,0.7898822776045542,0.03315934749712503,0.013948800028235673,0.08760585338190668,-0.017598823187753777,-0.055708849805098874,-0.4135094169155778,-1.4179675636130826,0.03296414364397612,0.04951806734091604,-1.2684691417268266,-0.5168049538245069,-0.026335781910330203,-0.07415374567581667,-0.12740466652347385,0.028675726842744186,-0.14407310673796767,0.043376316806566236
-0.04383445718483254,-0.07365375329942354,-0.13282387072243074,-0.4496475085979296,-0.03044487590701151,-0.12979043259934472,-0.4067630395274672,-0.027639083021247207,-1.225773629307879,0.06283498311182606,0.14367945589937084,0.12633833509151124,-0.0569875013417717,-1.225773629307879,-1.225773629307879,-0.6347277988313984,-0.18998664628283618,-0.35994897837973283,-0.09254637307867843,0.2114258623942048,-0.1005692327085164,-0.09742023965355553,0.2114258623942048,0.1638888430348823,-0.3715403638270163,-0.04310728944908155,-0.10627377260453898,0.02300079280014989,-0.11958316181031085,-0.02609873229115996,-0.05389841094787477,-0.29766840187684773,-0.30699507865845943,-1.225773629307879,-0.00507231422208078,-0.3459562787769601,-0.4001540357267104,0.1150039817271169,-0.2661772809288167,0.05276053120287402,-0.004930242392841718,-0.08896795994042413,-0.031199955660281147,-0.04776889910897685,-0.04808143719014367,-0.054481352773353746,-0.05622294482844801,-0.015979295862782777,-0.09355880842011753,-0.02970272485158617,0.07720974015440976,0.057566800978601264,-1.225773629307879,0.2114258623942048,-0.043157266485789623,-1.4060847399023026,-0.028991703547195723,-1.4060847399023026,-0.2296575920516874,0.10817065082297052,-0.32906729523555917,-1.4060847399023026,-0.08087866758327018,0.09937364303215436,-0.6076539033773182,0.1369919296729154,0.08413919131695165,-1.4060847399023026,-0.13391764218893876,0.06286831114706525,-0.18850019577736954,-0.3413742860053487,-0.13176955568235563,-0.16581446566137484,-0.46225153980244427,-0.026999239629073385,-0.15956090870849324,0.05148657248482559,0.1664623575460325,-0.04771213098638056,0.04688629004040532,-0.2947642330875892,0.02844027491989367,-0.09175411834703037,-0.728680777844646,-1.4060847399023026,-0.11181757116244789,-1.0119720661351113,-0.1980082975175241,-0.03367158712043534,0.10766654542349055,0.02844027491989367,0.010425461119804509,-0.043528837532480685,0.032396383232550646,-0.15226261809527983,-0.31061184559369964,0.06582875835175964,0.02844027491989367,-0.1267958735914382,-0.13708363053482292,-0.03363965280901865,-0.57401667933081,-0.1792504251352486,0.8866001335835008,-0.010879933059212145,0.116482595224431,0.056747223426254934,0.004705402246041908,-0.0519446860428831,-0.2545350908033069,-0.1117538359014799,-0.10131657562659145,-0.3561506219850758,-0.4430110910405154,0.16641993538008146,-0.12199376205248486,-1.4179675636130826,0.04707209870216746,-0.1052800750496067,0.08836624938382576,-0.07307450480950461,-0.11879683915107773,-0.020318851886733852,0.13137461567518707,0.025892234914581903,-0.18002449402985235,-0.0006469183797529212,-0.23965801753586172,0.07772683874424292,-0.30465222874743625,0.014367426003502385,-0.40714747384607997,-0.1339693341937641,0.06890962286881697,-0.03738790105426721,-0.28872741650541256,0.043376316806566236,-0.13879346408670667,-0.18980386123425877,0.043376316806566236,-0.2080882847383421,0.011244666155253435,-0.09645277626863982,-0.57581978071321,0.08117383683610983,0.0008156850818570161,0.0009122131240455196,-0.21955622178834575,-0.03864737942201559,0.04009830250827478,0.08911735724393184,-0.03356128533512376,0.055809165813750554,-0.012211283357450729,0.056693866143335096,-0.1841277060858176,0.6038123820899077,-0.014283996373222337,-0.31671163013226244,0.022939488739330983,0.043376316806566236,0.017201989283612905,-0.09184173869058183,0.1107974676822948
-0.03394362065657639,-0.14480813045863583,-0.06358656851378716,0.2114258623942048,-0.3020827207730916,-0.2601651407313672,-0.1990491221364023,-0.2539450524392274,-0.39510065441269343,0.043742675514803535,0.18936621382678978,0.035480113648046534,-1.225773629307879,-1.225773629307879,0.2114258623942048,-0.4690633058574785,-1.225773629307879,-0.339518694695002,-0.3434953311582134,-0.3049769697041256,-0.03512302424360714,0.15540335726965962,0.012967241817603111,-0.15073389774814985,0.09750041464184418,-1.225773629307879,-0.48604362827476405,-0.07634625694217648,-0.059171699277262985,-0.10712506908647675,-0.36694820635092085,-0.4815895358178236,0.025681485758361346,-0.39044779482183184,-0.14225727468867794,-1.225773629307879,-0.19970726165403746,-0.7135170916586242,-0.8619682852645312,-0.19466869091993874,0.2114258623942048,-0.26496731204392243,-0.07727219072905062,0.14897413006065,-0.039284218839531086,-0.0478849695047238,-0.060838289906443604,-0.08693321276375891,-0.10486468515253014,-0.4782972067416076,-0.028721830616302176,-0.4498787954811847,-0.22079472612956516,-0.29750654549313765,-0.44299895173597986,-1.4060847399023026,-1.4060847399023026,-0.14622409155063867,-1.4060847399023026,0.18918368470085373,-0.016100362224500765,0.12316838559466599,-0.1857941234088198,-0.03800567018304585,-1.4060847399023026,-0.09188773760826802,-0.02590718277708943,-0.5142616307025724,-0.3635462720236764,-1.4060847399023026,-0.1546050906976404,-1.4060847399023026,-0.047672751347751105,-0.5503265955971278,-0.2578090687432769,-1.4060847399023026,-0.23817918795313892,-0.5989248434483575,-0.3511225467359687,-0.32866195535788295,-0.37712678367501284,-0.21341208188752986,0.09800029581524045,-0.22203712222538635,-0.18674234571438242,-0.18292627494671043,0.02844027491989367,0.08985774203378254,-0.341867083914267,0.0031594827223433743,0.1374918456983841,-0.32369504052676285,0.04668685874437365,0.25043163751320596,-0.052972863844102824,-0.04580560944765312,-0.08511753720565333,-0.01684543054062166,-0.2927677504718307,0.12310717432898236,-0.0795165965388858,-0.5161557206335757,0.02844027491989367,-0.03265046643702675,0.13940568505809905,-0.36320322325110505,0.17397568706018837,-0.7896498059609749,-0.25451853389047807,-1.4060847399023026,-1.1010691501757606,-0.400172019012625,-0.3365864096585238,-1.4179675636130826,-1.4179675636130826,0.043376316806566236,0.01816942225968945,-0.37295150127443627,-0.02095936886443458,0.056971618937030434,-0.20842868050494373,-0.025413111636915123,-0.11777193407952599,-0.007274861894765627,-0.060779450599503904,-0.048408964173529086,-0.05467413328483637,-0.09597565245201305,-0.5463492022803689,-0.20485195950251148,-0.060332316810502384,-0.20634350248256947,-0.07723901378144485,-0.057135083779405176,-0.002664670946515315,-0.1490597321597089,-0.2672779379520586,-0.11115963469447114,-0.21525488066632126,-1.4179675636130826,-0.17188516435058387,-0.21061749974375038,-0.9288822467481237,-0.10994972912920661,-0.23788954546220484,0.043376316806566236,-0.13646528418009962,-0.04280607475661611,-0.21514485487549373,-0.08014343340281645,-0.20029025366466058,-0.13879346408670667,-0.01688827765767235,-0.2795437204193542,-0.42252154880937853,-0.16530462863790427,-0.04372613685046492,-0.30060034433241906,-0.3717252933588453,0.025247433752245474,0.12144833172870255,-0.03399423851117805,0.005127938241556136,-0.013246191301103475,0.10374721630483784
-0.07711612042611388,-0.16748680745358263,-0.11791361276191398,-0.21051919416396436,0.07748216801106061,-0.20377068068429222,-0.06498246840984903,-0.4267585636958206,-0.5422551376386852,0.021567389446566134,0.09985509432774523,0.017431401415582075,-0.07624693204647136,-1.0416636281689668,-0.707374431106711,-0.8890125245820881,-0.672077014679895,-0.03448160183046986,-0.5535795754354095,-0.0778318492026857,-0.17498456886622876,0.14146569188374397,0.16361706762756556,-0.16139703902562344,-0.1301552773653478,0.0789988687864678,-0.16006024711781203,-0.24773255949081827,-0.07590968711996232,-0.10250878501314206,-0.033387644975834616,-0.29365241191510494,-0.25570178110802533,-0.6499640781410045,0.04899201529492832,-0.3238432794052877,-0.9547502745418618,0.16930751447733797,-1.087388674445008,-0.1510068845039496,-0.08239595121628515,-0.1267505814546063,-0.07241736711440697,0.02372165845291325,0.029414181006943756,-0.02036884358806803,-0.28978509801885927,-0.18618498795457317,-0.03885433303662119,0.05358568184091242,0.06688006304629748,0.09879705280519505,-0.8748315259451177,-0.019474307824942975,0.10796495266215338,-1.047823284989899,-0.10347745704032503,-0.7597606907938165,-0.976355044073021,0.034524831035525956,-0.06972882589827287,0.14689832110852238,-0.021179193915738453,0.1469643594605314,-0.7181792454653587,0.1353093777224343,-0.07876622176008354,-0.5970420690598391,-0.07845590921074236,0.1307130604917066,0.06721420728417538,-0.6146623083594868,0.008107640056569608,-0.3135432988199768,-0.6156567488567122,0.013263265520728608,-0.533261868336006,0.11438836246094772,0.08555838661770286,-0.10040456122438572,0.021231914175791428,-1.0832935381943,0.02688191744181551,-0.17617854187648874,-0.3093515047505322,-0.09349844020037326,-0.12068520037138067,-0.7488852467950601,-0.04396788837673399,0.0542785886921133,0.2570033909012941,-0.1363653744024953,-0.12231284735614832,0.013420622646041162,0.16179830461608138,-0.07362190896306453,-0.04679579949137749,0.057079101686773125,0.014545484604273348,-0.3567055644249327,-0.3778174870867478,-0.169730197846735,0.06537315598958457,-0.02056470315168549,-0.11673189472897223,0.14098896081360837,-0.04216630904083198,-0.1469897878292346,-0.5155566514814822,0.08361701711007023,-0.12326075486609941,-0.024003278718755548,-0.024456689354327155,-0.20803126449622888,0.13820639010164656,0.13900243871483767,-0.08711480789799901,-0.6556180169838031,-0.03310744555805147,-0.1455274113863739,-0.1288703829267175,-0.11247304755430357,-0.2023543946977077,-0.07385468186658559,-0.10280059660526934,-0.04774005570952865,-0.09706629717540446,0.0001872412030679245,0.033481239533978024,-0.043858273143027045,-0.07503716713341155,-0.03275765057999251,-0.2850699393255155,-0.0008008815470676903,-0.17807742319321973,0.06631097531037057,-0.5554970272060611,-0.07631098532736492,-0.08281703006128494,-0.07646195928186814,-0.03288802826396169,-0.6281578316904427,0.02440066633806772,-0.307273063467625,-0.3935721784179103,0.06635564954639203,-0.07917697002925363,0.04093067057936498,-0.03283710695302382,-0.07145886927176981,0.06554505381898033,-0.010025166007804641,-0.13774294933650472,0.06702988564752389,-0.09448376084533994,0.031682510818352744,0.01780726789801654,-0.02829967727328762,0.0031453159131564065,-0.3496911089574818,-0.015891535359949045,0.05917448312585352,0.027472017949147342,-0.2632790336090915,0.06137588258191216
-0.07921084782808945,-0.4321472832349644,0.16259577429321406,0.025200552267549196,-0.12177775318972153,-0.21381543225961125,-0.14508481418151545,-0.7613860609921902,-1.225773629307879,-0.3521045675227349,-0.03404506957455942,0.00781570212374379,-0.059032533447692624,-1.225773629307879,-0.32719972546555925,-0.2289934755853492,-0.12027944856119116,0.048375707928993913,-0.19085556305326118,-0.35529224179933505,0.02443776714957392,0.11330767168677314,-0.00404454037153531,0.04536422518611771,0.0011393919453761,0.14684995399287784,-0.2862262547756778,0.07318919432992027,-0.2392011065871765,-0.13089042023731431,-0.09173407132480704,-0.41830219710607,-0.14717976002994237,-0.6419162624313788,-0.16529206796245938,-0.19898960309656344,-1.225773629307879,-1.225773629307879,-0.5683820471343802,-0.08748053780325264,-0.04157626260545862,-0.08219737278268714,-0.2077516805724716,-0.10776146737019243,-0.02102755183593105,-0.055292073945158914,-0.018845089966557628,-0.1339320458042164,-0.023006439733964813,0.04183432081769503,0.11442333194901111,0.0652284710751508,-0.3073727656865687,-0.008379521633552446,0.047038564695956984,-0.5863745208357349,0.02506433522491864,-0.1815910380805325,-0.2254030545989762,0.07490810743661014,0.4892124173461872,0.1839374835909941,-0.05988066020680981,-0.16980205923871125,-0.18212487909946723,0.02844027491989367,0.0052579657983947,-1.4060847399023026,0.02787482879811964,0.19725407871349593,0.02844027491989367,-1.4060847399023026,-0.13475188092306836,-0.11566738263378913,0.0835268759191555,0.04468264516453227,-0.4546770548386659,0.07192585210540157,0.10132626099645486,0.09012138872372323,-0.24347851113497584,0.02413843960910575,0.1675195126923233,-0.1779499947191376,-0.3520337940705416,0.15903798337700878,-0.03371893141395951,-0.16961220681232983,-0.023646422217240348,-0.06522149255958265,0.08944954655165084,-0.5293416146575247,0.09579240744920747,-0.09034814736291426,0.18175523104867305,0.17222891652302882,-0.02079640244250558,0.15705024879510304,0.06195801913260017,-0.04005500531476765,-0.29509949962914306,-1.1548655014989506,-0.0496470610493997,0.08107198273764328,0.0045362272540152805,-0.18366034963453412,0.052292048222309026,-0.47968033502296575,-0.13265448865199264,0.02844027491989367,-0.2831743732973843,0.06269373346200623,-0.06951001537070559,-0.1142597158207843,0.13151504998453434,0.05949817780443633,0.003134630846210276,-1.0023048080606722,0.058409776169485575,-0.043752012239837976,0.08313270895890469,-0.04070227880178786,0.043457456257123474,-0.009250240641595367,-0.025063579281737355,0.03321061304765117,0.049581476636918864,0.04130452446646753,0.07914736136046634,0.013668562555075748,-0.23881409507299692,0.1251021591727282,-0.3843728876960639,-0.13065389997562446,0.04581571531293315,0.06262221999299843,-0.09273339314213509,-0.21789533553112572,-0.3582214337556237,-1.4179675636130826,-0.32368326342832104,-0.07063391615007895,-0.05791320548762926,-0.04382048108539694,-0.13259479699077195,0.075205256416366,-0.07804068830147604,0.12199354970079937,-0.4099689793852029,-0.05437708810057519,-0.09841418778041902,-0.06862998787095419,-0.057027715141166974,-0.00823177280452265,0.024685740196015857,0.09271823392526633,-0.03893087026721327,-0.10928235220308066,0.6279430162953927,-0.05409897577339063,-0.03467493966267411,0.0017945732948358429,-0.010696029026042175,-0.20098219432799713,0.02087549670618524
0.06066242726715939,-0.585102182627759,-0.08892495021147954,0.4647687439741901,-0.43507976830389034,-0.28038837071187295,-0.30131194840556774,-0.606747804875262,-1.225773629307879,-0.2520145539216414,0.09492439006499599,0.08425738972772406,-0.2709240700961818,-1.225773629307879,-1.225773629307879,-0.47739429914568043,-1.225773629307879,-1.225773629307879,0.03599929438803446,-1.225773629307879,0.12037499585394185,0.1555439174628986,0.09985745679236409,0.0011730202419342388,0.2114258623942048,0.07409569639781872,-1.225773629307879,-0.15993899898333766,0.0785086320536842,-0.2773252083000453,-0.2839061112555218,-0.27937575157452804,-0.20483798203742115,-0.4541355034450697,-0.13531141331266058,-0.37259586288741203,-1.225773629307879,-0.5807453324990978,-0.49104041601853887,-0.3246921020403536,0.11641952799944127,-0.005747869198433629,0.10449546708515668,-0.0014053058484938838,-0.05715978043017694,-0.017982868229927968,-0.10340046406278293,-0.17701987365639482,-0.0034457940699027766,0.07237907807079443,0.05913121434973482,-1.225773629307879,-1.225773629307879,-1.225773629307879,0.09357526327844112,-0.6746009407529991,-0.12139610726672967,0.02267820581735897,-1.4060847399023026,0.09225739892563702,-0.11464734874472718,0.1775298250672843,0.12829563980153172,-0.08641323632497422,-0.8325862597883718,-0.08965955137577634,-0.01714681394733384,0.007122744943320552,0.07606525376891549,-0.5521905116412913,-0.037694271864327784,-0.17971680156652386,-0.09465618208442456,-0.6202811003152329,-0.45221458094024924,-1.4060847399023026,-1.4060847399023026,-1.1935016024153897,-0.21287323498771105,-1.4060847399023026,-0.45782927008272223,0.05951944978232619,-0.246067312167922,0.02844027491989367,0.02844027491989367,-0.10347973393556145,-0.3432846488162071,-0.1728185051340742,-0.2229051626257506,0.021070828557822163,9.907787061649597e-05,-0.45985415690408954,0.10809630546863143,0.23289227415523128,-0.14260554084092025,0.01963988529175847,0.042976432800463475,-0.3461609417502804,-0.4031922998493345,-0.25110341526271407,-0.2773704757494224,0.04510424696518012,-0.15229335725898674,-0.0021328936400190164,,-0.051515991425838056,0.07897120250527499,,-0.23722698615975926,-1.4060847399023026,-1.4179675636130826,-0.7803103762227385,-1.4179675636130826,-0.08467032179822852,0.043376316806566236,0.10052647211820667,0.1232585987242949,-0.38733345124237156,0.14115022405804234,0.014179370648666163,-0.04746062413194452,-0.07512773209568153,-0.2671109076894767,-0.18971423323153158,0.006398518046570263,-0.10452637429223811,-0.018307948383840613,-0.062157457093069295,-0.15481990871735613,-0.018290320138795172,-0.27656032073595643,-0.1646613911860903,-0.67827207598847,0.0221324559446215,-0.07377161768264251,-0.4541723518604735,-0.08388807889261589,-0.13143549180002773,-0.08176585016784356,-0.20616395106583563,-0.2672779379520585,-0.1814194203783083,-0.15615388300960978,0.007327356891029664,0.019856457274332117,0.09124874536734746,-0.05111238074170274,-0.05201153708859685,-0.175368423068526,-0.17178138465677673,-0.07612929771603766,-0.2901207016583184,-0.11290555175784414,-0.44764205105173216,-0.5835580591274976,,-0.0537807917884289,-1.4179675636130826,-0.5162036738153793,-0.027801965979692447,0.02185565295949171,-0.42821660423807534,0.021086462168709217,0.0268803593848884,-0.021522577992483687
0.04985878348803337,-0.20429916902913017,-0.1618475612318563,-0.019931029408852132,-0.7598717080764043,-1.225773629307879,-1.225773629307879,-1.225773629307879,-0.8746401244054443,-0.018834205652682557,0.13252920410325816,-0.07338674874003802,-0.11667153101442844,-1.225773629307879,-0.8167724094470179,-1.225773629307879,-0.436680231612059,-0.8571728708605693,-0.174050027240295,-0.7701721712214374,-0.43976267977827793,-0.3098201594421777,-0.7390929873921391,-0.38499605082473687,-0.06439091035052993,-0.803783127535531,-0.4004636469967619,-0.14781554924154883,,-0.13485464006571526,-0.78203179755586,-0.7295359906733488,0.11767179234530725,-0.7547872518419109,-0.4544461884299935,-0.8094906418764273,-0.8379372394212072,-0.47453171503040836,-1.225773629307879,-0.6273322615307694,0.04728104301568499,-0.008185252671950083,-0.14660686900264577,-0.02205305025451846,-0.09596666407918462,-0.754319494815857,-0.08294663164548283,-0.1716865822176829,-0.012621137565174438,-0.06008822354101653,-0.07327502679896912,-0.38612638150019435,-0.37993291396508855,-0.8061153758883487,-0.5713393657253251,-1.0646045896966052,-0.4825424011119703,-0.18655993171140653,-0.07975096497217325,0.05463913354466584,-0.04635891264770451,-0.41103001735796896,0.006951802545592396,-0.018509890799674255,-0.2342084350558343,-0.003679551633572811,0.08263850594005809,-1.1145310806050055,-0.4026492472642408,-0.47914065697289965,-0.4441862953466203,-0.3591799710918553,-0.2615503320600165,-0.4066480053438272,-0.5635324789704081,-1.4060847399023026,-1.4060847399023026,-0.8682405581735079,-1.4060847399023026,-0.6928337489101986,-1.2656107769544291,-1.4060847399023026,-0.044213215989566707,-0.10049358877121446,-0.6290794118600121,0.06476918619021486,-0.06619072363784091,-0.21126357155318073,-0.7717824318161024,-0.35234479711323846,-0.20402475911185391,-0.9048193874963123,0.008922371624933208,-0.38805855581876375,-0.878577500847091,-0.041691484458986,-1.0749923628655254,-0.9638226612352376,-0.4851194556068295,-0.8170861376724184,-0.3559097723653592,-0.3470821881585549,-0.7926338069524763,-0.17399253609212292,-0.29096605279509263,-0.04316825399083347,-0.052641204425049166,-0.06404258748058793,0.042612898216508495,-1.4060847399023026,-1.4179675636130826,-0.9464719034000557,-0.2899690877049582,-0.8035385773459995,-1.0055776572337176,-0.8671816410416937,-0.5446736128496404,-0.32348081506380133,-0.08080372698947284,-0.07957057287538408,0.07754818723767962,0.007927707945287306,0.05286493187980981,-0.09816301885350805,-0.015416114264185694,0.0046520243272827055,-0.005713368013634498,-0.2384941322217093,-0.2774224491291656,-0.1196627824500926,-0.30574477515596876,-0.5124927246896847,-0.9271655278698563,-0.5225394436341698,-0.45263511092663,-0.8612163940162887,-0.43634867058948734,-0.4956349973707556,0.022816085256366223,-1.4179675636130826,-0.6939419362573384,-0.20802250441359682,-0.5969726753474355,-1.4179675636130826,-0.1633988398627526,-0.003582933198629418,-0.24558781543368538,-0.15322685851541584,-0.18853899099287458,-0.1316673385125059,-0.021944090260273868,0.006375696318833136,-0.331085530989083,-0.08967906465850378,-0.691861308515292,-0.26945899713265153,-0.25591805418007985,-0.8661141361690782,-1.3818251559664552,-1.4179675636130826,-0.6931445068984626,-0.7082789932745669,-0.28110562076718254,-0.11711461057790008,0.03887652238882909
-0.12330360544953742,-0.3102337485525476,-0.2677436341740359,0.03518151310528688,-1.225773629307879,-0.27959577319162593,-1.225773629307879,-0.7751695841387546,-0.7575849380088701,-1.225773629307879,-0.07443150885945557,-0.0001544550859236808,-0.10629700172907883,-1.225773629307879,-0.17885709301549363,-0.24124806845738,-0.03094938141341552,-1.225773629307879,0.012416234081691561,-0.21671084623465245,0.2114258623942048,0.09293118906982349,-0.15043365281542692,0.2114258623942048,0.10838722235567112,-0.03384044006813938,-0.3129329245938531,-0.04953949859577186,,0.015797953852551175,-0.33087580469125827,-0.10301840977094288,-0.16139381057866917,-0.40150190550147286,-0.5535268634885611,-0.29638973032557797,-0.3548220897789924,-0.20752114101706629,-1.225773629307879,-0.22385505300220834,-0.02033618277794302,0.2114258623942048,-0.0464822685879532,0.0265049382793084,0.04065650959851729,-0.011257976486875092,0.0033430536739841904,0.001370256631914612,0.10858472481264637,-0.20665469461342673,0.06157793704381136,-1.225773629307879,-1.225773629307879,-1.225773629307879,-0.03435731134500434,-1.4060847399023026,-1.4060847399023026,0.03376544573794013,-0.2226431727517009,0.02844027491989367,0.07621751711884955,0.05627153155475354,-0.016938435190327936,-0.13080025008428822,-0.6282809345391225,-0.29240277575915063,0.01883481284012902,-0.14617986350330497,0.02844027491989367,-1.4060847399023026,-0.07670540445545182,-0.18663219016474833,0.1574710765601673,-0.2035241380914265,-0.1968561590339666,-1.2033441919671903,-1.4060847399023026,-0.09998697157965247,-1.4060847399023026,-1.4060847399023026,-1.4060847399023026,-0.096799172566743,0.04745236035350515,-0.1382570369031946,-0.3006988833787177,0.09863412288667106,-0.14890582604514394,-0.11110884552410062,0.010244491138647182,0.07360637580904755,0.08463929506471186,-0.1921449356658249,0.07477675227354237,0.02844027491989367,-0.10223075853145576,-0.3724131093497097,0.05695840044207016,0.02844027491989367,-0.19853018639400982,-0.11446258922249368,-0.6495966083661177,-0.20864624928066813,-0.8068711551122406,0.10294690094392892,-0.01506637513244605,-0.12046865689263059,-0.19348117286917813,-0.24423757388310072,-0.49491534197621506,-0.3495828248386036,-1.4179675636130826,-0.48348514150993144,-0.7767883079836204,-0.346845643955826,0.01750092695793492,0.1562046217049961,-0.05005693203350766,-0.30465222874743625,0.07709086656376943,-0.16594077880365612,-0.19844680476702256,-0.08938915826882451,-0.06300873361963942,-0.25576489567513205,-0.10372442603392566,-0.23449088921422084,-0.011770973465275997,0.043376316806566236,-0.2640454980632024,0.043376316806566236,-0.08636921400767654,-0.03382038729142035,-0.2685455039364418,0.010177526883145362,0.005437367997600357,-0.04551541342099924,-0.3812724491518572,-0.21898153043247928,-0.09652550270692974,-0.3204960726860171,-0.1662727882682581,-0.0005798310236156049,-0.17443053268462583,0.12835826430467961,-0.26796331358224856,0.019471435896626033,-0.04719863770828553,0.032732352261341836,0.043376316806566236,0.1079667885760315,-0.12996281678435193,-0.08382502244780414,0.002789753884733568,-0.5686254248414846,-0.7461476405811052,0.035241506564985994,0.01169174441074295,-0.15336200646699308,-0.40832741489150987,0.04316816320965614,-0.0988894115422476,-0.21822870848001863,-0.08839178711737895,0.043376316806566236,0.09587181244334489
0.047441017197531805,-0.2564821767400448,-0.03634535594236884,0.01730648936235874,-1.1856777225477055,-0.6160198561820281,-0.6580958323772936,-0.7625187027879514,-0.4294100249913689,0.04537508188711064,0.09342683431580497,0.02182404698502126,-0.9256458586977117,-0.8375481092116985,-0.9164488725230445,-1.0138652060702822,-0.9996052037631639,-0.6475327558492442,-0.6591424531405801,-0.270518500243345,-0.036685555712408405,-0.32476152890812643,-0.528240153652885,-0.42689622641143904,0.04717544866885456,-0.2330504147535743,-1.225773629307879,-0.5781776483364152,-0.06304866865718402,-0.5562794270166252,-0.6773021053040061,-0.8631959115504767,0.01249666948575667,-0.6542368251260253,-0.19499477823896916,-1.225773629307879,-0.5673185234127348,-0.34249963526592236,-1.0398647067748277,0.12649295445897574,-0.001006987188693266,0.042685529729613224,-0.004194689176961581,0.025924674071327262,-0.09383088573760519,-0.02910323542450897,-0.14046567502739532,-0.00912231254053189,-0.016666071841709953,-0.1820903320798818,-0.29361702233482356,-0.5447759004513968,-0.22512875662874804,-0.7675617116799213,-0.42538843724282016,-1.4060847399023026,-0.531693421969,-0.01756971256726723,-0.31870457353079296,0.11241487435137093,-0.11796692868548453,0.04762371896377135,0.016056581571375697,-0.08626802129621958,-0.35603299583903497,-0.21102252694495885,-0.006052164618231344,-0.6364328670933791,-0.30292070460937626,-0.8913739118281613,-0.1406513262555775,-0.011120003894569195,-0.11715073082247898,-0.231804864268243,-0.6221808912702176,-0.6643279810626763,-1.4060847399023026,-0.7657314342599838,-0.7144316740486906,-1.0680253285840071,-1.3234155210219014,-0.7042440693522847,-0.10873437431369767,-0.6949473550045291,-0.5625372482779388,0.009293433882152329,-0.19966622845671783,-0.40951940379259116,-0.36415955286818746,-0.11531396019657639,0.14806480749999013,-1.1244245362220575,-0.0001409783484980136,0.21637075653459104,-0.08044652518296544,0.057390148997012225,0.03712475558620433,0.08992217850067333,-1.1138186891756032,-0.010671628826148178,-0.015368566713831352,-0.5444994345476634,0.005983723033850708,-0.08464932106436757,-0.08541139586520101,0.0018344934274815254,0.07045147057204469,-0.8901564016871187,-0.05879537057099984,-1.4060847399023026,-0.8304416411631119,-0.8566475154397376,-0.48335411645895987,-0.8188558879515373,-1.4179675636130826,-0.0018099232567915708,-0.1537970135749555,-1.0713682677122554,-0.06562891352390521,-0.0785033275586331,-0.2246213227870462,-0.005618263705185797,-0.2302724267316094,-0.09436951590369339,-0.2235859972780823,-0.03556618800625297,-0.06218988834728669,-0.12150214252956872,-0.3995947600800692,-0.11944531937145325,-0.008369720573799432,-0.20872337710818498,-0.21416955956338432,-0.05709980525098592,-0.06629400077492204,-0.15699851585340138,-0.3277181646027562,-0.2888817295249197,-0.1327722597524762,-0.35782118317103867,-0.17317322291270132,-0.319902165353177,-0.6913218400788147,-0.1819891215087124,-1.4179675636130826,-0.09945918018392995,-0.10639824417005186,-0.007143690567525113,-0.19555751027058743,-0.1843009538045953,-0.49354601658463715,-0.04052617450889574,-0.04511710297036492,-1.0056673591773397,-0.7521106490570907,0.032107651464108655,-0.032345041233926494,-1.2486044933871374,-0.6115289608806832,0.020459838720847022,0.001748019984328926,-0.10276659165425277,-0.013102421938638541,0.023407580650428618,0.0409585059778577
0.027281974993127067,-0.5477193814910416,-0.12983737266707518,0.011352601467066733,-0.9696093699536277,-0.26493538776644365,-0.6495449640804377,-0.5777804674393752,-0.9066509472160438,0.01303189341027752,0.10563080970801635,0.01642224985464951,0.02832688892784316,-1.225773629307879,-0.5918970027748043,0.0002036020931114053,-0.603509455834203,-0.4819061693445792,0.05966692755118654,-0.1799688987577759,0.06685917097396318,0.09274844049968663,0.06271046222654653,0.11660756489492609,0.02326060637303358,0.06684540417598536,-0.4507183164351944,0.040706160010747734,-0.0421571253112551,-0.1667820639976723,-0.3454892858738204,-0.16922079381391475,-0.20303126140703542,-0.2169336766311052,-0.3239349818642424,-0.5082236301348371,-0.31544153627505017,0.09322575773954221,-0.9238931204517021,-0.040174496363226515,0.018194533530779846,-0.010912477875931623,0.02252073514880548,0.014681861307311302,-0.1401221881620957,-0.22165178598381724,-0.07102660824699561,-0.08403395674523936,0.07032389537027188,-0.09979684480148698,0.0367739704778379,-0.976905903570298,-0.5615262773744456,-0.6264234932157788,-0.04937997620183165,-1.167713588580705,-0.10506148336250119,-0.0668445616559259,-0.23336715206851036,0.02148877547333755,-0.01366862484370103,-0.18186912993949214,0.03756567438756632,-0.01128219757090324,-0.052103704966392134,-0.11761598325397325,0.030403236683926957,-0.19963947443068397,-0.034173237355329365,-1.0357839322010838,-1.0759001531266315,-0.2514015419846627,0.003989169409730483,-0.6043068216402347,-0.04392413297215766,-0.2885182490013261,-0.8311027618039357,-1.4060847399023026,-0.7080491845733037,-0.6430597317092648,-0.3893782434455411,0.06389839581243219,0.067580402696716,0.012086290923867383,-0.22924664368688447,-0.09345932871702556,-0.03977001396051425,0.0634474830210603,-0.6888363548184558,-0.1716132063871998,0.07424082650529909,-0.2456879457572987,0.04313452755261102,0.014799761191380335,-0.10909106118390237,-0.0245661043646176,0.01199073427978808,0.07704774247190115,-0.8067184914506924,-0.1633751663121293,-0.5772084009681826,-0.05173133143777169,-0.1851736172780042,0.08945835524213921,-0.031436958741266945,-0.08061855430762457,-0.036728199886358136,-0.41054350142127466,-0.4446865132749146,-0.6039863902970083,-0.7230340078832308,-0.8881210086764445,-1.1706267465493985,-0.09405570699237872,0.0005816270550736656,0.1389243357448455,0.013028367735602812,-0.36440922347950816,0.08596514336116563,-0.03718823671305026,-0.018153472104748093,-0.062381171231126756,-0.013446240851313134,-0.03636295037747478,-0.04696814913410431,0.0670841639929639,-0.03738634229441075,0.0022953981385837076,-0.19741132282766638,-0.04125355893468755,-0.204195742163027,-0.20227518741753348,-0.14603364017124665,-0.062079432823111395,0.0390199857828449,-0.32786235307066913,-0.1755675070923414,-0.2815845215021803,-0.08356158077470129,-0.4181292629695786,-0.2681421570780105,-0.3902450382811742,-0.18434260732307467,-0.017518913000719453,0.053678128782043144,0.05486373276814304,-0.05782513482759353,-0.10391702150233897,-0.03186647729841841,-0.057277766691247005,-0.08792926830797457,-0.03452334251843308,-0.12703320140143448,-0.11017457788529582,-1.283301174882134,0.0875646181410381,-0.04568503916561895,-0.4806418112515624,-0.7476778233744144,-0.11367173513031678,-0.053756042353179136,-0.44774034680508024,-0.07478968252010179,0.026207181217684776,0.06532519157075041
0.04195673735074984,-0.3618884635348231,-0.05173598182022567,-0.08622216444569611,-0.08661751937511696,-0.22030884462682238,-0.04839265884457585,-0.33510400200629537,-0.7175808528510786,-0.7716463479100011,-0.011818587960283332,0.04854649776821123,0.0362752655462677,-1.225773629307879,-0.4411219405074451,0.00028359343270924767,-0.29400098489530063,-0.7347115209212425,0.03193341333465807,-0.18194761625028513,0.022654074692412474,0.08039742275121656,0.04996347240227949,0.10034106934268137,0.06182784811067766,0.03256148677500479,-0.3133697924589652,0.014207080335798684,-0.026867815220465135,-0.08589334065664996,-0.24873659187451963,-0.35121819854099917,-0.30055843972812124,-0.006817836472988034,-0.23425297905487086,-0.19585198104426033,-0.8535422003532026,0.10163494603071714,-0.7385054310701881,-0.0007954270208085505,0.05297649274901398,0.04946766849507816,0.01563088309345783,0.03291976314553837,0.03366444652965959,-0.057787955638043016,-0.014407786573925704,-0.10609228130919837,0.13100021179306715,0.07147810331221618,0.038697325726051314,-0.09938307929279054,-0.7245224079333473,-0.09125192911676293,0.010569880317512189,-1.1333467135188255,0.03877258794198857,-0.005640735440530545,-0.6414351949524125,0.045109494789634,-0.0018283096367107175,-0.2874722777188168,0.027788653912845438,0.019500994479792217,-0.8051281895145974,-0.05347017625685421,0.05519404421752661,-0.3501265482683811,-0.15704606218149916,-0.39836180805944793,-0.10607943313542065,-0.3169776853898413,0.08010955676546516,-0.8509113399317421,-0.05552953840311464,-0.24058719876231846,-0.30128232725756987,-0.9295461924550436,-0.38676301918420786,-0.11274387641137763,-0.29296499777558777,-0.051804392830180186,-0.027916592916088393,0.002514766525526725,-0.2235565113423001,0.11176556819118079,-0.22119031172877404,-0.09996367025905285,-0.5704043670195825,-0.019354515116826815,-0.04080196514941849,-0.9724565989893178,-0.0521587284028484,-0.021818849028138056,-0.023690766712218914,-0.14673329347640215,0.11477335406712108,0.07576552644617862,-0.18413458848975406,-0.09063344928339832,-0.28059184962784184,-0.034813669966698824,-0.20962021874884196,0.006304360023891879,-0.007465930375693564,-0.10426359595846844,0.020832103398569595,-0.028682593195322577,-0.10299488422508592,-0.9762073854302276,-0.18042519697272705,-0.49266875057574644,-0.3443919781568822,-0.3568737579644351,-0.024955293682384333,-0.059368429372886146,-0.146828611470097,-0.5029095557056887,0.030768711781778563,-0.12889011684947901,0.04537783917177622,0.04290185417047226,-0.12056040939901522,-0.03550615912934751,-0.0301460187115863,-0.06161205073112554,0.055475930837435246,-0.09764868819798615,-0.26543443475019646,-0.13540938927992704,-0.3329316547219366,-0.07921043463670033,-0.35588063409348925,0.01477777767620895,-0.026266305507107207,-0.25821241960421276,-0.16574639492359153,-0.24729639928917374,-0.06355740356743247,-1.4179675636130826,-0.22944614468531946,-0.23414597490430022,-0.013169786573786112,-0.054223622243396066,-0.22592153776798685,0.0051078027425478035,0.02839182485039729,-0.003112115514122241,-0.13137945165742204,0.07054631757570098,-0.11504573818473995,-0.029975742889657014,-0.09262792028288475,-0.38616244407386224,-0.4140495334416216,0.01684837909277092,0.022995521426790514,-0.5251619084115644,-0.19999021147996723,-0.028524726290949824,-0.14151006783255587,-0.11389781343227028,-0.0357079774156725,-0.07757859713357834,0.02179945473588759
-0.17136741301815414,-0.31383531929847913,0.0038787552512616133,-0.1669792035472769,-0.09910793969890293,0.09373572379300338,0.09609652423475779,0.12654168565412696,-1.002590135460742,0.015258801528593068,-0.008168233044926131,-0.03263069339150689,0.08281850440597498,-1.225773629307879,-0.9555278855187553,-1.225773629307879,-0.1569962896259074,-0.04443206043108952,0.06375188610646963,-0.17497684121861656,-0.22318198088357025,0.10843963662252079,-0.1438752166016969,0.2050627776580001,-0.166861604443123,-0.0564322833068978,-0.15413120200114622,0.0862826502108233,-0.09875282954893953,-0.14298050473324947,-0.7188933439512082,-0.7311088241204706,-0.17012528667978255,-1.225773629307879,-0.0751522096536897,-0.7594749038200306,-0.7867975040844137,0.27269562301057265,-0.662571585670751,0.06699955032147145,0.0072210470863215215,-0.06725311115551952,0.056213483387247076,0.07380501205517317,0.055365948151106195,-0.18052452342989367,-0.23855518035552187,0.06515936410325812,-0.030658534145523567,0.029942636907636683,0.07730264361391033,0.0376643626465703,-1.225773629307879,-0.1286224919979265,-0.024333427798562762,-1.4060847399023026,-0.7507096777224433,-0.24683443666761637,-0.4732580292480752,0.15122217029309287,-0.028917658398572525,-0.21309485109982412,-0.08416522987470891,-0.14864173205040918,-0.20269888848710213,-0.11153714655058046,0.15120667304410282,-1.108693567858667,-0.7115075356762239,-0.08104849567280456,-0.22007247641281186,-0.32165195633611543,-0.17855152834698546,-0.5690217940430389,-0.1098624849813104,-0.1024221867711321,-0.35766345599546134,-0.07043302111725167,0.12289632776202884,0.0003465816187280255,-0.14805529365777154,-0.14450925270775258,0.05609398807922005,-0.2528192211389966,-0.18353737063926534,-0.07063157884538,-0.183712541180544,-0.7050927171746849,0.054089238639717103,0.014236651732388642,0.019960460458575503,-0.03222234929502325,0.12535992631640316,-0.018226614325650783,0.08770488072929693,0.13925514992363264,-0.18476462346618536,-0.3347968084681809,-0.2165261628624189,-0.19271954560045912,-0.22068455942920176,0.024488211018850094,-0.19890262101036496,-0.028554690471704187,0.10352232708164626,-0.2015365292715763,-0.07651432112644421,0.10049953212194664,-0.06805925278928013,-0.298535755018097,-0.012376884990910752,-0.07539024094221597,0.0278768339660629,-0.25122404869360526,-0.06518441525797941,0.09463055174348209,-0.07247230557583605,-0.41936201548345325,0.025500442766835715,-0.19287462618559126,-0.0060754454341150985,-0.14307539884213488,-0.10930918116529124,0.058222063430222584,-0.056387377896303464,-0.06040273546166943,-0.01887823922367388,0.013654111254334347,-0.14955323318748265,-0.08224627172332785,-0.4434724337073049,-0.0875092999449054,-0.18164530881550633,-0.06222137702597332,-0.05700506721053462,-0.05661097244275199,-0.2580425593995422,-0.012015541198602746,-0.1541403308505887,-0.11991337230324034,0.048302097353841174,-0.3655436370159997,0.11394959392550688,0.02484959883256344,-0.04881464553098195,0.04485043679511278,-0.24436371726398587,-0.0010595503525192716,-0.14717788534497078,-0.10368488118454562,-0.010344181352831118,-0.044220223942540014,-0.0719149024093456,0.07881455797816385,-0.04386974602287692,-0.0034527636737547956,-0.12174530515174964,-0.17357111174641632,0.05392801151420591,-0.11770858815424178,-0.09304512545156517,-0.07235969878681371,-0.15112604763354479,-0.2333827079499736,-0.0905078325135056
-0.06580062222092731,-0.33638187202507525,-0.06599736065338942,-0.41943058235215047,-1.225773629307879,-0.8615200159587816,-0.14363018993644608,0.014554607001509666,-1.225773629307879,-0.04270186961377896,-0.011183018178142549,0.05022909075682043,-1.225773629307879,-0.33538497979494997,-0.1754140553259738,-1.225773629307879,-0.09425243460324843,-0.43696497010601754,-0.4133455688365059,-0.05415627095803242,0.11752214711982147,-0.0681768113361341,-0.22652018247551117,-0.16355177934910048,-0.042137040782119016,0.14708830270603274,0.026890154717480526,-0.05949904752580387,0.11049902558992472,-0.21244511383301468,-0.10077574803655541,-0.23336378141650582,-0.3784762938606965,-0.4098272181541143,-0.19074258604883218,-0.26414095759339334,-0.6057349819071336,-1.225773629307879,-0.10114185222472417,-0.18791622702513633,-0.4815895358178235,-0.30375323112577834,0.014891904814211234,-1.225773629307879,0.061798762590664844,0.011691274095959292,-0.16210858221109525,-0.1952097356297907,-0.19335728445104894,-0.10427498923331947,0.031843080225332714,-0.16624862670406787,-0.16912212812487357,-0.21512604328143703,0.13406916897310486,-0.1534552208057136,-0.42211138450745506,-1.4060847399023026,-1.4060847399023026,0.05447134420047647,0.09040976495455483,0.31215245523191243,0.07477218776826472,0.08327823585705596,-0.8160140316301814,-0.45365558802344597,-0.010027755110557533,-0.004318033589217892,0.04106246589676116,-0.6765588351871537,-0.08545204881030723,-1.4060847399023026,-0.01689785813740405,-0.7397002456667767,-0.2097620969934272,-0.21558693254807745,-1.4060847399023026,-0.4928448479003732,-0.19441465655601073,-0.5996081919576041,-0.0556542376096254,-0.2619171573231914,-0.07353556618864453,-0.37381369218722876,-0.1930764817373302,-0.1001733026888462,-0.08767693147109791,-0.24058886847032693,0.0358698627163087,-0.09801051895385036,-0.03562495675021918,-0.13705692756022086,0.07369211569838577,0.2756806662855881,-0.19912307382658465,0.0867914106937565,-0.30994194229046806,0.0324557584441055,-0.40858926402369794,-0.30485998783107143,-0.30926766249106513,-0.2865060599888007,-0.0844542434195797,-0.1499839371201357,-0.24190908392805346,-0.08635308595283721,-0.051100795416383016,-0.11519742554806903,-0.4062144478062925,-0.14687597893029383,-1.4179675636130826,-0.20879314156551798,-0.14175366239685278,-1.4179675636130826,-0.5416800342364265,0.17300848487978188,0.009201076221044154,-0.4635788441172223,-0.17864561280650115,-0.09635697694419272,-0.1649141403472313,-0.2465739621802818,-0.22906282322766916,-0.18232348785252953,-0.1414519414399162,-0.20937916806027865,-0.12667548212147292,0.13585299408047796,-0.03240030102446976,-0.11468655553788831,-0.2631910234357308,0.04236155672701285,-0.13986348712039468,-0.11221878612408526,-0.2243101936580113,-0.04480371770367117,-1.4179675636130826,-0.3838424041744987,-0.5131911460181703,-0.2804782188118977,-0.4900824566044946,-0.5270750512287348,-0.4555945475094514,-0.5244061277300988,-0.4299293596151352,0.10224876903762224,-0.09856975334945597,0.13978539954873442,-0.11790732766212945,-0.10452204705282696,-0.23819090969180107,-0.06999307158982958,-0.35569169424609764,-1.4179675636130826,-0.05797483485812353,-0.03173291685480907,-0.10905111557009699,-0.1052800750496067,-0.014271520320621485,-0.05625455139470943,-0.09250177511376818,-0.25817948224908766,-0.0787158983985116,-0.26749249191323315,-0.08703279291447384
-0.023376861172489313,0.18828811797267409,-0.07221804551996357,-0.2627657805000626,-0.28735422032901436,-0.1571421699299311,-1.225773629307879,-0.4137660341664576,-1.225773629307879,-0.38614477247883977,-0.03542902723396896,-0.25366641585069855,-0.838928810172431,-1.225773629307879,-1.225773629307879,-1.225773629307879,-0.02864661897793731,-1.225773629307879,-0.4010045083465135,-0.03663448281445808,-0.022603887430266152,-0.00011511161064157922,0.04108206792794483,-0.6388026470043857,-0.07621296653987,0.10325007259062131,0.021386756740535577,-0.014523370131221123,-0.12247545347785718,-0.06810524406496268,0.2114258623942048,-1.225773629307879,-0.3899924845790314,-0.28605939215764153,-0.004572629224538421,-0.01269620594874224,-1.225773629307879,-0.05183769270017424,0.2114258623942048,-0.13510782060333165,-0.07207885859283246,-0.1416589078722219,0.0394257612854669,-0.08945689519950374,-0.11935921949663061,0.015061294904201574,-0.08433470562842735,0.12169487903316953,-0.09678296254794752,0.03584622724655382,-0.18717455307507525,0.011735724006714413,-0.33438704842032557,-0.1774970333469444,-0.15351786884212515,-0.0841856171686121,-1.4060847399023026,-0.48172050045574455,-1.0714589979158944,0.17078146737471378,0.10203770881679707,0.3416569800826363,0.02844027491989367,0.15071916451194006,0.10264998335109807,-1.4060847399023026,-0.16804236029874595,-0.3066842378705405,-0.09050550928897004,0.02844027491989367,-0.14895897295575322,-0.8870884255137994,0.11986787336965568,-0.44753076217978577,0.030829852236135855,-0.1513620223104467,0.042679850650992,-0.18020996281815668,-0.016999305110279854,-0.7668542733421417,-0.093347892939111,-1.4060847399023026,-0.09862560877804448,0.07246341661095963,-0.1858484923802327,-0.26293326280819035,-0.3339095112166459,-0.1239728709349655,0.05419366211705515,-0.1438845342742122,0.03947957524067842,-0.18729944436878118,-0.31337610776981445,-0.017725806852390495,0.02844027491989367,0.03986152699459713,-0.12641592280139513,0.139319898468214,-0.654504392182011,-0.2871897436302133,-1.4060847399023026,-0.12397287093496544,-0.0956059353955596,-1.4060847399023026,-0.028646195218042927,0.21597335297123568,-0.12790491441135568,0.0038364820804088475,-0.25151710489381407,-0.34316435446280086,-0.4806513247223347,-0.17940691297370018,-1.4179675636130826,-1.4179675636130826,-1.4179675636130826,0.01384845475093868,-0.08547730185027569,-1.4179675636130826,-0.023069186832842824,-0.15158169066373828,0.049115348319559736,-0.04396281764684081,-0.17487584317149524,-0.07003403029773479,-0.20725483362032251,0.003560115995209465,-0.24547715892659344,-0.034179759704255686,-0.07917869539083705,-0.11635532238683761,-0.2516822970203514,-0.1862258667808129,-0.36256575801122365,0.01763720176312116,-0.003583228898013767,0.043376316806566236,-1.4179675636130826,-0.5067002080094153,-0.18272419912838367,0.043376316806566236,-0.12911062345103316,-0.5773256183467615,-0.2639452288536317,-0.17415852298088466,-0.7425720690087065,-0.1199262796427976,-0.12585969566415317,0.023318006376725747,-0.4426628621254408,-0.02326820035757951,0.02119814361344284,-0.15790162525617055,-0.1411104746425327,-0.319582937236468,-0.03384196968651873,0.043376316806566236,0.015384781688962864,-1.4179675636130826,-0.31524846681309115,-0.0014921015848326086,-0.06912321973548013,-1.2567471995216621,-0.09827264130202099,-0.08819784970349374,-0.02288688450636289
-1.225773629307879,-0.44221455891430606,-0.34750355999790034,-1.225773629307879,-1.225773629307879,-1.225773629307879,-1.225773629307879,-1.225773629307879,-1.225773629307879,-1.225773629307879,-1.225773629307879,-0.08335173130922886,-0.18202038745422122,-1.225773629307879,-1.225773629307879,-0.9858319323062412,-1.225773629307879,-0.8683031179002308,-1.225773629307879,-1.225773629307879,-0.27856705577411417,-1.225773629307879,-0.41603689741938893,-0.630214515803536,-1.225773629307879,-1.225773629307879,-1.225773629307879,-0.11741126201424378,-0.5312314470641095,-1.225773629307879,-0.12014863122607539,-0.9584321089469856,-1.225773629307879,-1.225773629307879,-0.8783796452240049,-0.19209592765867536,-0.9047138276821406,-0.36806117241005026,-0.3049769697041256,-0.27066528127195544,-0.2259132102688172,-1.225773629307879,-1.225773629307879,0.03970985959430553,-0.2473910859957784,-0.42004457273770646,-0.2565140403458322,-0.1822137921170528,-0.3017438128249691,-1.225773629307879,-0.33346439396789074,-1.225773629307879,-0.26076472486297103,-0.33043226223977623,-0.1933782903489215,-0.15639640319173462,-1.4060847399023026,-0.24467576548085226,-1.4060847399023026,-0.5945938586833158,-1.4060847399023026,-1.4060847399023026,-1.4060847399023026,-0.2939576677614152,-1.4060847399023026,-0.32177307803359645,-0.639892793962805,-1.4060847399023026,-1.3952987576451015,-1.4060847399023026,-1.4060847399023026,-1.4060847399023026,-0.5307012542749998,-1.4060847399023026,-0.88774719771643,-0.5764055465416015,-0.2684412813258978,-0.8092239564536406,-0.3028052243354367,-0.2918966270592339,-0.569243769207698,-1.4060847399023026,-0.17380301381257082,-0.11277129615546917,-0.5129045119409719,-1.4060847399023026,-1.4060847399023026,-1.4060847399023026,-0.2955272542957336,-0.37591128756436826,-1.4060847399023026,-1.0000699811459595,-1.4060847399023026,-1.4060847399023026,-0.543827896253368,-0.46039179544631403,-0.3477565004343502,-1.4060847399023026,-1.4060847399023026,-1.4060847399023026,-0.7880353103510684,-0.8866243211139577,-1.4060847399023026,-1.4060847399023026,-1.4060847399023026,-1.4060847399023026,-0.13850751766857067,-1.4060847399023026,-0.7120009070611736,-1.4060847399023026,-0.6145522064341576,-1.4179675636130826,-0.6883606220555943,-1.4179675636130826,-0.08262428160766214,-0.5359979582458364,-1.3297087650924027,-1.4179675636130826,-0.559523000605137,-1.4179675636130826,-1.4179675636130826,-1.4179675636130826,-1.4179675636130826,-1.4179675636130826,-0.5118677799017222,-0.435254721694041,-0.3258494556157518,-0.5835580591274976,-1.4179675636130826,-0.15046298522085177,-0.20160779712373134,-1.4179675636130826,-1.4179675636130826,-0.531120095513722,-0.3782021038086325,-1.4179675636130826,-1.4179675636130826,-0.2831743732973843,-0.7024712406390091,-1.1278953210993705,-0.29127750439571215,-0.31541778312608426,-0.42933822584691395,-1.4179675636130826,-1.4179675636130826,-1.4179675636130826,-0.6628253904346472,-0.510395845188301,-1.4179675636130826,-1.4179675636130826,-0.5357107463138079,-1.4179675636130826,-0.5440994209990646,-1.4179675636130826,-0.44174547895251065,-1.4179675636130826,-0.58573437197938,-0.38978506890110837,-1.4179675636130826,-1.4179675636130826,-1.4179675636130826,-1.4179675636130826,-0.510395845188301,0.017615436759466994,-0.05809408182830548
