-0.07103916002300549,-0.36013535408700587,-0.038051178147754924,-0.026935086680785033,0.34822303459409576,-0.22209789232495564,-0.013609284063025568,0.0018240254286939178,-0.20502368177331595,0.05367148051397683,-0.09364915799714836,-0.04997283749677277,0.1289738739716386,-1.9069060377595093,-0.8823080697529863,-2.002479872413568,-0.017984226400662676,0.08158537512365167,0.028004665291118676,-0.7605317895763777,-0.13196643717914552,0.0681544170989161,-0.16103095308023027,0.26673740093603365,0.014952894509406607,0.2114912557470298,-0.8330752757089426,-0.203406571085064,-0.01326151868327682,-0.13740003912803966,-0.4225542792122759,-0.3002508961059036,-0.0692031051856629,-1.9532698685332783,-0.5433670894928442,-0.8176570066093419,-1.0884320053862202,-0.18067724715602274,-0.995866508812848,-0.16454938323513532,0.04323185466049994,0.1333185829662255,-0.02075930808289619,-0.005625339507052116,-0.057776683756532644,0.010676255079680794,-0.06913819669257046,-0.2525994922085155,-0.011461243739714687,0.03509434450166502,-0.03708734708315658,-0.09555708240326688,-0.4220394765299373,-0.22279110929463172,-0.27048864088371444,-1.0879230117821355,-0.4661044691604902,0.025599148046594848,-0.5417349865694451,0.04580021078336717,-0.4861167005981831,0.0067972436789866504,-0.13409736006347123,-0.1859729560009453,0.015226044568679114,-0.02865403731629114,-0.13111455368417008,-0.7967412237860015,0.006594646310765378,-0.7337313625754908,-0.28597012032038643,-0.19920118546405732,0.1483659485602316,-0.3818736976871539,-0.058494022063728446,0.015212023533034446,-0.32042886731582715,-0.09321067358107726,-0.02554677011441581,0.012741432607169915,0.3622846956395171,-0.03168613751132591,0.08945942083428725,0.009046862261906454,-0.025382212791912988,0.058371226913103785,-0.01062464650560917,0.039948211480847505,-0.08981430620017322,-0.007397192323355921,-0.04394749825131026,-0.18044273308805875,0.008890544698536422,-0.029384934406594596,-0.00808628938629779,-0.023111201839818477,-0.03761942229934923,-0.05656996036816242,-0.0639157112335383,-0.057705586820829075,-0.565404469262008,-0.04718873441502755,-0.05236452340802267,-0.20852904020092536,-0.0451523993692247,0.015453017087481098,0.017306193305805854,-0.022693656645647084,-0.036023101496637094,-0.1256201751900872,-0.10389897776333781,0.005960873801799099,-0.16273782225746997,0.008632169878363698,0.054747531480073795,0.12010087382505133,-0.025231384022423396,-0.08392753436820115,0.0398842991489504,-0.06250248816930656,-0.005782262343575091,0.02691588831450584,-0.011298778138979339,0.10952325399393567,0.013621452263456325,-0.05904701455088177,-0.03477736823503791,0.07262192762944264,0.08302908580095665,-0.029036007782068204,-0.10790056228912075,0.0020436129455919903,-0.03429376129330307,0.13393247771632108,0.03559408709522795,-0.015954715201728732,-0.06609625429080072,-0.05236732410670921,-0.11623437810563524,-0.016934344099313613,-0.009742202854145976,-0.061913231659442215,0.10858342977922195,0.06990580213988706,-0.0207942943302655,0.10358234292934464,0.010726163960056516,-0.07453996393006516,0.04909235941634394,0.14279533476317688,0.08289416732399602,0.020473739799174762,-0.00025633929732578765,-0.04390129529777497,0.005088394674121913,0.03790019445923785,0.011333412409009556,0.06066379310944957,-0.07927181858663031,-0.00697102275503827,0.04272315353801889,-0.0006795829756038023,-0.05750693320855721,0.03029105556700742,0.040793204184826036,0.041646682439112896,0.023588129220312237,-0.013102204604745616,0.03333514445584316,-0.00266642586462803,-0.01184724606337309,0.014002409369695129
-0.130900171544584,-0.26692873351253404,-0.2955494237697618,-0.1206112165001181,-0.07906699506088262,-0.07961844105770714,-0.07028452237475129,-0.16961142175218732,-0.3294247774713514,-0.007854530585377491,-0.0778157675842733,0.13587258477998546,0.013252368542969946,-0.6323454086617264,-0.5654356801217311,-2.712142335959181,-0.18543913543265578,0.14800406342618286,-0.14145866882586763,-1.1377549681670749,-0.1239284859718408,0.062409541894347054,-0.0896315802575907,0.14735357921337375,0.02888264376312201,-0.09873675579130389,-0.7846828471271134,0.04696582345447311,0.015496945556092958,-0.04258868164501475,-0.32188325879081015,-0.441016611558445,-0.40794287119860617,-1.676528252295073,-0.34801609774512304,-0.7562938526433848,,-0.0973902258665423,-1.1078210009856726,-0.06375846473665586,0.18697697773840985,-0.09941465560224266,-0.025942033399933905,0.07829311030160938,-0.0269551178964861,-0.1446130518400434,-0.19070647400967103,0.04476294456321277,-0.10121929262904625,0.012167784008879306,0.21734712632192732,-0.10041014483100348,-0.32232468585817303,-0.08665704226140626,-0.09672831816684718,-2.268500891965553,-0.21858226472645761,0.11530721434072473,-0.9789307729297438,0.1543349183768059,-0.23425280844000773,-0.8146582763109145,-0.15442589084830538,-0.020532877489077464,-0.07447745011054295,-0.10304126524418075,-0.08667293876169457,-0.5307240449265009,0.17436591395275247,-0.04392020137611421,-0.2191020571278849,-0.2726657852394914,0.14776169794029806,-0.3292422097933218,-0.05494461845009432,-0.03817761469620115,-0.24156171486850914,-0.06482076922822674,-0.006743507563462985,0.047273687199400415,-0.08243709970978667,0.004546687992769203,0.05154575019147402,-0.018944294244435025,0.002404283997306833,0.010409206469886325,-0.12291917610332219,-0.018944294244434976,-0.06933982741003374,0.03561473581181845,0.011174409511203659,-0.07940371130875448,-0.07273050543521249,-0.0028237487799120664,-0.11024468653165943,-0.055768914950001636,-0.08362005963603678,0.013797419267388158,-0.16625833188691622,-0.068391402156838,-0.3218572257375307,-1.281341634566488,-0.011237133500693223,-0.12031513468061017,-0.05069593932406373,-0.025847062899923647,-0.10013107229578457,-0.07991645256392989,-0.15969772092431778,-0.126776483864706,-0.13934950746611333,-0.03503898097414578,-0.0443623962557728,0.028274670423122043,0.12659723452325491,0.05121072152988931,-0.07457184950451684,0.03386374826283474,0.07185589901930682,0.01926965051903002,-0.05202457792908953,-0.026121079756417667,0.043490078238157995,0.013194518908084107,-0.06787388465574652,0.0028831207376716567,-0.0363181713427642,0.10358703700084869,-0.02730570757352254,-0.09767264994380066,-0.042349455009272126,0.0005488047049692643,-0.0505509932608696,-0.048029773662247775,-0.030161837527794833,-0.022772586506360402,-0.18031684442523224,-0.08598413246415121,-0.12837735545750328,-0.024584656385551476,-0.03206733838316951,-0.0555250945066818,0.05274793495759967,0.0710222662157659,0.00704788567332359,0.024290013139593974,0.04505476513826685,0.01664113227824549,-0.00043237651075182456,0.018842373565382396,-0.027975464746432505,-0.09194863005058188,-0.01540235864578012,-0.053158380439987496,-0.16101340053345184,-0.07045761654428238,0.019349926487364024,-0.007336777437078091,-0.003867072347850821,-0.06223183805817453,-0.05387331888882502,-0.06601812595466496,-0.03473591924941274,-0.07770204123537298,0.03625544627454063,-0.060501215127662746,-0.030425047398975055,0.05820476797249877,-0.04503564555243378,0.0388908281384737,-0.10814836919607825,-0.021453492056462135
-0.08526636015128863,-0.15971569342988162,0.13291638665358924,0.058336262497557495,-1.1225973173645778,-0.945227602689166,-0.30144148283490607,-0.6546506577556167,-2.712142335959181,0.02413594129242344,-0.14781965377585957,0.0029525256793356013,0.24589263842403705,-0.765317814468323,-2.712142335959181,-2.712142335959181,-0.5744225775876658,-0.03610489232415716,-0.2303212976416969,-0.6684887815076194,0.006936200689240354,-2.712142335959181,-0.5261803682584789,-2.712142335959181,-0.009418042275817023,0.171422656036782,-1.0204354327467555,0.06731372014365243,0.008156405527667604,-0.23920287960231196,-0.5985760133249073,0.03435072317022703,-0.5960138245329707,-1.1543900990581717,-1.1844954816484679,0.00031656659269606774,0.010861226717982252,-0.8336938538855706,-0.7956215142353151,-1.1411269181780057,0.09635560779524742,-0.00924700717775263,0.02514282548107765,-0.007912222786224686,-0.20537237432088631,-0.05176297781654556,0.1079498993985938,0.05965253051145614,0.043138053504748856,0.06483281512836228,-0.01162359247629295,-0.6055917837185751,0.0008020496822310152,-2.712142335959181,0.0755188386105734,0.008156405527667604,-0.8882294407572039,-0.6159284242270149,-2.712142335959181,0.0015345609063151537,-0.2517194252742716,0.11989821156155107,-0.28455822375820794,-0.2389758590678639,-1.1812797777419497,-0.3073149720955015,0.09004616789064404,0.008156405527667604,-0.34642065690181956,-0.04959394090121098,0.06070644026460026,-0.6869879894287378,-0.051393609363475354,-0.6749214053367506,-0.10281516869891946,-0.5402472991393574,-0.8081863279670092,-1.0032898901122729,-0.11247557111967212,-0.5107265550154043,-0.1930279364163932,0.12200211773298818,0.09715469496350039,0.09975792114965942,-0.00849000883839041,0.029816201983502637,-0.023987828979580378,0.022789999594330614,0.013293453558490553,-0.026905746110850275,0.0015995303833991024,-0.23119113740599984,0.03455912713478088,-0.08403287304412915,-0.1869480827649403,-0.14496835671709288,-0.08215042011737977,-0.030479178857554835,-0.44389214597740617,-0.03580640612157018,-0.46585006411380947,-0.6617634653347165,-0.24508621389165441,-0.08581319003888693,0.029573741948938276,0.019159820064991926,0.001315869409193795,-0.2687259805782323,-0.13382711172981968,-0.313293550260767,-0.3100760382932256,-0.20957706245951027,-0.14432352953833036,-0.12433241473749723,-0.0411865674002478,-0.04194318248769778,-0.02115233810396878,-0.022731112406104457,0.0928520033881724,0.01583659833612487,-0.014068335132633692,0.10625066826687941,0.0655239834447371,-0.018944294244434976,-0.08581319003888693,0.16127712920361442,-0.007605764687419512,-0.042971495029581745,-0.13086654442666604,0.06281464382653298,-0.08581319003888693,-0.05500775505925649,-0.04896048953882736,0.0007317722551366079,0.0037824994580904904,-0.0450533780541403,0.015221834120771511,-0.11711075572815302,0.06523070132254094,-0.0727800001035531,-0.025207953004007137,0.13238041776875684,-0.057452692901619175,0.12099314053014193,-0.6872540173972141,-0.07113869192626268,0.09571753850751291,-0.0150029861236637,0.06732793453507317,0.09028450507447361,0.04210568648377841,0.012966019207501064,0.14024277929803775,-0.18058929454746728,-0.5492391402507785,0.010651639319079082,0.03775379479128847,-0.8882666897137796,-0.26418448923377785,-0.07129921180437014,-0.024692880084828443,-0.3867844159947872,-0.04779912706323172,-0.018944294244434976,-0.07410796100519536,-0.05012204788062724,-0.08215042011737977,0.023832801987070412,0.061261596149728335,-0.11429963514376232,-0.07457184950451684,-0.04363886096888202
0.08089524453772132,-0.017155617574549042,0.03198059369503246,-0.09765708960683826,-0.8456089753630999,-0.24986868646985572,0.004796849447822902,-0.40814295474371,-0.7748383821729427,-0.11690037253190712,0.042734348213766905,0.1040949266491221,0.13791874096081486,-2.712142335959181,-1.1146656244465822,-1.2745613047115947,-1.7904646918234983,0.14636478960280652,-0.4833100219240005,-1.420226057805159,0.508195254881561,0.09705550697958973,-0.24614714687018036,-0.8646028771115848,0.01749170959361924,0.028951169125300002,-0.7176570346279222,0.26679387115404307,0.09418804504456187,-0.07125813005054828,-0.36237753937538036,-0.07163230263078582,-0.3050409543705074,-2.712142335959181,-1.6661544491099465,0.008156405527667604,0.26375592279525767,-0.45059746363094766,-1.0118797290310764,-0.99524826281992,-0.2490056089201777,0.1890464976390648,0.03390339820890128,0.014411088066474745,0.0314395040948847,-0.10302063579514785,-0.006675663130852318,-0.0018726959786405423,0.06501510373857636,0.01505416344591975,0.3032339858172201,-0.34196440483544255,-0.03865902949600422,-2.712142335959181,0.30516089193023466,-0.5219891209621017,-0.8304104580680188,-0.3386952671923915,-0.9420944553671406,-0.04358200953294355,0.008156405527667604,0.008156405527667604,-0.12510151710603148,-0.1142305547982883,-1.436215971804194,-0.340356344294596,-0.008665333174549705,-0.2542993612892748,-0.4372101033283317,-0.07169105848698165,-0.15730644371839234,-0.7516047410010419,0.12606295369061915,-0.3640870298757649,0.008156405527667604,-2.171418338105277,-0.5438239545551772,-1.3401487395948544,-0.005010197749415244,0.021996814664848912,-0.09618856538412006,0.14065552270910034,0.030044701477073683,0.09871465941566637,0.040582344720011945,-0.03659746268048201,-0.0008400381138452908,0.03268810806991213,-0.07232755617917902,-0.07160287284099388,0.0031128208911443676,-0.11044628544134126,-0.030738694804736046,0.07391954784972597,-0.050261892151590756,-0.04989173238256094,-0.08667842727977494,-0.057392067438564474,-0.3232204869508331,-0.13177974945485402,-0.45502862550181766,-0.37153536488483013,-0.13637158589646817,-0.002245978575000046,-0.04283454676323827,0.03372546450095184,-0.033229622137193895,-0.0628811862827683,-0.18813982365069334,-0.203657564561804,-0.10362762350817149,-0.2290529954237482,-0.3317235506872088,0.009233117188907767,-0.04590860714589981,0.1630466552719449,-0.0681059232229877,0.05216432983637041,0.1456926055775062,-0.04427858879792141,0.026750329770041964,0.10047541749989743,0.03372546450095184,-0.002245978575000046,0.05189280666138491,0.029143354457202796,-0.017101545430053766,0.022063044061035184,-0.12332993004217721,-0.060935165802842195,0.01693928458415573,-0.0620580688593148,-0.003187210336837269,0.014673366778758787,0.011645644050183424,-0.04865250381482138,-0.013999355021908055,-0.012629544181305666,0.09282682454508495,0.013264291874175611,-0.04100566125150128,-0.03168848341837527,-0.20107968744443672,0.04611420173650503,-0.506648689250615,-0.02340814752372555,0.1462298767617187,-0.011335009776714085,0.05435670407532494,0.07817487679503766,0.09470421377276315,0.08667154702149361,0.003948968711226149,0.011423910681234314,-0.41408719625323787,-0.030479178857554835,0.09156257984829932,-0.6183741811892528,-0.13786541285926807,-0.03023083931086586,0.053506793709451,-0.5646883436559318,-0.049589893018195524,0.13545633608144952,0.0018322461781889235,-0.09669204315971584,-0.07190033326727406,-0.057605097967216995,0.0178214523852441,-0.05870674517792945,0.03158396788434757,-0.06602809314638812
-0.1342529739400214,-0.3451945731883534,-0.13320297867190967,-0.30331022985771355,-0.023850387693846578,-0.35425877822602175,-0.15141675717152897,-0.5122274103055684,-2.712142335959181,-0.1280679448275565,-0.18875404943758897,0.07740353872845918,0.09775042966759727,-0.9547043149488871,-2.712142335959181,-2.712142335959181,-1.2610112899607564,0.08151789615892298,-1.0414169569626759,-0.3386952671923915,-0.28768133913353083,0.07641982271326804,0.21298910867288096,-0.07195289322439348,-0.05157147393311483,0.19155165490155632,0.037994331171120034,-0.062039627667073965,-0.16560122085218687,-0.2444712617766824,-0.4321142251201691,-0.35052445317408587,-0.6580132765114747,-0.9431161312817037,-0.09439276536451657,-0.35615977883034283,-2.712142335959181,-0.12336000436226988,0.016416727183570293,-0.24156171486850914,0.07388803685233274,-0.12902647139924225,0.06543027189629877,-0.1848813274261904,-0.24379895883172692,-0.5949543001405061,-0.1250150036446714,-0.20810428260891214,0.07818944913192256,0.05662884738613713,-0.10189956254672407,-0.08940714435551926,-0.44675595088299674,-0.21969778783581737,-0.15987278762458437,-1.533368975862024,-0.5506546977079623,-0.6804274692447554,-0.9285416905701858,0.034536947210883615,-0.14529440853430117,0.29042555870576064,-0.07373687291151512,0.11753088680484894,-2.712142335959181,-0.36102668778006936,-0.06732860959718334,-1.2199022061944627,0.029094331961466928,0.014187318674470647,-0.17168082457247244,-0.5179529016413317,-0.0792304853777643,-0.7724286148042565,-0.1834557727373821,-0.024860524153057565,-0.04657676631021939,-0.05107335710354363,0.17383672974192607,0.048712738914939255,0.057861558278295325,0.06455430405986662,0.03893228420705857,-0.10610939317510201,-0.18135111570099638,-0.04883201560434766,-0.19892903572214726,0.054626434320478,0.0330935599374392,-0.00533499259808069,-0.018944294244435025,-0.12615474249490424,-0.10931362037390199,0.119174855299192,-0.07811837367388567,0.07323921095533079,-0.2386124732656852,-0.0017671365931919,0.05414234959979283,-0.047566187832138646,-0.5817406760742556,-0.4581029738648728,0.005318046178153417,-0.37545011390506483,0.03775379479128847,-0.04900356027031426,-0.1997450650213427,0.01692172247691036,-0.11480368479327974,0.04678334991665201,-0.02265080295682772,-0.004005192061380572,-0.04427858879792141,0.021129508998627367,-1.6845228644083234,0.1318323013303243,-0.0019264859031978604,-0.1398710044767878,0.0345840478122538,-0.018944294244434976,-0.005393626334388708,-0.04534895307853279,-0.04563383955875849,0.055210323750892805,-0.030479178857554835,-0.04774219429985901,-0.014016782384338771,-0.08388041902256729,0.005882452958401769,-0.024099404304211647,-0.11131144313231212,0.011118836364126925,-0.07543988435382736,-0.054158631123447175,-0.003187210336837269,-0.007912535944713675,-0.4587731293940859,-0.016459741708058816,-0.17227615130570637,-0.1385928804143207,-0.028506701116055626,0.030044701477073683,-0.17510263958641845,-0.028231436193012292,-0.6289376467292441,0.021507101464910257,-0.09430358338874885,0.16439620991295698,0.11325258274606391,0.007412543956261884,0.009997456382844,0.01583659833612487,-0.016289939795885694,-0.02657548183212598,-0.08581319003888693,-0.014630034866609411,-0.056935340925186304,-0.2013891976762267,-0.12125762780218736,,-0.008719393518598505,-0.15332853534214788,0.07926161761137798,-0.1299983750084253,-0.013855368944906346,-0.0443623962557728,-0.06897796845944963,-0.06531627632300636,0.0006033364953753987,-0.07811837367388567,0.023832801987070412,-0.0626191173869523
-0.015887146104006475,-0.2377321469397493,-0.22682078738219408,0.12106819752257322,-0.22757524103244717,-0.3001159528854825,-0.3081984110462365,-0.42919926247129747,-0.028594633171935127,-0.009709524656620961,-0.06473200824761273,0.04802320708068509,0.029085864955591387,0.004078202763833809,-0.784907850405887,-1.1452797557408145,0.06625643245755017,0.14311337702130675,-0.08865969196935881,-0.29410190861371993,-0.055057267560189596,-0.06531774904335268,0.09882339256132411,0.3823791678617575,-0.10908984295703528,0.005875496482857848,-1.2107919645453669,-0.24202549780474397,0.030581591239816814,-0.309234597996898,-0.8173258078355476,-0.6692209956803511,-0.9244307630710563,-2.712142335959181,-0.904341495270593,-1.5625687941438087,-1.8492159046221808,-0.1239270564957204,-1.3370257387939406,-0.2479090231069843,-0.056276544024343726,0.10414729426349856,0.5154008853224211,0.018154052308202252,-0.08587581839228207,-0.07149009875454602,0.00043907986929135146,-0.05559111974067284,-0.014182436128934014,0.024161183702373006,-0.14644846327179253,-0.19508527273707982,-0.49459981580683204,-1.004969913676812,-0.15261972931120496,-0.7497535664697659,-0.4519582709286253,-0.1532980200612382,0.030086915619097498,0.009343071340630615,-0.19011260932088442,0.11501057023886459,-0.11177116328002787,0.22323006679799945,-0.26490926855792457,-0.28934303643330667,0.10939391227549533,-0.5824773232681578,-0.16626393375556422,-0.7242805070227857,-0.6246171878131029,-0.1657013962786115,0.21083366334187897,0.21977606020955875,0.03391892174830913,-0.017929073803990312,-0.7806795025202646,-0.46595116850269525,-0.01477756412475493,-0.03678085296144025,0.053728803936591255,0.03929034952786808,0.06970105921824254,0.07487048914067844,0.08320554574566816,0.02700384691497905,-0.0785668102393956,0.016450201599750344,0.005674508593774085,-0.024572420542377762,-0.026395643640745214,-0.1429725257451571,0.0539001056266292,-0.11312027964108208,-0.06798967269306376,-0.1454647473031075,-0.07589377965894689,0.26669194804669455,-0.0797829770559742,-0.0967710726934141,-0.7844863532260342,-1.099952852509392,-0.07123212873815882,-0.00857936366982102,-0.034578872570747626,-0.013945812380471271,0.027807529011572116,-0.07194339859740344,-0.16889084389758027,-0.08167159460091575,-0.21854729624988417,-0.10397912207563549,-0.2022977800672735,-0.031750951543996375,0.010108931053252827,0.057090471008611046,-0.02189840234165878,0.08556742834283404,0.04377486475049173,-0.018423940537958778,0.03411130093846915,0.042729305688500564,0.08610166300870213,0.13746997404939099,0.0012534066193703429,-0.003229010249765605,-0.03146446648287163,0.013697646566334204,0.0013717333644726654,-0.00960426131965654,-0.1058771663030835,-0.07942231103498536,-0.02343465253627935,-0.02003438799925939,0.03272820080871958,-0.011720763085077208,-0.07001785694862064,-0.09952647809601012,0.012894387003519248,-0.02791197805489935,-0.03715698719740661,0.008512111792164314,0.019124087378812413,0.03730912657524678,0.02890846110560927,0.11263024447127956,0.028393643412477448,-0.030539408412717,0.1374566619449296,0.07471164949435619,0.2896055818076463,0.043178610159853574,-0.009527432424642815,0.013211090813938496,-0.23289203619899934,-0.01602226872645392,-0.02018363777672015,-0.25588286283364775,-0.12373571934839096,0.013601150057925315,0.0609665840097932,-0.261035273431108,0.031089113869639484,0.006228137999987662,0.0699366951575973,0.03423296322641401,0.04380057627017259,-0.03360199371566546,0.16703736329556124,0.018421733249020127,-0.012277690031734801,-0.031067485683248207
-0.02064387321655331,-0.2598840384085753,-0.013099038607685154,-0.02115026471152872,-0.11425845845321612,-0.042836784209645554,0.25431935357089436,-0.08344472563530503,-1.1567901916451924,-0.12396499127295836,-0.14441388165078853,1.3602092405036872,0.03220910672040923,-1.4156802037231557,-2.712142335959181,-2.712142335959181,-0.6825156391638242,0.14155889210459036,-1.1880383008159598,-0.2428050643452993,0.11917979340615735,0.07929659396538852,0.02660175083082347,-0.5033509613396601,-0.032157755331039824,-0.054216030829012364,-0.6749214053367506,-0.1808587100211009,-0.024796230036813794,-0.46597885662036315,0.008240761724490803,-0.5057252537088923,-0.6488833136353487,-0.9259070233387614,-0.5213689816820093,-0.3917552442978632,-2.712142335959181,-0.6670700593311705,-0.5895820269310649,-0.5361126114264821,-0.22280907860615973,-0.02489161592806499,0.054330944925905976,0.059109938881171636,-0.08498446321329096,-0.07331173794037041,0.013553049739820439,-0.11484762651682719,-0.07320206409950758,-0.040005357044125965,-0.06567976200886638,-0.23399206320532467,-0.3896606687506845,-0.4353993171260977,-0.2980449217146845,-1.6845970495313638,-0.7933820088979795,-0.5238372756605298,-0.5032366695800964,0.020104057496518328,-0.5279994886225606,0.24377334405662635,-0.13354557434930014,0.08035818529813053,-1.7104387597177102,-0.7931387015689563,-0.1720390788172241,-0.5872027655817509,-0.0021913565513802273,-0.01037761106676348,-5.084608227841548e-05,-0.23083893594924,-0.009030984756896553,-0.5580106376064836,-0.15569390765988037,-0.403030610517197,-0.06730651959950812,-0.5390656387924637,0.18119793669261466,-0.08534033298191279,0.04074798357811237,0.02308443567280586,0.13270109881975461,0.11181079286423978,0.08624162585832382,-0.026069871940701657,-0.014557848076191444,-0.03272874883399067,-0.07486971902367441,-0.03524455260316937,-0.029016510344038578,0.018620020674856456,-0.08581319003888693,0.1229933735177094,0.008247519906062347,-0.03545080278924093,-0.03340200038042457,-0.015896490629452618,-0.8613774753850193,-0.017061850098866675,-0.4286712736948044,-1.266212514475205,0.004866960026909137,-0.2931840800868313,0.005039059996177905,0.03348520883509786,0.024210939553238976,-0.14171618870604583,-0.10214090053632591,-0.1862548857648366,-0.19872320263775037,-0.0739290315364596,-0.2821154588005931,0.03586553244600439,0.06809007548816969,0.1275523634055148,-0.03326213837222158,-0.060935165802842195,0.04995467459062882,-0.019996181469853838,-0.046475488542711,-0.03772421034110213,-0.03341268943442838,0.030329658180721617,-0.13729529524542758,-0.06022938672184028,-0.02408676385070797,-0.03938615187663985,0.01908820449362838,0.0010239419250826387,0.03731742488936027,-0.03712227121614745,-0.06638236673605834,-0.03547332619699769,-0.026863655607823965,0.025538158681413212,0.012413356351376805,-0.007234922421188287,0.028538586504520378,-0.0019264859031978604,0.021031098458844384,-0.04702904528505028,-0.04188653748063871,0.09625706178955579,-0.6843345288330178,0.028705041876808987,-0.021861894877819036,0.10738505289250588,0.062229537653921516,0.020787178137256147,0.07151660240095813,-0.02468344129599471,0.10435360775113754,-0.011715336303996805,0.018864872473413303,0.14521281873537967,0.05316786168696507,-0.7166060330557549,-0.06767394725342703,-0.011552261155175896,-0.02962711003247461,-0.17369008128164395,-0.09311387237694473,0.00032142221184225107,0.05026336045246181,-0.004133334127323489,-0.012796154670028726,-0.010034518251204912,-0.01354068484072066,0.043741904691529825,0.10419678834400302,-0.0640471044453816
-0.17016678484461403,-0.2542993612892748,-0.31931213508401646,-0.5315220459462008,0.02189325866290725,0.1200739179399411,0.05686224541793635,-0.08107707344485078,-1.1219589688422482,0.13964984375468617,-0.24582010424593462,0.014032328596475326,0.06187554263406772,-1.5546278287179327,-1.3216969962623732,-2.712142335959181,-0.40180694790246385,-0.01465192258859937,-0.18866390545423656,-0.08168804292724902,-0.246820235656998,-0.021011595659780738,-0.03359152293293232,0.21783001795492032,-0.3777574802755155,-0.20815598712809946,-0.7714911066496896,-0.1233850226649871,-0.1634435064135629,-0.11071414610918452,-0.12097582053637777,-0.4404394075044144,-0.6697376869406264,-2.712142335959181,0.05251214929002114,-0.5520337433035052,-2.712142335959181,0.1347031935765125,-2.712142335959181,-0.32246633088625676,-0.08132903954564678,-0.011019955339466307,-0.044777243434502734,-0.08946079510644937,0.025352080181755384,-0.521753192400664,-0.24979525296698712,-0.18698323898091795,-0.022086449511315717,0.0038550082875806256,0.0635031771559152,-0.017585741202823423,-0.9209823977968276,0.04003259648519387,-0.32325302887396096,-0.3298692540415479,-0.2661813616975127,-0.5451930250716028,-0.9352242346907319,0.16372301171597406,-0.42419827928342285,-0.10149577907724823,-0.0737028184733065,-0.05878339192473974,-1.2789126700458846,-0.16659146495220228,0.06128450865643484,-1.1280741558871765,-0.11240252479165987,0.01978876955897469,-0.0868912778544726,-0.5856985178687167,-0.17932666118036586,0.021696428929507485,-0.298781194769879,-0.16665155800848208,-0.07320206409950758,0.008935742051551655,0.17332655379483428,0.0019154803849612552,-0.08268269963564649,-0.198165355632084,-0.015046931095183735,-0.13474911655882932,-0.17510263958641836,-0.008719393518598505,-0.04737200608701604,0.008994011614579871,-0.054901583344909716,-0.22741040208965743,0.0031128208911443676,0.02597596319007844,-0.03332761707367559,-0.03427407281439715,-0.01622806119077901,-0.09621091424621135,-0.1044422613792212,-0.02761691619290762,-0.0884725565608069,-0.02649307546093717,-0.4167879493084596,-0.5404308387929654,0.4973620992364022,-0.32884827270910943,-0.04839977140871722,-0.11233594077310005,0.058702986067095515,0.029616353109839674,-0.27420110568797806,0.055137184386001396,-0.018944294244435025,-0.01230992141681453,0.028168293055153854,0.079451793437794,-0.24267381190733509,0.17077468339944854,-0.02768924623562432,-0.17869861905726298,0.11584774073241326,-0.11399098087588397,0.08348726779458153,-0.0156832343243185,-0.05970234643895193,-0.03550949182657562,-0.06048246724816128,-0.015046931095183735,-0.03342696612380088,-0.018944294244435025,0.4904090356969952,-8.7752984245774e-06,-0.03184133425256259,-0.055898915308808514,-0.011086976948198162,-0.005637283313990567,-0.06242461324305034,0.0099470412503815,-0.19163245107351534,0.020599514737015864,-0.031404497758969196,-0.03520121809041783,0.07689148170517827,-0.10695254889412106,0.12222903318371103,-0.03902068926530531,-0.4016748068173361,-0.002364823434945798,0.04726028111135744,0.01833058166456961,-0.03174684138087885,0.008626373147722912,0.07543689508808972,-0.06382379246007254,-0.05855623775131187,0.03098059505848426,-0.02993506044537566,0.2591627084885667,-0.09790249545744474,0.04413996650725304,0.052414832452291636,-0.24267381190733509,-0.05028867169413032,-0.033733424649523495,-0.04823929320583622,-0.1249759865121183,-0.03332761707367559,-0.1145930102481305,0.0019060555535667229,0.15791441801270195,0.45772672084157073,0.27897480968611205,-0.014326027206473461,0.07323921095533079
0.0025162001996517427,-0.32743274188809207,-0.04899949640678586,-0.03812293259095073,-0.5055845564615528,-0.44990465817221,-0.08490069402123278,-0.09639647066184778,-1.035288471309545,-0.0799870368212864,0.166473202536367,-0.13149049435950103,0.0834401776406547,-0.7302438777019336,0.008156405527667604,-1.0593409106269678,-0.6222789167146745,0.13913821153171577,-0.7690715838882357,-0.6452669348263306,-0.08855683996580557,0.021533268589326943,-0.06456795965820393,-0.29512172212423043,0.05416997341199807,-0.49489574893941035,-1.225886908039238,-0.7728846229828834,0.23104690183835666,-0.34494480961560975,-1.4394536207575779,-0.8365363969456416,-0.2275430180012738,-2.712142335959181,-0.44214870826836367,-0.9818000470611152,-2.712142335959181,-0.30712124205714914,-2.712142335959181,-0.1852575950866588,0.008156405527667604,0.059096467230850845,0.2160298518547965,-0.09172959248115922,0.020788296778651086,-0.22200806425555508,0.032529265522098026,-0.1653889086592961,0.008196651521844485,0.005236704136448385,-0.2503030496518143,-0.55780913993495,-0.6930354223960357,-1.3221177124957304,-0.5571050105124804,-1.0227873547661483,-1.3325340170483113,-0.2197713481344362,-0.40243240329791835,0.24639906911678605,-0.29003277885417494,-0.07263201374021545,-0.3640504373014203,-0.05089396185180633,-0.7359582042741991,-0.18702507603602858,0.04321736683926446,-2.712142335959181,-0.3147200623234061,-1.0451713812518808,-0.21656210949657426,-0.521463999722889,-0.134063206862907,-0.4491898144903456,-0.2502851617652391,-1.2874771502495626,-0.3726259184429258,-1.6679063264232652,-0.1533282237878958,-0.33788675101296994,-0.10722955264293427,0.011984390174551914,-0.0028237487799120664,-0.05525794848504824,0.017186975523300244,-0.10513331226877076,-0.006967403200435773,0.07430499087910163,-0.014326027206473461,-0.17510263958641845,0.18323940533352917,-0.002044070366586598,0.02383280198707045,0.06274952653248914,-0.09646487952919143,0.03348520883509786,-0.0594768077464992,-0.10701308468976481,-0.8414212781581397,-0.09441001463653366,-0.29343170272321306,-0.7187266746081249,-0.08581319003888693,-1.0170312124996106,-0.10018874651160335,-0.12201658035584431,0.0006660335248676451,-0.5815322486606315,-0.24508621389165441,-0.27848650458654406,-0.12041554973352306,-0.23161565055009098,-1.208421098110417,-0.05510117184707342,-0.7101734603291666,0.2572757556287751,-0.053179893882624715,-0.09411805459120137,-0.04912730421133309,0.03421266721052805,-0.09795472391818072,-0.013892145915382896,-0.04139230243948831,-0.008250094403061669,-0.18862977301630127,-0.06548827547365213,0.04970091888112545,-0.09165725247171563,-0.17933232369544,-0.10368144491353999,0.19029724694635156,-0.005064735206228339,-0.061477572836059535,-0.07160287284099388,-0.02923396862264624,0.12254022999229935,-0.12159233306865407,-0.03520121809041783,0.02284699070673062,-0.08644622325259668,-0.10141929032313794,-0.2240151264166714,-0.13859288041432066,-0.006318359938408326,-0.5156314865479905,-0.08581319003888693,0.06311593501088693,0.11621560086272828,-0.037607771199151624,-0.042785133936721766,0.3539195766534566,-0.03324353955948858,0.06404441434079132,-0.09213634894353558,-0.5653289885253292,0.43902734911624064,-0.0002341121998077861,-1.067199717975801,-0.10220895693700534,0.010777608804686643,-0.15540538192033698,-0.27146905081517264,-0.002245978575000046,-0.026230795576829957,0.03214779648746727,-0.07866244779526665,-0.10964050318605555,-0.08581319003888693,0.042145103162858376,-0.21839780678956341,0.022560066363557636,-0.06068963104928591
-0.04542462151845896,-0.13955135754939976,-0.06259317344475754,-0.2788810691792752,0.01656192095004618,0.09989463334102551,-0.05681517440252034,-0.15387376245166406,-1.6281644695882274,-0.07393337726993117,0.023183795260446227,-0.13062804422153473,0.07767647880499252,-2.077003750887472,-1.63783550708245,-1.5452932220472138,-2.0866657122689682,-0.003865704494559107,-0.16216480167825983,-0.23772837778220476,-0.2250707463294749,0.039969379780936024,0.26851354600327304,-0.10947043210346631,-0.14143015579369575,0.19493355286567565,-0.5267872553608461,-0.06887131553220593,0.649293832625402,-0.2791498006641822,0.04077130421960623,-0.3553878468304994,-0.4972527805977127,-1.6744280128254834,-0.11546523361699088,-0.3890563382902811,-1.2934687992366054,0.12601213506186595,-1.5835051109482148,-0.4904672297633807,0.0510602284391676,-0.10164327377558817,0.04108671556411466,-0.06579501046994506,-0.07306047433548911,-0.14835441400546842,-0.287737932089955,-0.29504123683539696,-0.09900359168707255,-0.06261442300669486,-0.005350895564803124,-0.05633969641173223,-0.5892443133621004,-0.10224844958648852,0.00883590016004563,-0.9477986285186211,0.1887799601568389,-0.7639907265449885,-1.0782295525650913,0.033842321663668545,-0.12451134088424536,0.11392617679525371,-0.3549471767095331,0.016533441745412346,-0.6168685453845655,-0.092617193696342,0.08111529007734344,-1.6737862727425203,-0.07670380360687565,0.25384584606080357,0.14178482041602597,-0.3273589513268101,-0.09609835680668356,-0.4747882988404263,-0.23921624057184257,-0.03632812487057714,-0.1338037521397046,0.06801042630555978,0.004114848105925329,-0.06547609841623475,0.0951069018760208,-0.10471904648995707,0.02601082638491761,-0.039598875995357184,-0.1364437385912658,0.0004537321862937686,0.00024402535954308395,-0.036926724507079775,-0.05821650976952817,0.006512721784527555,0.06813175275774982,-0.03404571758525642,0.020313178864418368,-0.06902548901389469,-0.010053646909631057,-0.00013771847776357062,-0.031946568748535804,0.027082058792824784,-0.10558981530111544,-0.054806957245967854,-0.3937541113456317,-0.3122026706041921,0.05073826910481013,-0.23393124093003717,-0.05125274806939352,0.22686695247250144,-0.08121715557485218,0.01321277146544351,-0.14593419265139262,-0.0563741501416453,-0.0958548554834024,-0.01665373720181402,0.03908860199884932,0.041010228602734324,0.00047486934521413223,0.11536011952517475,-0.029079449641820552,-0.07476344926775837,-0.03612294299382948,-0.03468809262719448,-0.03793445475982507,0.03138627414707153,-0.016420541524701335,0.038390114076518454,0.006371979866219684,0.007359538132765334,-0.017692935486377195,-0.03153742010264986,-0.04376698451918798,-3.514897242338521e-05,-0.017221010002312617,-0.08387240488672507,-0.01270215325732555,-0.008323332550673362,-0.004771841694618938,0.09030178353653331,-0.1004980521204642,-0.007830431082283264,-0.07876756215356116,0.034036824260856614,0.031256278983820565,-0.015827558180680126,-0.02163545603277016,-0.011690667631205002,-0.38443156883973123,0.06166484894301108,0.029005174986485346,0.10131087521387393,0.027452163464986797,0.05034095130788211,0.008329051840472827,-0.014866017823356503,-0.0031854672251789675,0.08938233447015999,-0.08160265954227072,0.2205851974167967,-0.007179496794536192,0.08861802811404702,-0.011527878571562657,-0.1399516333688834,-0.08965269973204107,0.008551829544216854,0.06815441621770173,0.004032415184771101,-0.012166558282645715,-0.11308205515628705,0.03289549319119913,-0.01438153708933817,0.027112787517181863,0.03535484556380099,-0.02877744562787078,-0.015007027095406264
-0.10728884513731386,-0.2359965222867766,0.059591048885879946,-0.19213882055518494,-0.0742936156296847,-0.13167863946102767,-0.052844369399128836,-0.37437891100458415,-2.166670444528792,-0.20936397035741147,-0.021369032118183386,-0.03472897542373512,0.04999434369804486,-2.712142335959181,-0.6233485090508009,-2.712142335959181,-0.12806794482755643,0.22599917289880456,-0.3959130332556267,-0.487550746147675,-0.15987278762458437,-0.02060236090565904,-0.05256681279724931,-0.06713147872570685,-0.05813163792248492,0.15159053035505995,-0.2781657291587841,0.019115792783560966,-0.046576766310219286,-0.21740756002065453,-0.06643963609664562,-0.3822882272667726,-0.19308760140383405,-1.1567901916451924,-0.32576642344926543,-0.9547043149488871,-2.712142335959181,-0.16027354441241304,-1.1901668413709245,-0.11686123468074198,-0.00622897327351044,0.02553582515185699,0.1589224961377132,-0.10967857090711707,-0.09845349785768595,-0.046576766310219286,-0.17665790811588938,-0.04898869643586133,0.003877431640899193,-0.012393609570091757,0.035111275915021896,-0.13071738136837746,-0.6625063649696501,-0.04152810679040007,-0.3717830752708077,-0.855153094474894,-0.24435771934939143,-0.11370473293961979,-0.9180652340040665,0.11264383282488745,-0.5099999218543381,0.16393968033456616,-0.28399838305014485,-0.03514616820272084,-1.5224950131763235,0.008156405527667604,0.01996660761443173,-2.712142335959181,-0.03135352981982505,0.10319956900700411,0.008156405527667604,-0.054457106597972815,-0.05851406142052192,-0.22822954806207743,0.05810836385090042,-0.10266544254387432,0.00915496079721682,0.003365401714154196,0.01505416344591975,-0.029122917015001148,0.08212038738210603,-0.0684253241910914,0.0736802778884187,0.039041864143739634,-0.0661004820750305,-0.04737200608701604,-0.15730327194910518,0.003066494670433093,0.05386859887710623,0.030198231714061937,-0.077233380520922,0.09738600095181117,0.035773509519428995,0.040441238165050616,0.021361032767962116,-0.21577180263428591,-0.031985718794266295,-0.03275902189576169,-0.03839958974039933,-0.040772920178005254,-0.7578639938726376,-1.6845228644083234,-0.029877755567327156,-0.038472084024599285,0.020555616515169354,0.039234635222691966,-0.042971495029581745,0.02045065818148203,-0.09785929642528964,-0.08581319003888693,-0.035548850340667806,0.047795827415040626,0.04696138711377906,0.06274952653248914,0.09057166913517958,0.20554774358097913,0.060411598378451725,-0.06111023474327418,0.050143672468626194,-0.006144954385946704,0.019159820064991926,-0.06079399155083503,0.0634638318640601,-0.08607365039454083,0.11632145069642848,0.028435142902986515,-0.002387268941993917,-0.047895793584134004,-0.04301749429056273,-0.017228201486088984,-0.1321785869745037,-0.1079397594828899,-0.08247117497036349,-0.030291916114172607,0.053358865155199026,-0.023379825389012895,-0.17510263958641836,-0.08797907202667878,-0.16419205326107852,0.042782799147378835,-0.026659707382391932,-0.004897365128610835,0.07242038400673197,-0.07164362829207885,0.01742231693069233,-0.018944294244434976,-0.08622838516530061,0.03182407254558354,-0.030672726993090902,0.03715785973942447,0.06863770641327425,-0.09049670480397964,0.028313472651040162,0.0607452713311888,-0.018944294244434976,0.0077058603389196815,-0.06691174861278881,-0.02087223334485006,-0.12182886253257168,-0.06761695701629608,-0.06862128559953225,0.03266746003881899,0.021621446048642377,-0.016768979508606577,-0.016368188245346207,-0.09137281386982063,0.0006857089508579455,-0.08644622325259668,-0.08581319003888693,-0.29249631613805166,0.005279803416359664,0.020373438801482967
0.07485440283787827,-0.5836013912879485,-0.10516116303688197,0.13186935173637154,0.2653833591604003,0.09173368282855643,-0.057222210909042344,0.02067460395440004,-1.7457637387418452,-0.06728888144079682,0.004193468195060188,0.01379542305801925,-0.016950492997899243,-2.712142335959181,-0.5798693643448763,-0.6187800510972208,-0.31764105148573346,0.03659639813054208,0.004017404597282027,-1.0127513238496826,-0.014693290283095682,0.16836786994085243,0.21394273583244722,-0.0604769462543446,-0.005883850848679473,-0.08215475889193669,-0.9547043149488871,-0.24549915975758543,-0.11453142720729584,-0.2819301081681343,-0.5341447873715026,-0.5177697046417112,-0.6353095923459696,-2.5905995198469705,-0.1645472341544299,-1.347247546852701,-1.7881533563735565,-0.414026307698178,-2.712142335959181,-0.4637391027672461,0.01753699442706391,-0.08499681313242327,0.2406928742574444,-0.06654145111061587,-0.11949946436524225,-0.0372349696371884,-0.05789001773730682,-0.0061211392478992665,-0.06413013168366372,-0.08189653983633216,0.0073966266803890445,-0.21987654444779253,-0.5361126114264821,-0.33342735146259384,0.028112204138350555,-0.7826871121072153,-1.249974675693358,-0.1109051862226527,-0.636047009929836,0.02925549654384126,-0.3569057272205508,0.2721880277952776,-0.022820591319770597,-0.08396298788632038,-0.7595403892340256,-0.19831108140080383,-0.024370194867704528,-0.484072128560102,-0.1634435064135629,-0.195366093525478,-0.0964084036740846,-0.27283665152122777,-0.11461122571867136,-0.3607446271479867,-0.27032447306676893,-0.807194225891343,-0.2903762984977889,-1.1558231219490396,0.0988388370322268,-0.039027295121712206,-0.052844369399128906,0.08367661989354949,0.07265768556191779,0.0907499569912378,0.06523070132254094,-0.20904914588606993,-0.10077006725448996,-0.06227452875657257,-0.018944294244435025,-0.15028931384045602,-0.018944294244434976,-0.2671352233441029,-0.12762615929831048,-0.04737200608701604,-0.09842462777636034,-0.15348427953419788,0.3217341112065854,-0.0033975228435962567,-0.36976574610651664,-0.03148433650689175,-0.39621909785735926,-0.5404308387929654,-0.16218550429108994,-0.06862128559953228,-0.0692186256777345,-0.1352157888524178,0.198473033755669,-0.04626013394765116,-0.20852317621027658,-0.20219122274133397,-0.17888764586373707,-0.16419205326107852,-0.2486537526845623,-0.028661789816148652,-0.09498163862956448,0.1299487153718854,-0.07202777777560436,0.04547326942874693,0.03775379479128847,-0.044842167349256654,0.03795527512875919,-0.006573743007982121,-0.009750434578758837,-0.022429090444832916,-0.05809816746928142,-0.02246418198026682,-0.03103799459482296,-0.012723203907392018,-0.08551236239498897,-0.07871129677754324,0.007139140735592361,-0.012115497273522631,0.01657406120647029,0.02172250519267477,-0.010405542279002936,-0.008567605625005642,-0.029284707128650486,-0.06334747460650707,0.18641420144177695,-0.10955645944556137,-0.09621091424621135,-0.0447032501042284,-0.031404497758969196,0.08185070123742813,-0.04010142481294173,0.0325457864254493,0.03348520883509786,-0.021239322028203826,0.025687405694676962,-0.05833260519811491,0.06805066069568537,-0.011665153658947042,-0.08951124734655919,0.0036355935013882594,-0.25584652309353695,0.01696166128871009,-0.05290231543772965,-0.33202218020342783,-0.07854067558575849,0.4622174537940214,-0.07837103025355334,-0.2814331817003967,-0.08193025965159167,-0.05870674517792945,0.03348520883509784,-0.04672580804725369,-0.00661530560742554,0.018585994728439203,0.091512148779449,-0.03717307699199911,-0.10679671515134083,0.002437788390126277
0.016852833466011356,-0.28312037483221775,-0.0821023274240143,0.28600908788956714,0.034041519784634953,-0.7490194370369411,-0.9769020561383501,-0.239160386330992,-2.2396470727281224,-0.18461996798120672,-0.020320946453071215,-0.08044975443564525,-0.14065540335436197,-2.712142335959181,-2.712142335959181,-2.712142335959181,-0.6786258324509987,-2.120591009957333,-0.697829219892811,-1.995072765936946,-1.4209727046384695,-1.6083820887795939,-1.2792449615482997,-0.9402377356999051,-0.2558367849313408,-1.2404474373647658,-0.8953803387559356,-0.10540917819244514,-0.05990057494169414,-0.3721479642321509,-0.7099159353365133,-0.6770308474296386,0.023060878525429054,-2.2653745480286007,-1.7279332353168468,-2.04121196398494,-1.0661337919677412,-1.1748230063828986,-1.9018038840079945,-1.852682670410505,-0.11374636668442333,0.09799304610804467,-0.10198236293254738,0.022813921900788684,-0.06224455066411844,6.396561954508814e-05,-0.11102612925247018,-0.05650668812358611,0.06156692232198873,0.4705066702599047,0.01259860355072907,-0.3191525493909341,-0.35136673156752474,-1.8773364297552113,-1.0530133633266878,-1.4430814693479361,-0.8556391180044203,-0.22907249879137048,-0.3609047372844053,-0.008581364812875325,-0.22657807774065708,-0.45030625362482835,0.06734834995809427,-0.06817520842312642,-0.5402033636410187,-0.160129020490168,-0.1278828410384529,-0.7981534072677287,-0.2006273411127644,-1.3320283363896654,-0.479293499517061,-0.6547684135593241,0.0333201903842714,-0.23470708792783024,-0.9236631031367367,-0.8601433350221248,-1.791231335833245,-0.7992501764628407,-0.27319341953129234,0.024712926856141203,-1.1237960319890499,0.06076317134188249,0.0703850590431117,0.014565217350244639,-0.01679880674402105,0.000443262190134111,-0.03490254141499518,-0.045459241345935375,0.07264636139546839,-0.10419816328515173,-0.07226890661340987,-0.2953634274694227,-0.03856229228601676,-0.16004942721343013,-0.2382870343059506,-0.1867490307732614,-0.17312618484753378,-0.26259264840529206,-0.5332451365466325,-0.363389027315321,-1.2389114162967456,-0.40137623811122003,-0.5543150504337452,-0.3368195760935352,-0.09115026228115476,0.003529639673829718,-0.03414620887805867,0.2172006934201094,0.006518114332314681,-1.3658798910039727,-1.0369912584113101,-0.4250614298449155,-0.6516268102501332,-0.05268787699209889,-0.5535464668050692,-1.3033922641993518,0.028080409506858736,0.008597229141737583,-0.06595012522925722,-0.021016833705827673,0.037343169243863134,0.04109346718449356,0.020679256022841302,-0.0038848838155289512,-0.02773201405782887,0.005350022711064981,-0.018518319658191323,-0.03346641868950331,0.0062828282207293565,-0.013671474940694744,-0.07286413130794445,-0.0893963955192996,-0.08934882473729895,-0.07646722602241729,-0.014669564957422783,0.10034971254563399,-0.05391260281690715,-0.10166957901085148,-0.03292278685788592,-0.046174369686234916,-0.17770564587886065,-0.052459051238220325,0.02620578897627882,-1.6845228644083234,0.14219931062553776,0.03369497782597573,0.012936247032563223,0.025496668791474258,0.055313858163394576,0.04044929556603384,0.057919212823368676,-0.013816669895386383,-0.012038713158096155,0.04558539252672357,-0.11392161268067266,0.01739834025008176,-0.04354511769123294,-0.3176138289963107,-0.36638147533678406,-0.23250585661511763,-0.15015811516451733,-0.47390166987194454,-0.2071768896430816,-0.0798442543431212,0.0019289756578287052,-0.028893294031224443,0.005692367798368444,0.040568213656714064,0.2502769590411769,0.09538586820870891,-0.011075087797291116,0.02407883359096025
0.02522147024521854,-0.3185020344844456,0.051947106673335144,-0.034531136622380595,-0.2833939535329648,-0.18369391084603337,0.053268538257729106,-0.1087648431730499,-2.712142335959181,-0.2409352778935207,-0.035737754649083735,-0.020072010295218885,0.04651675046209615,-2.712142335959181,-1.0212011001501755,-2.6191869718911263,-0.261328558715267,0.14541867676076278,-0.28850985503930293,-0.45534707044352263,0.008156405527667604,0.0861803718062442,-0.027366852226695524,0.008156405527667604,0.059511740976826925,0.02822006506073647,-1.5130367552705613,-0.11908073089702645,-0.07827351293116235,-0.1577656497858064,-0.7136657542668742,-0.4178849858739612,-0.312427993988366,-2.712142335959181,-0.5700506282635768,-0.7826871121072153,-0.8913052728756091,-0.19250461325156665,-2.712142335959181,-0.5753138399816775,0.09003399067800937,-0.013858615106257147,0.039360815442663157,-0.08641679403394746,-0.019060697619749985,-0.2843979922761695,-0.1374234816730849,0.01663230287536911,0.027674184381862837,0.009849456419251954,0.9872689994168713,-0.23339599170199693,-0.5473967924286937,-1.036006573622265,-0.3401084964619157,-0.9547043149488871,-0.4515975312250709,-0.17176811481056786,-0.6074976157409451,-0.013476523838225823,-0.2952882728771763,0.03813879006970623,-0.06967704181119744,0.0034878832511067706,-0.8458812822331434,-0.6577016664322777,-0.04392020137611421,-0.7181339451679987,0.008156405527667604,-0.42188956247503057,-0.08290322198674695,-0.1675156084481782,0.13392171032922515,-0.11453142720729584,0.02124304258100236,-0.7031566229573951,-0.3667036562258708,-0.6124937711313507,0.07166467018710791,0.0005072155361459035,-0.03961051233117793,0.054014341783114095,0.056118231856028655,-0.039364427788250896,0.02383280198707045,0.011205372456952222,-0.14693519633260474,0.009233117188907767,-0.02857255728809202,0.022560066363557636,0.1023942423838724,-0.17888764586373707,-0.07699183041996858,-0.09964917976892901,-0.0396632534587054,-0.11804477303543068,-0.05198391292350888,-0.021779080059270386,-0.018944294244435025,0.0736802778884187,-0.45156367390891045,-0.8366793109028038,0.054889779839920785,-0.08355473487463982,-0.02653405495307315,0.012330732368079952,-0.05041481453984098,-0.023217163270322735,-0.16324893411156638,-0.09133307185927358,-0.19950626098001173,-0.25459805220935117,-0.3086263303129267,-0.010803310282669717,0.0259175765976551,0.05255045577904437,-0.03450156801561011,-0.10746367759992019,-0.018944294244434976,-0.028987567130573363,0.011236399205496685,0.03695052174103257,0.01928261346774756,0.07319302978582004,0.06147365006601484,-0.05265006047186326,0.0671079901681758,-0.08581319003888693,-0.04535629477784122,-0.08581319003888693,-0.008611431569153184,-0.10259950078417739,-0.062474873288611246,-0.01416827072229093,0.03845503304564791,-0.011403412969306501,-0.06208837744365262,-0.15800274823278038,-0.14428355990969485,-0.03954688610802836,0.00033959926068214834,-0.013368282194982421,0.06463331033245388,0.00750210450211395,-0.7349112661143795,0.06715278476738058,0.026381533332090153,-0.02949276641769428,-0.08581319003888693,0.053823174378130355,-0.024913776596173758,0.10554820379415718,0.05244277578882889,0.07053086592886149,-0.3681057305290016,0.07314566576195132,-0.0472185494735438,-0.276620849621234,-0.037536831610034835,-0.01626962925160954,-0.08886131399180117,-0.32703097217241994,-0.09452743935993135,0.047908052226093574,-0.10522921481367087,-0.06464749742754457,0.07641901301369204,-0.06642765272618299,0.04620973534961411,0.22697525054288054,0.04016103160353609,-0.004725908158995405
-0.008141132461166966,-0.6881506862348183,0.06309052119740158,-0.004922292786427768,-1.7507394555506672,-1.4333311295491726,-2.613452277706995,-0.17543681200060976,-2.443233135698905,-0.08758292622913598,0.021307083872170892,-0.010077759142214216,-0.20998379976724602,-1.2459273077459774,-1.366672054518371,-1.9603395885317338,-0.9857017534412331,-2.326304166878765,-1.4923847436413793,-0.5014765672645658,0.05384165921522418,0.07016158438552006,-0.5625482172778935,-0.41362796828233495,0.013675290485878998,-0.6731542535205866,-0.744705760751972,-0.4938120742318602,0.2223486146871886,-0.6133104922145209,-0.8376698820114182,-0.780535810759517,-0.14309731094018285,-1.860127229037057,-0.6585451955301644,-1.0185426084291485,-1.5028390040458708,-0.6556383331779146,-1.394322426908848,-0.021204845082528612,0.04453692683181411,0.013699324889900152,0.03051417978078329,-0.06583892688763976,-0.1025787459710492,-0.08036917644529194,-0.06868448748426047,-0.061568453967656596,-0.017897701176542328,-0.05401243467612406,-0.25628937631761506,-0.5982922125059291,-0.7769391215837562,-1.780080241060809,-0.4900324023340377,-2.0937162267353226,-0.3242971236361192,0.048461722658415814,-0.7268393558978521,0.1565622776902128,-0.15296294243407157,0.13522261425103405,0.042079947170049266,-0.042989390115694366,-0.5088881728746976,-0.5272479440064852,0.02834810975803529,-1.0027894862034263,-0.5159259695672221,-0.8726602924693538,-0.09115134936328188,-0.029737549026324993,-0.18767803237152592,-0.3525527524359594,-0.4062268362889474,-0.818099928751951,-0.47407166022893904,-1.262120011537779,-0.5493873499672148,-1.6039471165621013,-0.5308622091779359,-0.1955667905359275,0.14460067328401063,0.023631644938854085,-0.23470317315764044,0.08198906032133171,-0.10246961257498975,-0.059744084277572364,-0.039251700138537134,0.12969185567484418,0.08996183368980003,-0.13613803765772664,0.0346118794560659,0.1703284724207717,-0.11417862404280901,-0.0026428204483000743,0.04108636937868392,-0.0024785293041190964,-0.7345991428253021,-0.004301514732245652,-0.009534097755332484,-0.8756049697312963,-0.18455937564939795,-0.6417310750701148,-0.0673640719538484,-0.13156502760582303,-0.06510268191448502,-0.4141918952061716,-0.16421274549548762,-0.22289317174532844,-0.6553975033662861,-0.66723548035354,-1.5042429339709755,0.008851735762592095,-1.6845228644083234,0.10845547246799829,0.04979904991091616,-0.05415275643775042,-0.04717577893481887,0.008565205317622993,-0.08293771261514739,0.0026411029729381456,-0.09688983533403674,0.039731248872246314,-0.07428309987216469,-0.027244647764938054,0.03366795595418045,0.00029940609559375974,-0.07484372428649363,-0.051522779816771024,-0.03729896640938964,-0.059999933384459116,-0.021743683135809516,0.015653674387584113,-0.0374152238802444,-0.03764303837847745,-0.028171729985887857,-0.09567505056708027,-0.09058026485167509,-0.015811619306201133,-0.07150929220375207,-0.061422985668503856,-0.11372699958902294,-0.032001072572993165,-0.8423623161692176,0.0426040705074143,0.02037294058905306,-0.0010301326084183147,0.021648226800297373,-0.063928536006241,0.06950584223079614,0.009318405360230793,-0.011858378622869875,-1.3826181705781408,-0.6940404868431171,0.026616516981102418,0.0031962432897170634,-1.010515657988119,-0.04718406466937467,-0.004666895942558327,-0.14113139452117185,-0.1688659764733591,-0.012593356911112368,0.0028478671143275856,-0.024871604432502442,0.010293329137232994,-0.009449694341930206,-0.026377349867562534,0.06578453398599031,0.06078582281761423,-0.000807532351480364,-0.018164052632885008
-0.03770965481415779,-0.585397869015675,-0.06965602186182039,0.06551818291848593,-0.15011997407792646,-0.17647535265633818,-0.19377227567161273,0.07322122834315428,-0.5605317237465502,-0.15302686597704246,-0.014277738773915687,-0.06100715286931204,0.02114325679550172,-1.484389032275096,-0.493115851602853,-0.0053849958932790385,-0.13056833584846428,0.041859652758012206,0.04353056122183722,-0.6510940940920298,-0.05614254885479619,0.09262552846420313,-0.054023237177614696,0.1645752074983677,0.10755582190486543,-0.023969581561620518,-0.971612094214046,-0.10966260674395997,-0.14296265253058227,-0.17667700502314412,-0.5675883685278844,-0.3407242364503914,-0.5219759320715297,-1.634253466409658,-0.6938450217148148,-1.0675959044256498,-2.1837182983156214,0.09660170426590306,-2.2414406586728632,-0.3002822043049658,0.1730487703495303,-0.00026875330561589353,-0.16388023398753687,0.003025160080552026,-0.06939769580442753,-0.105003753111273,-0.03416976183309455,-0.02264656453243326,-0.05587405142772407,-0.006934911061179727,0.014326046332416782,-0.09605306456270916,-0.405998570940458,-0.40650772917343336,-0.17948019885739244,-1.2106586817924756,-0.24910552553006662,0.04840828440317959,-0.5295304118760776,-0.05589172081586736,-0.527541330166562,0.06067283434450557,-0.12345204220990717,-0.013116454562475044,-0.11357227964735461,-0.2636300726610827,-0.04264398859119184,-0.7785493140755527,0.040017878638746805,-0.548459712333497,-0.035025281638941926,-0.1991560106075559,0.016138221676487378,-0.20352128575778014,-0.16695873894207075,-0.21573767967225005,-0.37242095427056304,-0.5103142435908777,-0.050241427969456874,-0.13286967247747586,-0.04190304385915484,-0.006277261786255794,0.09625549372847841,-0.01680511823110995,-0.026997191760073085,-0.049777222404757696,0.04883973631101723,0.011585267214243484,-0.02702888586354384,-0.03799674437322004,0.011714967171340266,-0.023629761207420812,-0.009451820050617968,-0.029746670984111493,-0.055486583944744816,-0.11288042748814697,-0.04294364377900871,0.005242469085708584,-0.020817544757149493,0.0023617377896683962,-0.7736949110549594,-0.31051444759547775,-0.134361396197258,-0.13491397412831715,-0.017600622924400806,-0.06308982396312161,-0.07938616165504754,-0.07407090604981757,-0.13705283596689244,-0.22195593449853573,-0.2439975446893915,-0.09908911810561209,-0.20356073209019906,0.1118710417250371,0.0604254970440908,0.0944839173355632,-0.010208443734496959,0.032411371268348664,0.10234534938980487,-0.035661945954431944,-0.0046636789787193045,0.02081697641523819,-0.005651513072128301,0.0015084214336229945,0.039075441336524866,0.06590441701080252,-0.03268056792654451,-0.03329724753004503,-0.012429445718881708,0.014288040453433917,-0.027465233073552874,-0.0992026316692089,-0.0723438975594487,0.020536383911058165,0.05152084321418214,-0.09988932442459814,-0.03933544497248273,0.0465884892242075,-0.044795482824412515,-0.06044179020504508,-0.10914187763129483,-0.08752269390365232,0.020524237094430013,-0.02594366398283565,0.08119154565977142,0.08479234227872022,-0.0023968145242446296,-0.04501351155382502,0.07459082761121875,-0.013204964391051868,0.020343734930951186,0.07231044919452609,-0.031933436267760795,0.020960049097274,-0.2818300420644688,0.05513422723833885,0.06205313093691691,-0.1349920279752207,-0.019324736684008862,-0.011097919405071066,-0.048333209989755266,-0.22093111605178054,-0.0007088297372711823,-0.006674428275621325,-0.00044107645735858323,-0.01796606395876912,0.19176429285308724,0.0014985515022659626,0.03574046060091041,0.07259434577045279,0.023482721415040327,-0.108208578351404
0.05385123777209105,-0.16625940881362258,-0.06378033191701436,-0.23647697060045036,0.12742353668582887,-0.18960010737424002,-0.08180905386312048,-0.16714272709499803,-2.712142335959181,0.26441676713526197,-0.21443576426508315,-0.05247669661535236,0.04666297585227623,-1.075287750189166,-0.43674784107901377,0.010616433360713466,-0.1766572508651282,-0.0153263662154463,-0.0006052455630827615,-0.47621751933900663,-0.03459922099379183,0.02968228963634568,-0.0803315784083748,0.16357864693862048,0.03547848779805044,-0.15052056625574842,-0.781082930253507,-0.07562658749426397,-0.045187366874149565,-0.24096112809117642,-0.3061616210822275,-0.37932956234574894,-0.35966121269386,0.10083190632025513,-0.30735097857551164,-0.7675716457829763,-2.712142335959181,0.13961668847079034,-1.2691700545200926,0.02488997969226427,0.1006722349837778,0.035091691243213895,-0.014797150307558165,0.031128487515997123,-0.04946825720764175,-0.11759349712714844,0.000766468008614773,-0.07892319042855424,0.05033091919720757,0.011357677012540935,0.07011628462769068,-0.0731210392569286,-0.43477871766893456,-0.11158465393767891,-0.1434303200521279,-2.3501955106810053,-0.0537952139075166,-0.13162429446888138,-0.7392389062424252,0.13437231158759277,-0.3397564711575111,-0.20980925064622646,-0.11374332614297714,0.06430014211235523,-0.09511558879757213,-0.05658645303769049,-0.04174767567638069,-1.9520516598768916,-0.007994134717920496,-0.2789480910906017,-0.022490314562344738,-0.3294899185679618,0.010139192711642799,-0.2667298656788903,-0.1855384769916941,-0.15309701701460496,-0.17840136733578651,-0.4142866128607763,-0.05121067520757358,-0.060521854130346414,0.0437162833956058,-0.009692967217960036,0.10133980327665032,-0.03768374471217859,-0.02864962447209715,0.06879321775346264,0.028308720620197524,-0.11030211211824009,-0.10134903168784572,0.01661189055767493,0.03961655643883426,-0.07734219858555731,-0.09690128008715947,-0.15653080153908608,-0.08366811963977215,-0.03513570059763765,-0.05982289658838451,-0.038694281511008004,-0.09680229716069366,-0.04323767719249854,-0.4233889953010385,-0.1639192954651679,0.04765183466944373,-0.29694325212039224,-0.038482899842840465,-0.009767893583742518,-0.03647929134529635,-0.028867830415772528,-0.20627356537976535,-0.06926993041829804,-0.07217515871000627,-0.030339342538997213,-0.20563831708028663,-0.0011111995801744905,0.0817281940004954,0.08483553609350697,-0.06050155962384251,0.009777526030170854,0.2634008512457088,-0.03729991082249546,-0.02545940590750757,0.11849015943467478,0.06882842834193875,-0.009927207630013691,-0.060742484125258005,-0.004434672379188944,-0.07232919569307829,-0.10899609994493184,-0.04500493773024049,-0.019896690640872246,-0.040174660145083425,-0.07407219488573459,-0.07208468648901548,-0.02565130635355529,0.02962517251058944,0.0038415867068139456,-0.06305875959855628,-0.02444738648548727,-0.032602214096043095,-0.057215314594867034,0.00823803661192673,-0.01813906709739117,0.0004770499715496555,0.021730068726994657,-0.14292210754241724,0.06520644135393613,0.052549635866585356,0.018618246224031184,0.023785422536794044,0.10638815262077976,0.047717614939333276,-0.01577082178873898,-0.005528265268335765,-0.012479056336356865,-0.16846930298576523,0.14136746627713617,-0.0752204091283124,-0.12403781058853508,-0.047723897567563706,-0.020954738291405126,-0.03856027372256687,-0.10240992106232671,-0.040016818275673716,0.15132466675858736,-0.029594251288358454,-0.06580940379742278,0.02585835448839446,0.008735162855464336,0.047919886282045354,0.03285598130570992,0.05966501026226194,-0.01047677793153676
-0.1601318625336296,-0.21619515163588687,-0.10985536601659152,-0.4206345148359527,-0.006151891391832936,-0.015308410913023632,-0.04821422953741717,0.1013876724064979,-1.2663381485728333,-0.18056372144289418,-0.1721997739158405,-0.16969190332990325,0.0354668169461161,-1.5377345131040718,-1.2084492580716988,-2.338684970058268,-0.1717631823630577,0.031130245674459663,-0.09562175426934613,-0.252612234546632,-0.2215959575411013,-0.08543589891534363,-0.2995250007564818,0.21847313583924705,-0.1713761410273489,-0.06150731761993275,-0.7453662233921934,0.015936847988077978,0.017545609362021253,-0.2021549190956977,-0.39026754710790973,-0.44828477138846967,-0.5106176694933146,-2.0803281204881254,-0.07239558550831982,-1.1796269056680588,-1.7784234270650614,0.14383874775689548,-1.3950521499934034,-0.057041403209046646,0.13723038828466083,0.010168406802164933,0.053489822495318556,-0.0013485453320416136,-0.010335446462210667,-0.16788715945082605,-0.21060569314311886,-0.06542086185009942,0.07747201083128309,-0.014477319647592074,0.0949595157013906,0.07121469136795526,-0.8215891207687083,-0.13096118314809804,-0.28808536277570995,-0.8631119519725661,-0.23352675748812707,-0.7931805446357533,-0.8977268289589636,0.26243218575449223,-0.38387893916692284,-0.45644794088712687,-0.2542594062862226,-0.0969349496950616,-0.10873828679883424,-0.037966532366186884,0.06320277901484578,-0.8665420086566968,-0.06412570839102653,-0.1257661369757481,0.012721457221356439,-0.44448047930576756,-0.1335747636154928,-0.11337354022110632,-0.28848536665986013,0.052669194662730096,-0.16036314269291663,0.012887517414780341,0.12059795525691219,0.011329959107328593,-0.09564408917774699,-0.028360822011675946,0.046519165847938006,-0.04379785525944488,-0.05078065727002736,0.03515947374766232,-0.006930943441341803,-0.04659169739487709,0.02813501629381533,-0.16555534574671837,-0.017514511328188088,0.12453112739345305,-0.0025781473779547025,-0.03877461494181362,-0.04370196534358178,0.0033384852134185554,-0.10440083527627284,0.0460619169599051,-0.045547604748125047,-0.16154417594448273,-0.3818915018575543,-0.41443752779596504,0.08479311141728466,-0.33588255786160714,0.04038239137479851,-0.04147516740848969,-0.10260827326341111,0.00785993722593958,-0.1758880403061102,-0.02530193590292365,0.004940356982905751,0.00566017802896286,0.001747755700508843,0.06566920597370979,0.03558844461610409,0.10251155934485742,-0.04257536689462685,-0.10019349396015022,-0.014101978399950687,0.01042616388719935,-0.009745086405966882,-0.0014223947933298961,-0.022483106416343674,-0.03740528432156797,0.04440465758744684,0.014267326685105898,0.024054348799006895,0.0072704572953314174,0.01579504709354237,-0.04377602816186002,-0.0834207068603875,-0.014653590724795213,-0.011653792037596518,-0.021520916858582886,-0.09505281285504104,-0.03696997285994413,-0.046796847350398144,-0.08233105690308061,-0.1367201679411807,0.0668871257306408,0.08867032650771522,-0.06434880146910049,0.10898405890901927,0.023086502325103165,-0.10144590808295659,0.06809993590220391,-0.007758156566217726,0.06803025592442803,0.04061341557200658,0.07246925430911087,-0.026139091024433292,-0.03209272370933948,-0.020474929499630028,0.05851598118521337,-0.012125581122864782,0.03665827922330261,-0.0043874984127261355,0.06501665212054118,-0.01972159030082554,-0.11918555157770934,0.0014021322066013191,-0.011545851806510314,0.038107783081371215,-0.05777736381330164,-0.04812956508768821,0.0027277663740626935,-0.012808077373430628,-0.009278636830328722,0.061050409147071105,0.09271245320613347,-0.04248463338648254,0.027374273176175096
-0.14865452675216814,-0.5839795651654599,-0.09823222817685812,-0.3057214997020616,-0.29166497400403185,-0.20408237818187402,-0.5836013912879485,-0.04340653839806665,-1.6845970495313638,1.8561123510307602,-0.18121053154719033,-0.1725845697137564,-0.31650892212752063,-0.7063772668237867,-2.712142335959181,-1.1373421777627857,-0.9547043149488871,-0.3756359112940158,-1.4668371796779025,-0.07610983167143313,0.016761027924475924,-0.060394110828691124,-0.5620550023709314,-0.4647111481059868,-0.17930924660926426,0.27626477951460265,-0.09179254745148036,0.005341297693921827,-0.11930952490601823,-0.26112485019366777,0.04310100360550648,-0.4948957489394104,-0.5543056669510589,-1.5715693363445344,-0.3468709025446909,-0.3145819583539634,-1.7239473681523247,-0.5413543053469712,-0.1796159807674062,-0.5515334521400747,-0.22195281225907454,-0.2261856636982348,-0.12432233699371638,-0.1080919675021632,0.006599256945671398,-0.39036830218443763,-0.16436682713478074,-0.3576436200164341,0.1064476025358431,0.7998010506260219,0.05365511449731974,-0.14602296312522978,-0.45750542978825615,-0.41124163584577655,-0.20419665115259505,-1.2228506846247498,-0.8101905244492325,-0.7443863273763432,-0.7185633039860607,0.12666006737521868,-0.20898660107083328,-0.09829082277907338,-0.0494195626517496,0.04476294456321277,-1.2986694184178915,-0.44513043783594425,-0.09373398168279477,-0.5985760133249073,0.0028662070772303362,-0.04323005445058475,0.0608996306321026,-0.5438239545551772,-0.05291782478180645,-0.48582277171952887,-0.16095599316848527,-0.5376436134070925,-0.21852799671335682,-0.2815753395551577,0.0038666040815201422,-0.8872474958789532,0.06293174513553014,-0.08047309760061998,0.07117985873194947,-0.09936361639799081,-0.19426416492614368,-0.028775683932785404,0.027918253855240265,0.05562941309381512,0.020638875051532096,-0.004185461620473177,0.08628751894388896,0.06369900935177666,-0.07457184950451684,0.1344581133387239,-0.05767663474260586,-0.10999339755923747,-0.06190947757461879,0.030044701477073683,-0.1861408941233945,-0.09436314759918184,-0.38495978315516755,-1.6845228644083234,0.03950786206525392,-0.31042174848773013,-0.09958015167064259,0.007657062526930921,-0.008167656677825532,-0.13049860892963228,-0.2986542358554451,0.04498938693215472,-0.0481650009412485,-0.09164712753260637,-0.4805606659927258,0.03419098229979729,-1.6845228644083234,0.08212314876470594,0.009759540325316191,-0.14689838156859553,0.08993407047428788,-0.09646487952919143,-0.04804901508071177,-0.011644884961146433,-0.030941128024236687,-0.05792271042438581,-0.0594768077464992,-0.021886452480177163,0.20249229246125186,0.03247568966536246,0.054761472334873315,-0.010061963915924385,-0.11668885378518563,-0.02056778533157242,-0.15568950594347591,-0.055870576203008455,0.018357416194459405,-0.1554359645633807,-0.18928103133020605,-0.04543141418889666,-0.24820304300050292,0.040212298801762136,-0.051784086590157256,-0.05418826675512072,-0.633786309217599,-0.010353071183815177,-0.8476627071519096,0.054815882664333244,0.01906099326324194,0.16607642021731747,-0.002571976949331744,0.044705789830463104,0.04728584484448566,-0.04137358370049912,-0.21539173584083923,-0.11959071240270765,0.042374732320391004,-0.03718100565933273,-0.025779568892531173,-0.09381087640230008,-0.02714227694553683,-0.4115208298557998,-0.08607365039454083,-0.07543148907079414,-0.04301749429056273,0.02662841940722558,0.05427679652377243,-0.09992030487290207,-0.034855763499330984,0.013990498426851506,-0.10809839442540833,0.10842963691961878,0.043308913063889294,-0.08223757536521979
-0.12285423333177407,-0.3894433855338929,-0.007256076020634446,-0.3850701620517264,-0.057850726777518804,-0.204168419994848,-0.44464861282713475,-0.15835106716671304,-2.712142335959181,-0.27043490996764724,-0.20677399928913984,0.09379391136904613,-0.05591733516467556,-1.0050743571297533,-1.0241427520332302,-0.78778010923366,-0.6992182384154553,,-0.9703285415898361,-0.4065849308046769,-0.10759371866920749,-0.07507245743084826,0.7940639459146354,-0.5820294749661747,-0.2741939469923579,0.028509227536464076,-0.10779597196680697,-0.015299372737065069,-0.05993908321906049,-0.10844816142763047,0.06354336200561683,-0.3186660867643968,-0.7471768178456724,-2.712142335959181,-0.12900561991011328,-0.2573158892916134,-2.712142335959181,-0.4653084236579268,0.008156405527667604,-0.2564115690753095,-0.39456505193636865,-0.27503754615661896,0.10293780748828105,-0.017165314553034324,-0.09784016595453592,-0.26856845684522185,-0.17971740632568806,-0.25294957363366566,0.22866733945411624,0.03542183781114145,0.062409541894347054,-0.1183145754892198,-0.643053718765189,-0.6960177747785503,-0.4099412582447213,-0.4197258841563358,-0.40051655995347224,-0.6625063649696501,-0.7930649224261185,0.18739670465155506,-0.029718615867913075,0.2610913374374326,0.008156405527667604,0.037674562033352295,-0.8101905244492325,0.013777526610181378,-0.15079169860640926,-0.34774506025334045,0.11232675730132965,0.008156405527667604,-0.04216603893353922,-0.43128773627508804,-0.09141743175211059,-0.7917251220255127,-0.05970933105122223,-0.28019132372767086,0.05628072922872751,-0.19356669660872772,0.032162633975943516,0.4522532490857285,0.07548173335822217,-0.07142783723272757,0.13812140171179962,-0.23288303800934654,-0.06168443517296099,0.025293946304392818,-0.09213634894353558,-0.0802922343705602,-0.09855883576293561,0.012487167722621007,0.02053171316892555,-0.0030075522971226894,-0.11650361698561788,0.035112818264397994,0.0701548465392119,-0.018944294244435025,-0.3100760382932256,0.08803833615852519,-0.9147406611374959,-0.005845110015271092,-0.3378207814776887,-1.6845228644083234,0.09176603888285215,-0.17221956523522375,0.020787178137256147,-0.061280864538981135,-0.08847255656080694,0.011336115863070829,-0.19154256260675717,0.2922901134506363,-0.07640844443849219,-0.17234823223764303,-0.2208880932014255,0.0398046453969957,-1.6845228644083234,0.12516055901811368,-0.09634153506081666,-0.1026228912263048,-0.1031710778677361,-0.012778077855267758,-0.09728114002811866,-0.0051196421962506665,0.0009047748459081273,-0.002102255134883969,-0.1412912221584681,-0.013323448728380987,-0.08516006800132293,0.000824550799780897,-0.046578012397173504,-0.04737200608701604,-0.06936127684073629,0.026453868016217724,-0.022029267708676557,-0.09445889690647553,0.006505572077273793,0.15250196651764084,-0.11406095192207363,-0.0644090756745587,-0.12701756880409612,0.019627904399888343,0.023719031565577996,-0.04230202788356251,-0.2808191912819884,-0.0633837542694365,-0.5346271839428484,0.0730639710308299,-0.034977441293553554,0.10516555184849465,0.007691744796694607,-0.018944294244435025,0.02467364587715521,0.027016060775327696,0.05473252590133811,-0.002245978575000046,0.0041667633709755346,-0.013540684840720695,-0.09602427594488262,-0.3131336895883426,-0.19593936963175873,-0.006586241187631249,-0.0864798628058391,-0.08953233985836709,-0.03882125363762168,-0.10864402379957014,0.08097041254160732,-0.06792300881934306,-0.050075710596241475,-0.0666382334584198,0.041631101920193085,0.06463331033245388,-0.07068265119362832,0.003066494670433093
-0.9408751883284385,-1.3959699278931075,-1.5284472473646256,-2.712142335959181,-2.712142335959181,-2.712142335959181,-1.0039882671922682,-2.712142335959181,-2.712142335959181,-0.7684565073414519,-2.712142335959181,-1.3325340170483113,-0.8646028771115848,-0.8378863071272787,-1.1783477939765001,-2.712142335959181,-1.3672290047137323,-0.5122274103055684,-0.7516047410010419,-2.712142335959181,-1.2466598703392808,-2.712142335959181,-2.712142335959181,-0.19635920653262112,-2.712142335959181,-2.712142335959181,-2.712142335959181,-1.6845970495313638,-2.712142335959181,-2.712142335959181,-0.906472071198403,-1.4968797537843577,-0.23196399071287438,-2.354811520877914,-0.850917025417294,-0.24709077030430568,-1.4284734086436275,-1.1506954493172221,-1.3403711552911504,-2.712142335959181,-1.035288471309545,-2.712142335959181,-0.9097888674560003,-2.712142335959181,-2.712142335959181,-1.231532503315044,-2.712142335959181,-2.712142335959181,-1.4226914239863102,-1.3063760497761685,-2.712142335959181,-2.712142335959181,-2.712142335959181,-2.712142335959181,-1.048558878050868,-2.712142335959181,-1.211585169862126,-1.1040952319277668,-2.712142335959181,-1.1214157186604699,-0.5273517855280494,-0.6106641523423838,-2.712142335959181,-1.1978962526687147,-2.712142335959181,-2.712142335959181,-2.712142335959181,-2.712142335959181,-0.6210722810757414,-0.6285968824987673,-2.712142335959181,-2.712142335959181,-1.4532932538825463,-0.5413543053469712,-0.5548499927605135,-2.712142335959181,-1.1177453918994769,-1.2550970583646524,-0.6123204103930227,-2.712142335959181,-0.9266142356336853,-0.5734770278490842,-1.6845228644083234,-0.47685113504495763,-0.8128985280797223,-0.5183740978971019,-0.7291608058545705,-0.6617634653347165,-1.6845228644083234,-1.6845228644083234,-0.47151691554587366,-1.6845228644083234,-1.6845228644083234,-1.6845228644083234,-0.6030922160561052,,-1.6845228644083234,-0.5539270095032184,-0.6901967913971543,-0.6321013676062436,-1.6845228644083234,-1.6845228644083234,-1.6845228644083234,-1.6845228644083234,-0.42257118790748355,-0.5469684831536785,-0.7852073607197053,-1.6845228644083234,-0.7291608058545701,-1.6845228644083234,-1.6845228644083234,-1.6845228644083234,-1.6845228644083234,-0.48162458855397594,-1.6845228644083234,-1.6845228644083234,-1.6845228644083234,-1.6845228644083234,-0.9888676434189148,-0.7646340108153018,-1.6845228644083234,-1.6845228644083234,-1.6845228644083234,-1.6845228644083234,-1.6845228644083234,-1.6845228644083234,-1.068725683977109,-0.54305708220655,-1.6845228644083234,-0.2778540329600693,-1.6845228644083234,-1.6845228644083234,-0.8348545634212781,-1.6845228644083234,-1.0026849009802603,-0.9728463788999202,-1.0328598668169262,-1.6845228644083234,-1.6845228644083234,-1.0328598668169262,-1.6845228644083234,-1.6845228644083234,-0.7452565722211381,-0.8493555387473622,-0.6030922160561052,-0.2409256307010267,-1.429324872237651,-1.6845228644083234,-0.3881854488356807,-1.2342157703544039,-0.9050849851905666,-1.429324872237651,-0.7352248396946601,-1.6845228644083234,-1.6845228644083234,-0.6293085763269214,-0.7427955343272866,-1.6845228644083234,-1.6845228644083234,-0.620497493700662,-1.6845228644083234,-0.5583405568277141,-1.6845228644083234,-0.4031577959410791,-0.15186353936125313,-0.7548061307217313,-0.07457184950451684,-0.149907362383958,-0.08516006800132293,0.054976181904434075,0.04577998856897858,-0.056062714557498866
