0.09444820630600158,-0.025787328546152247,0.06048449811556597,0.047780515913553485,0.13356599108463307,0.09060648691358679,0.2720904607737048,0.15546030165413008,0.23688965211526536,0.0018011458329751985,0.20935309738209268,0.22284610759998155,0.153548075077008,0.10231868884950393,-0.08358651531397872,-0.11926771311943446,0.17093165693053403,-0.15745921202208293,0.08813734590590307,-0.101821281992893,0.09067269948857848,0.10402666732793626,0.10583026929413156,0.00317843496681152,0.15694168124979474,-0.07036906550217624,-0.06919646207904799,0.12813352911941067,0.028141505062167522,-0.006473644954260896,0.06412474256767357,0.20646371568519925,0.14420946162163892,0.07394564646443084,0.0015526645533541982,-0.03450231864264952,0.02468889634027583,-0.0019769328614857797,-0.11936957431854765,-0.026519800744326714,0.18564298548813513,0.05207735855015361,0.028898753157088973,0.06496293835488397,-0.06591174839588582,-0.06450250776766193,0.038773343219712514,-0.05193252992006271,-0.007017362880510681,0.01264499041543797,-0.05656404087647837,0.10927999831645623,-0.044537986611082846,0.00829684588193756,0.06431776157070389,0.08240981494422793,-0.10451010992608006,-0.015518275078618863,0.06470802901191561,0.32052103305299956,0.07350784190945635,-0.08910842001506106,0.1279874607249629,0.058253001455443314,0.1597754360881007,0.015695115466920328,0.005083876208856457,-0.0618988891419584,-0.059795348428800375,-0.06613764695160917,-0.006063156472224628,-0.06249588209707629,-0.029016500279404157,0.18225396537253855,-0.04779160880195698,0.09571508464287946,0.06256207972177957,-0.023962555367415938,0.024881990595474555,-0.0006586915769239627,0.06672991403775687,-0.009256788819000165,0.20901647523615127,0.2547778516769506,-0.048045213293745025,-0.06871629356073823,0.10218287226385117,-0.008580030172354666,-0.0998845414905511,-0.0956390425443561,-0.11181528471246875,0.016138771921072777,0.1064134366236615,-0.007908707809009107,0.035469766653552025,-0.03990239642936252,-0.0843704469886529,0.22209180053310557,-0.012125316104124536,0.20674234561563748,0.01897333612879135,0.1456271897980175,-0.03147403827808432,-0.1306813961525601,-0.04861378119481795,0.2506131426070389,-0.05143840379694612,-0.02727139539767473,-0.19425963814941208,0.07577816171824892,-0.1629241506444266,-0.00875199247638073,0.05088732763118243,0.05142312640358761,0.06414421765264341,0.5816818839355151,-0.07091332642781624,0.5188501880967847,0.2624052597054497,0.16646637365718625,-0.10716931892510295,0.035455919675369874,-0.021962402784037577,-0.05691408826007316,0.22562902398930987,0.005606688595596888,-0.06441285035206859,0.10691425896564057,0.009572371078914023,0.10870610358976815,-0.001115980370469821,-0.07083009477090424,-0.03599156099220779,0.28071951277956164,0.06329673880807488,0.09156091883731864,-0.06520568211931473,0.0101206524600982,-0.10015119112850657,-0.034278289340269746,0.02490973497573064,0.06438872924046886,0.2556857621631696,0.2981285946016245,-0.012744044913192804,0.014235512893058081,0.051208621772409035,-0.027564722552249264,0.12493644904020193,-0.08708562206802181,0.18791895242698567,0.09853294181800382,0.06698642710663244,-0.053374420485899195,0.11562541080301536,0.06896490565190856,0.016796392088639128,0.062456931754739826,0.15405724153413733,0.09363086534996125,0.015403909026942204,0.059779836175970415,0.10400275556151914,0.041091383243502796,-0.09385842794733971,-0.10247861911700815,0.16323334762751784,0.1273172840974384,-0.020132562008485046,0.22421706772598024,-0.07414036087440848,0.06652300389741896
0.07351176089806974,-0.18941953886163615,0.026017906988949784,0.06625582307782518,0.027820277389785972,0.20966155636361128,0.13844174932710376,-0.03141487208486885,0.13050709581944953,-0.1178365635924411,0.1960342140179727,0.2636810575111353,0.13990345244261765,0.04155078006448824,0.17214458219165285,0.05614759548584822,0.025329292579443063,-0.012421217312256127,0.16162791292473777,0.1250620750490575,0.12232794744288647,0.13835029037231636,-0.14815034290216197,0.005969940778586803,0.0526069904657176,0.029006707434881738,0.0175192585553178,-0.10305858200166382,0.13830982948225687,0.005846504379737314,0.1218691628246117,0.16942646479709478,0.13358823796637345,-0.021834212452701018,0.16245115252163783,0.007707804660798196,,-0.0670693725054832,-0.06672188359249807,-0.12864359990010335,0.05190791351496024,0.140332309410103,-0.0029951780000386295,0.06531226274488429,-0.01849115710230494,0.10423808200788377,-0.07652345737409898,-0.01084829318733039,0.1490075355875706,-0.0026817279492716613,-0.06554424660184768,-0.06182139868390534,-0.005449852452940526,0.024580198661127893,-0.04747992546729775,0.019479769506633687,-0.06853384539821894,0.11007013540478244,0.1846710043819296,0.24581634908371156,0.12143051489745346,-0.23448862235241505,0.098151326305528,0.16940502154786996,0.1529645521419692,0.15283888225019246,0.13894147871477705,-0.15672850401459276,-0.04064791554606016,-0.030371228563405222,-0.08118963663136912,-0.06020102805305837,0.059874149134114825,-0.1141663097521062,-0.022969674354654742,0.17612291003387576,-0.08374561331618749,-0.050740131534069,0.0474246074590788,0.11669380117578168,-0.009984155765413854,0.21208244380681218,0.18645746776607094,-0.08927798661416339,0.1560728416264964,0.2056157739464821,-0.13259831294191987,-0.06399667512867553,-0.12593812034803453,0.16820598670966688,-0.06230212561871514,-0.12536391836813685,-0.10701293193270134,0.05228981182803758,0.045565265698721005,0.5265941553088087,0.12698273353513437,0.036528926348063685,-0.09129281162725823,-0.14352577150185666,0.0094716760769214,-0.04504013423366224,0.08783301881180167,0.1762247497723741,-0.18189620755605354,-0.04606096585287074,-0.045798838859195556,-0.02480868354969577,-0.17739414884350813,0.11532823514622216,0.05603479790493084,-0.08386719926236519,-0.07502335774476161,0.23168502806399915,0.5069461192163057,0.46288091261033815,0.06955328669157337,0.3748292203066922,0.12254914991749345,-0.03330138980039676,-0.12833516102590262,0.1473077358742542,0.08888511987315158,0.11443179582051029,0.015231920024514815,-0.015930969505865693,0.07318950580391133,0.2949802862782663,0.17880262633428762,0.09302377364415781,-0.045909763646289334,0.07552489076315205,0.12070162383213098,0.22449208596371284,0.1040655221296783,-0.06991444059906886,-0.06407915750431296,-0.08840029681329689,-0.1247687540584664,0.021388606295571773,-0.19894099401779708,-0.06952496754399508,-0.2316193831964231,0.2558685136886729,0.1386405588618401,0.3057826861340495,-0.20529934084647006,0.010865493986179727,0.22992394313579198,-0.02440308761045602,0.10686248504336386,0.00199954217982948,-0.14583949938206425,0.14219352977101765,0.09689533842573518,0.0575728987038757,-0.05377226901897469,0.047517225879335184,0.05821980032106782,-0.0071463078123781484,-0.1888494273339639,0.026354696150988007,-0.06525272746459537,0.40605123027030016,0.03188333424075767,0.12785900249763224,0.12530748636963412,-0.08338688963953797,0.23380462247336864,0.15226280258843822,0.1627695797942538,-0.10838847240262384
-0.14613765135814236,0.08201406037582551,0.019691346710539417,0.01160973882502618,0.13067542630539541,-0.016740507797526685,-0.013561416617475647,0.10507431103800492,-0.0008383057887661462,0.1837765675804776,0.2224248298652468,0.3308582285685747,0.2396907417770816,-0.026344358002664867,-0.13172110560403813,-0.1966664677842477,0.028220198776678942,0.1347293210569786,0.2794975154694239,0.13197877405611746,0.2658556413704452,-0.09029419229250216,0.078645934817097,-0.2890436269647263,0.18934588648864342,0.1072777754022401,0.19629217710238073,0.11142239974826618,0.06703831941647595,0.24698142202802614,-0.006242742149539256,0.0005176169859501015,-0.03570250946456636,-0.023039119417510193,0.009189048210452617,0.3984951296384032,-0.13684250912877763,0.1375888445347935,-0.1343947427481069,0.0337073693765676,0.05026852563890726,0.1556301225807796,-0.09883061805610455,0.15559869692537234,0.006366482499590521,-0.08518888737988896,0.2338432758731732,-0.048512046946829056,0.06448707626679573,0.46333543140326267,-0.22531866212832674,-0.02184712979657431,0.0709073167867016,0.3109286216439208,0.2572784266732864,0.06703831941647595,0.037859381504040876,0.12015833659379736,-0.012533847360985464,0.43985483003987813,0.12341085256452514,-0.023172667242367617,0.0987169004558342,0.27316925075213094,-0.08882366316651172,0.2947202690267012,0.25887840030948644,0.06703831941647595,-0.1787331751724667,0.26605652565854154,0.2993823507396749,-0.11377580848020051,0.03673434892347975,-0.0394186482655641,0.07032307706775415,-0.0046014860041135325,0.07991829451191798,-0.04866977177983556,-0.03432684101192622,-0.13344953934412981,-0.08528017211298868,-0.08167212828791008,-0.082381107619861,0.1335524237418284,-0.09515505969921412,-0.033253318961828725,0.026161714173523355,-0.13183211998986577,0.07962426103364985,0.0579047983740984,-0.09588641839719002,-0.18009125985053978,-0.265383860086563,-0.012521262584777128,0.05746123821929153,0.05173058725568178,-0.17581820519180574,0.22771894399524467,-0.14715942340933577,0.0975102719585284,0.11320541600537544,-0.09215823722475236,0.036668280022892005,0.015096675221672731,0.34397282771068455,-0.07993895144262819,-0.013318214881505589,0.20046532599876468,0.21306873165466383,-0.215549029549375,-0.3079499241721717,-0.034849756713197566,-0.034014250784381514,0.405810886975011,0.25704937019361684,0.634659406631032,0.06759754728318473,-0.09600144594984895,0.3203065092423895,0.310790547099393,0.06109368560183701,-0.07984581095126557,-0.09094206973285793,0.2600796169065361,0.015096675221672731,0.17697654821947328,0.03396362735154879,-0.11028239890437344,0.039566985379527166,0.12368477388832971,0.015096675221672731,-0.000391450812642959,-0.10861605753340908,0.1317875551174175,-0.007051379086579387,-0.10237559497222394,-0.05604606003273691,-0.07432848471522585,-0.20236117689936833,-0.0373975212841025,0.025535484545053572,-0.0162055502027838,0.4364760602767098,0.5778669364072676,-0.17664027508632452,0.3479355690122665,-0.09441805905068625,-0.03759053486816555,0.28285198927879257,0.11256728862993252,0.5407369495736454,-0.062191182557356346,0.001717798218802187,-0.036879443632642804,0.059674542011283874,-0.07910661539575901,-0.15206984378145472,-0.0649794725106513,0.383224483463781,-0.08522469576632064,-0.029991258637186807,0.11358756584571268,-0.10333303838094571,-0.06271253824403267,0.0860089556667675,-0.06624451665935714,0.004684600559041688,-0.14355978730074578,-0.09370335081045855,-0.09359411227140366,0.10552725076252874,-0.03768594027732625
0.16401541600695188,0.14950592371096977,0.20875798988797684,-0.08323993676555072,0.09361760715992805,0.2400600523904716,0.05276562642841242,0.0332059852700594,-0.018666852730594853,-0.09026750675432194,0.25099075971952184,0.1979855230970704,0.40216301467533994,-0.08211159884858835,-0.03634810047437738,0.0035183334276398647,-0.15951596887841793,0.09775452327016217,0.12706489512840552,-0.0031563461203943325,0.06642174955226854,0.18716650418421338,-0.03698215981931034,-0.04700036894212604,-0.0354771602531348,-0.07163114238665286,-0.08570751314939934,-0.039752821154201756,-0.013003101285028585,-0.13293437122767726,0.12769018950028008,0.3121006560158513,0.1415218148305157,0.10172277843152241,0.04338321763456093,0.06703831941647595,-0.10220457000697002,0.13605894700721402,0.0009512382407476037,-0.1178365635924411,-0.05317606016511294,0.03317476722657246,0.33719039787295974,-0.09571745254851438,0.11593166171545163,-0.15117213387517667,0.026884865692928497,-0.036574781749184014,-0.15158685464020144,0.19947982883560936,-0.15475137273907347,0.003922515487415752,0.0229916759540563,-0.0678258994877851,0.3821035167255913,0.021306023516242483,-0.016941710010110154,-0.09059568295598996,0.2991130249660826,0.18676327782452468,0.06703831941647595,0.06703831941647595,0.3100558416836951,-0.032701943876520485,-0.06480037451205882,0.34666048456410703,0.24519897829216186,0.22669417796064859,0.11271646058735313,0.09562175966751645,0.2049916106537208,-0.07220292329334968,0.005155302661788988,0.0028861441757720486,0.06703831941647595,-0.2177928068667157,0.057376026346749584,0.05137162573434721,0.032768707386799274,-0.020699178662357563,0.009862000795826338,0.058350667158065,0.1011504391761866,0.09853471091226797,-0.009951323935884297,-0.009158281114062895,0.09228641313966264,0.07901946705289349,0.3237250560282724,-0.16099952165731324,-0.02975567788622303,-0.11110939378004742,-0.31643653889259415,-0.3734212243408046,0.03295174090879184,0.21721251547280376,-0.031326279387092905,-0.20761442371285982,-0.2245004671142434,-0.03652425094672975,0.07547002930670843,0.35151922130527113,0.08929352349517876,-0.10378641185907043,0.19020619088818733,0.0018182421357866606,-0.34640799540462525,-0.08186432658537018,-0.013936130066105328,-0.11930139663000441,0.2679672591408092,-0.08578842666339882,0.25685481535194915,0.13682999898315096,0.6508656667465009,0.44256909056863236,-0.07834663343066765,-0.015460611429511316,0.2647953092732377,0.001668650797475494,0.11980670126398794,0.27472752918048005,0.03584199202987847,0.13983530444086092,-0.20629537473163007,0.0537391226327112,-0.12567106506251285,-0.054041358930345784,0.018002715768821842,-0.1688542075238508,-0.127634406999451,-0.10328315878850164,-0.027926876957163563,-0.03208060153761479,0.11303851388210558,0.16740872207881874,-0.010882882773299017,0.11713186537092617,0.04063071065870169,0.028692726605519404,-0.0542236057402022,-0.016306091316752088,0.7708261021833412,0.5134340306953634,0.003503126835084465,0.2331534416014802,-0.1791714304916127,0.07880534164778999,0.09176664120882724,-0.0018482475239171574,0.42113098609073546,0.1703687380276336,0.06999590141719736,0.23727477573010242,0.06085825215856689,0.1602626777040958,0.09307083326887175,0.023508152271945058,0.06376552593430916,0.09570484035050708,0.09640297907910869,-0.20370916053860216,0.1273453808909525,0.0761766658476507,-0.1124418065046247,-0.0123824694302242,0.1467132243190092,-0.08665756572862661,-0.0397916251409997,-0.127634406999451,0.028926605030659223,0.10390152863201178
-0.06507936378178901,-0.01866147783009523,0.04607570831805561,-0.037730421470163145,0.0712259861361123,0.08955500643470332,0.40263148431902834,0.02887182899254668,0.1649375242450117,0.03279097680398409,0.27075964966353205,0.33411834594766526,0.24298695191809874,-0.11811294824649032,-0.044465993903656124,-0.12678920649750736,0.3272984727870881,0.16207103775600593,0.043692025689431174,0.053801074847909004,-0.0708998594365565,-0.07727798106170455,,-0.02197510124070576,-0.04284762667070638,0.01854365147929557,0.16944056410138605,0.1559214469510365,0.09521438159739014,-0.029730033490144095,-0.03900665940063447,0.06607286192773901,-0.02220417822853306,-0.09706979870375487,0.10264863077460208,-0.005195960239383105,-0.07175022957799393,-0.028672145088800477,0.10402166439642876,0.13771387902582802,-0.03937034999200696,-0.02170874568555638,0.22553884369318714,-0.04965930777172776,0.3351138487449194,0.045410182864290945,-0.16582085778252317,0.3922005508129522,-0.19893430052081057,-0.022355995134209446,0.08699362699838413,0.0147673558943857,-0.030338924027268115,0.15241419880325838,0.03011427223906176,0.20962541703575208,0.012320558374911826,0.1799442768724169,0.05560571608725497,0.46752996214929665,0.1667778782084477,0.29896532055513747,0.00783921257064354,0.082538901575922,-0.043659689671791915,0.18136321137912578,-2.776536686276997e-05,0.08465280538799574,-0.09925048099370798,0.14490412871166494,-0.2086752647269075,0.0701303158193232,0.09679133191158568,-0.08863701068623728,-0.006242742149539256,0.1713345140662559,-0.21392061731699852,0.020384952613215605,0.06708580636198051,0.42830300503717306,-0.08984769292353113,0.42829747939348156,0.2459887012909177,0.23095701905719557,-0.05336004360098788,-0.20423489400390263,0.0380779399203136,0.01718219034361993,0.05059900101741249,-0.09554230780190764,0.196383769578751,0.15509077508129732,-0.47946770306010844,-0.127634406999451,-0.1264253852761327,-0.23973891309735307,-0.16109433010174587,0.5692345387357782,0.04098273597898139,-0.05109335511457742,-0.13129435812311543,0.1929185640874907,0.11349754788282447,0.4002695014020344,-0.2245004671142434,-0.127634406999451,-0.03383536264725951,-0.20134582813645768,0.006459491287098141,-0.24474978547852255,-0.0797448090776067,-0.08797542333335444,0.4184043298996524,-0.13520129146800408,-0.11577492056217141,0.5125086846792043,-0.07717325491023197,0.6341412987824072,0.1045255723503717,-0.19864530009880502,0.04752462060522614,-0.011660891495285267,0.30150627186216905,-0.048625775645080624,0.01943205314281346,-0.13170594618854106,-0.019816391209862838,0.12692487565669203,0.05522943206613971,0.07924462701757036,0.10414947576264,-0.17634953652776944,-0.05805302556059476,0.016270925408043237,-0.15894991427173885,-0.1375970328070934,0.09696475646292117,-0.127634406999451,-0.21651482354094745,0.11621956907876385,-0.009151831986240158,0.17780854993456138,0.281283724743202,0.3933853466643236,0.0638202039988233,0.1425428364352307,0.013102518932721742,0.35767612655653114,0.17289521190052515,-0.04811206200503288,0.5774300164580721,0.008890636781438003,0.10222348306879635,0.22878144825886984,0.015096675221672731,0.15478122508386952,-0.14264356309411025,0.04450855027036534,-0.12224689705309746,0.1756714017625824,0.09009284063773552,0.05660505616289351,-0.17303764421877718,0.05436439407310558,-0.18186579641186942,-0.015544800000565701,-0.048973439267271844,0.08390486646866994,0.1019085157174388,0.04980034373080017,0.19732009327607405,0.17813189891572181
0.1825627254805304,0.15524742867609556,0.2209129849677359,0.14418026036980203,0.19325886042013207,0.12626147881103866,0.15876750101751613,0.0873978335754669,0.051348278030515,0.0022779167476316966,0.04200397324906304,0.017852794152602092,0.20976298556551726,0.036428865841705495,-0.014442353247287189,-0.12763339164180335,0.10417926316398096,0.2759503440619766,0.11142170478004233,0.07988132050181808,0.11171017046052391,0.2626342943829811,0.23480937267703872,0.10257510097146635,0.038421891013535825,0.13389517123090186,0.08249718434081503,0.044630875562363885,0.07120004553923773,-0.06409908443441838,-0.03541522420431247,0.08167322300297919,-0.0438987951980563,-0.01789970576935067,0.0239067537710304,-0.09273753513170942,-0.08149202735656176,0.2248855045612136,-0.17003279905048266,0.12630401440486907,0.13966525734289398,0.07447072579013007,-0.15529734292084307,-0.0661698218037101,0.1602566094765868,-0.10082765870243703,0.14830883220934013,0.13243287712104718,0.022884852542439937,0.030179889712958232,-0.04241546679638619,0.14481937318160862,-0.007308628295683096,-0.0015460976799272711,0.29240013976897555,0.021535118437144996,0.19397585187882155,0.27310291474930376,-0.07933507425049774,0.32679131507615305,0.11302017772296663,0.046794190348024005,0.13796261067812784,-0.01181093426745513,0.020019845792293038,0.21849396913870905,0.16651713323794845,0.2080855818556986,-0.09604881204694576,0.006228175615366495,-0.08637206882425613,-0.06184217657750562,-0.0616359853237136,-0.005412581661284514,0.06980040320875663,0.10786088558612407,-0.007910418309259799,-0.026877451021915924,-0.01910657788891913,-0.05201482979515999,-0.060406871221187514,0.05672199678757318,0.11045839278378929,0.2656115571093632,-0.034776682827236505,-0.04367205998983646,-0.0070273027427713835,0.06955862778868968,-0.01873663448277542,0.000607338115561673,0.06063459574786198,-0.046962709759811753,0.033763801227031105,0.04947849089005832,0.03725754730706847,-0.05228626675385191,-0.11155157031562327,0.006041714890282878,-0.027424051596062166,0.08408125085293071,-0.055086049716691156,-0.15746812431650778,-0.12611343068546696,-0.038008258284849133,0.03227403138940011,0.15276971780415188,0.11161187105739542,0.07294981087505036,0.04607684190986004,0.1067394693556956,0.09830461920745612,-0.10470506669086523,0.12194068165058285,0.00042688868216534255,0.4116638794189243,1.0203020768380082,0.09672501872216184,0.5856610595762908,0.2638950440536246,0.0006188492404169898,0.0024366047502374635,0.11606393423976809,0.11694677934026054,-0.0488228133773212,-0.012889432133845666,0.07948320601426627,0.026365404562537213,-0.11508887380650429,-0.012338992439800465,-0.08459715669971625,0.17333378519045045,-0.08222677116556883,0.13644597234643235,0.09539925886016253,-0.02656381526123028,-0.0123247626246968,-0.009492609606884988,-0.06399170408940842,0.0600031307297827,-0.01479579652414183,0.1155166096495326,-0.008542946771453053,0.14726772541446406,0.5459478820246758,0.20729740644807432,0.3983293806148305,-0.013660231754137364,-0.018430679865390612,-0.03643762564357595,-0.03307613823993405,0.3398965138255346,0.20249681768956707,-0.04683846970776364,0.07147093811338753,0.19938664754210736,0.05810401839416737,-0.04589254317685563,-0.1060083839295666,0.0749837339984745,0.08420399560655155,-0.02808930899651137,-0.08423690116203005,-0.01919795178688478,-0.006345930770741948,-0.036550384937586416,0.12056742998623528,0.05214207812395807,-0.005689019186110317,-0.10071648948633052,-0.043098706560875236,0.1435097605247729,-0.0019795116296715074
0.10432371228122284,-0.05597313508455585,0.08933065445607023,0.04290234176951467,0.0611938858900758,0.019328539038796735,0.23247274473275148,-0.011065952992689716,0.13640329937389956,0.07848385117330875,0.32360817569569805,0.18367591642848177,0.35869591608942075,-0.018200146362625357,-0.0035732043439835534,-0.10276895014831605,0.03527175357693836,0.2819475907295975,0.19597861059286376,0.41263117639964525,0.14601351402623378,0.1575181188163772,-0.011463236521461329,-0.1039768253554564,0.07672505077919999,-0.05420824496583868,-0.051481898648420926,-0.07462986800819028,0.044022233803670346,0.17322401359025819,0.2415919684212491,0.18096281620013857,-7.655775054620657e-05,-0.030207666044179838,0.1053510792933626,-0.017608296289353835,0.01245307658093919,-0.08049183007292873,-0.03081674732931147,-0.2290322051245842,0.1858464723641778,-0.10155834985195539,0.01604974935559397,-0.09427804113981826,0.2270910928583916,0.13341236395421596,0.11456248476305111,0.08289247275066335,-0.15769211501436203,0.05585084395582839,-0.05948470103042538,0.24833844434609656,0.08614752353788464,0.10432628329256191,0.007429442729749657,-0.03555268060850592,-0.04922943115753348,0.0847279161260016,0.24247004106636025,0.3229050724536428,0.2516529880923379,0.2743610387365786,0.1671662162006492,0.04602032392776094,-0.09858905352508125,-0.010955155761787273,-0.037984229746958746,0.03185586842698975,0.04379356512227143,-0.019176698245594155,-0.03965005820630836,-0.009727384363777212,-0.0411555833354434,0.051124370282986685,0.1840747911532158,0.01789515823793751,0.07285472077819961,-0.13626617492420268,0.12587146645160566,0.2558581047620415,-0.07585972254247784,0.30214276435052195,0.0890205079219156,-0.08690818887989073,-0.011351130119740538,-0.04919215456445727,-0.005353090049346409,0.14657761679905534,-0.0009308316689624516,0.0034645396028421815,0.06773781480788682,-0.042792035925495256,0.015096675221672731,0.18504371783915693,-0.07285281809669061,0.3711141672814304,0.10353149560455846,-0.11126607193142217,0.03796342812398371,0.0268338821117196,0.10644176770870446,0.03384369424674459,0.09341507810698078,-0.08481970962366862,-0.2878199454753352,0.04420130535438839,-0.19851629729905096,0.19237239659032238,0.14668253791125668,-0.1096352261768313,-0.21783268114567522,0.08287342409907059,0.0707420929075554,0.23304643929244584,0.3602124293867487,0.6631004292005488,-0.01700187423538927,0.4969932296483413,0.45703579294149355,0.09886132579687715,0.01679672906701405,-0.035323440614278466,-0.1372872366114385,-0.056893249699044815,0.15233327395499469,-0.040161776345265826,0.06451641166859368,0.2945738473751814,-0.07825173403228414,0.15750126522616487,0.02327421701771836,-0.2727548474655774,-0.05725409405497259,0.028899226717176752,-0.08797542333335444,0.05975741481213981,0.0007766974595227055,-0.023094416734651256,-0.10766746101753165,0.06577958273019975,0.060274628698882324,0.1269348770583288,0.43918007479479043,0.4459986283623393,0.2617639526950243,0.3175745678216518,0.12098201595439834,0.08561281054360403,0.13586813045204044,-0.02816018366436797,0.20013778493385265,0.13831677697268974,0.16822868411251188,0.11282622205991079,0.06268351315645472,-0.027190897306121856,-0.09176693887952006,0.07197895285723592,0.13730174124041167,0.016770849629289673,0.04961267216687634,-0.08335998150998432,0.3021853859335848,0.04331086782110792,0.22134326285907885,0.11434237847540644,0.15203517111517104,0.07968905075641618,-0.22864892437195217,-0.19676514832613878,-0.09423918439788569,-0.009955091281754687
0.11883913305686121,-0.1410358960440551,-0.12294995904145765,-0.001727571988311926,0.08531062948416242,-0.0023705525998220242,-0.06323182319686203,-0.013820601974223449,0.18547369693892618,0.2430475978391096,0.16958602135493794,0.15617952410403177,0.08339773010102071,0.0068143097013117285,-0.11048593812767174,-0.058771210009873794,0.05935434828917345,0.13796156767178602,0.22792638474013166,-0.13205242642911016,0.06590235187376395,-0.11107620445695175,0.07322202885032084,0.11643234644319894,0.18779576155703223,0.09578786671250143,0.10434309991392238,0.23140075982133743,0.13538760058512428,0.04792347497626109,0.11762643082539036,0.07142100961960217,0.3480722775240313,-0.03713363076922451,-0.14234058017961854,-0.038978287557949604,-0.12315451863810059,-0.016347778317948786,0.014625375471175846,-0.19825027879732396,0.06692760603954268,0.01604974935559397,0.0056069710224383685,-0.10264357353558852,0.001189602444016295,0.42170221942521213,0.0843689904490025,0.0847551697686133,-0.03865088500479243,0.18918343312244967,0.07759118444324839,0.019691346710539417,0.10701980447884468,-0.0005176169859501015,0.143427168948757,-0.0825722176691027,0.017515672952714535,0.1862700697864018,-0.1595902868613944,0.3193834452490724,0.18796755392991865,-0.14776039118469372,-0.030892786032224843,-0.05598810535564684,0.11799172535353147,-0.02033095654972426,0.16709334519820337,0.012064738588737668,-0.08036937302730125,0.008977786218464068,-0.04610244585823006,0.007996167711351043,0.28320255668186445,0.1794622235919543,-0.13571840597066784,0.09545481826306221,0.07184314395665467,0.38655769642881227,-0.05343232376906817,0.034903114628507995,0.06263416152255392,0.3819983930761208,0.021136065829088533,0.10427338089308248,-0.15999490970915636,-0.24681543670689549,-0.1315726061411308,0.35557604373096025,0.11862624509973244,0.19690155725179617,-0.2054001377902487,0.18492437983040186,-0.3291671584533684,-0.24242854410634268,-0.09059576487030649,0.25382728963870244,0.015693134569437682,0.15183885178117704,0.03584199202987847,-0.20061015283999487,-0.13414112518777574,-0.06368673407521543,0.38620735023304514,0.35318630915638455,-0.0888891611754508,0.018629376689885103,-0.048819302305011386,-0.019486711866433647,-0.06777155867882238,0.18351510825464534,-0.02135519493535457,-0.14319483454013737,0.03460634958565626,0.19246124722950517,0.44060308666177894,0.5431426740798838,0.06626765831433407,0.6594450734576213,-0.10653701356629246,-0.19602896396470648,-0.20738212829959127,0.13476529091701087,0.02729479046939259,-0.007916147162266705,-0.22841122174027814,-0.0014153977129605854,-0.004731039535648718,-0.10498976248335731,-0.03357262878962558,0.12227980170044439,-0.02371988005227607,0.20059211077532757,0.10715210787876596,0.1063938062408599,0.19329541044823484,0.07475403027248571,0.27473804995687734,-0.018799933227522027,0.021300195585288846,-0.14700338643162428,-0.06314115655129718,-0.20592219097321027,0.3441362207446698,0.3307253459527706,-0.05944201887135751,0.06199315078564601,-0.12073903590009766,0.4676363726820745,-0.09175999686114632,0.24794090226239293,0.01688600503489399,0.09747162049913016,0.008890636781438003,0.7700409482747074,0.046800462289661365,0.24615203832530572,0.3496526725103745,-0.01010467466412499,-0.04441528550278708,0.04812899304970085,0.1165369463353204,-0.10075033363517442,-0.04117882758631765,0.1707644045692589,-0.18305726539742828,-0.0004199708393277762,-0.03884688939306653,0.05797113906748175,-0.06136061202915103,0.029724839361746223,-0.1474467205156546,-0.07665630075210335
-0.10264357353558852,-0.23690599171511462,0.2073695073982418,-0.016251154187596827,0.09590046201333638,-0.07219065269763632,0.11910905100812125,0.08356236292438557,-0.00188119898989217,0.25560268995509583,0.21305837434778813,0.35705893458979265,0.3335013480772412,0.02181443182402001,0.06703831941647595,0.011319232588037362,0.017499062940962474,0.08186378795275778,-0.22988205339599233,-0.13923920407803436,0.02493446163673386,0.09044194906518854,0.23728149028757312,0.1382812420696964,0.010125517931776861,-0.2305507472206843,-0.09134010377747913,0.3795202957800097,0.026013120059921766,0.02235933998962346,-0.03261487940458335,-0.10163559415614835,0.07624619123392783,-0.06636040158292636,0.2288480539450014,-0.09743730233265464,-0.06704215095114786,0.020736958875801518,0.0010625251515535108,,0.06703831941647595,-0.06782514097932088,-0.09670919915526673,-0.0005852989931755513,-0.08490578874983981,0.3794212237992603,0.042260177810053215,0.12077777619360336,0.229460429204508,-0.03665817681388622,0.012132264746971242,0.30382559760379835,-0.13357874566806682,-0.167340794253661,0.07618272261635294,0.2706592352191867,-0.1178365635924411,0.3407840670449175,-0.005413587125518922,0.2787600376435511,0.1304507091384647,0.17780748023281093,0.12623164729312672,0.016821490850292952,0.06594720880702565,0.09069015758030796,-0.11308467481950803,-0.04806342696914667,0.059170882487832435,0.2594714121722626,0.17110543707842854,0.05772968613272798,-0.13831347550059936,-0.1059970497144316,0.18456152077972973,-0.016228539619068547,0.15700046151281086,-0.17418366614894845,-0.018841341435886484,-0.030428498288203695,-0.05424305842541979,0.0045176897573111765,0.014994348113540126,-0.36002189707259535,0.2054340325979893,-0.12054546751984409,0.07938141054481174,-0.01524890932371446,0.3997984763714861,-0.3650103170253534,0.42376843185905366,-0.1304520986572296,0.17974851413429954,0.20913576835577727,0.19219739827705334,-0.11634690800950535,-0.16590488482914245,-0.01669474422778051,-0.2522602553757192,-0.07685050176960512,0.010438741523149848,0.0008806370152725838,0.015096675221672731,-0.14329826325794587,-0.13017564312356933,0.20310898408205394,0.0010680377092308726,0.10740160582549811,0.16183511838145812,-0.11303778519441973,-0.16246242991727264,-0.015147245014917368,-0.26650588667444985,-0.05670528978105212,-0.08262342086461112,0.16047880126775613,-0.14406264993849943,0.32048390988051556,-0.2068105065810382,0.22679799257385652,0.10486356059490469,0.013522239219955458,0.21526675277457705,-0.10302883376330978,-0.07473350883458649,0.02176018498494,0.12354356516821527,0.06454911745354827,-0.029723351447241024,-0.08166340223540028,0.03869476213696338,-0.04945206363809411,0.013210595814554861,-0.03163728204606695,0.37444670697305704,0.042095552155565735,0.027827235400442397,0.004628400271868366,0.3539132641139209,0.25614016532759293,-0.09006033518466437,-0.18662775919280483,0.24847432327831395,0.5179080625982844,0.044591581055924374,0.015096675221672731,0.1057566968962304,0.06944501257823721,0.004246257104016514,0.039103407259245,0.4094035616888557,-0.17631666892188874,-0.1349659106907305,0.3376714530980361,0.29408974331485266,0.1406588197787391,0.2563623506529821,-0.07980522936454901,-0.031522615415111595,0.17352863270557745,-0.1631105767741496,0.13863275963343794,0.1136797021681313,0.07317907174840535,-0.09185393337378463,0.08375081087809957,-0.04569675577065617,0.015096675221672731,-0.06920247584183783,-0.0723115670748595,0.06545550020275909,0.11808364445007212
0.0780578962907076,0.019001186255121864,0.20265108721469438,0.003962318309520156,0.07551820524638347,0.12095261273561039,0.03548519738894915,-0.042512108875042025,0.10287134739445417,-0.007006273029205719,0.28206321647606936,0.34017931009332486,0.3196058518691534,-0.04688888977907309,0.036104827783415255,0.033955696824650536,0.11261464891345313,0.048064663130816934,0.11326214538234847,-0.037584656208985184,0.11069467855685608,0.03629599215177291,-0.01714424104921868,-0.03851492715053203,0.03793218199024304,0.0985666537090533,0.03143313273346632,-0.08394153647356309,0.07928797400706619,0.04255184815273361,0.17407080606637573,0.133081087030898,0.04682238469429467,-0.08314781844483422,0.11729090209490847,-0.11117363441893996,-0.027127097788572693,0.13420025477414713,-0.022490143460781663,-0.12277293585479436,0.16905203346388029,-0.014497746782304555,-0.08408686995049885,0.08714471165738827,-0.0006590969701425045,0.10982720038817198,0.005270367027272149,-0.07908360136704132,0.03546650941267246,-0.058744750015291565,0.07670390946591696,-0.013875086152032142,0.05255139486275658,-0.002077430543421798,-0.018495554772073732,-0.08621867549997407,0.3460835731688242,0.0459785685799509,0.07477084666262268,0.2792776073574042,0.11763014625807813,0.06878269471837366,0.020975589830885502,-0.10490832717055522,-0.03575442780807231,0.009610950076142854,-0.03176324067156561,-0.006261832883441342,-0.044556433589294224,0.12983794994784378,0.024658084090867508,0.06145295366453925,0.07235974436436271,0.10616302954486621,0.052657587685548964,0.2226699666149851,0.06153653579777165,-0.0036818552564104865,-0.019161519998638053,-0.05215007042156228,0.02389551317499798,0.3416190422250629,-0.01163323763567176,-0.019828010092511297,0.05367842945409558,0.052525340911734344,-0.23472913454187955,0.07568046646064022,-0.005174620799934958,0.0371683804648669,0.1564435732598886,0.06189418136609939,0.13845629447839733,-0.12301730044621259,-0.004039073712828017,0.03270177600910708,0.0807890135886905,0.015048294694781143,-0.025990168247906873,-0.07278029680784283,0.009414184155160937,-0.0019727656274394316,0.050905876064348196,8.2743487416989e-05,0.017398851889924863,-0.03420221799643919,0.002334661769627369,0.13473289897195842,0.04080073577815248,-0.0431045002569398,0.09338471825377004,0.12201515312213985,0.027422747040741345,0.10597257541988865,0.5184482745899696,0.6382514451859641,0.0015097148368191813,0.4650196568008143,0.06881109549187156,0.08834449473900788,-0.0793126776015818,0.07240094859882333,-0.0023800850664069265,0.03237408344004754,-0.060937343603051065,-0.07584749961120216,0.06576463323269297,0.06206576767279447,-0.07507099699797236,-0.020525574951363368,-0.024941325804670084,0.014457884516262232,-0.010961254905579039,0.06913490480860049,-0.0021276459876219504,0.1286945403265544,-0.05953824692589551,0.02136164392721499,-0.015350850613990353,-0.018917314753483225,-0.05161386906131091,0.09911356750973409,0.34249580270538865,0.5196832432025527,0.11718515892364957,0.06065745916881244,0.08372070591056177,0.3440376608390224,0.011513348241717597,0.06160511164744136,0.1676347630485119,-0.07039879287012456,0.09980994565314928,0.33143954988517094,0.37112356671830926,0.13239706628515363,-0.0018035446975732791,-0.027863287935083206,-0.012528919181475494,0.10728691408511323,0.10056700539560631,0.08660406926811583,-0.14366975013987998,-0.03339700118432435,-0.0808968234003352,0.10241507056722281,-0.0022486703023237866,0.047116181033903096,0.15963854139073946,0.03586897822480765,-0.001273058571643267,0.04863058429764826
-0.13457405812685663,-0.16525935746080161,0.09841077710275443,0.11435924079715,-0.16119119056031145,0.13845948164385774,0.18476151226773346,-0.07550981633588212,-0.13070628664043726,-0.2590871734233448,0.41854639182422665,0.30651152081456984,0.017511320462924362,0.018825824295550807,-0.16604329115301972,-0.03345745969704342,0.08713488328818542,-0.1178365635924411,-0.02352217044203408,0.09419228045671203,-0.00020966531909995424,-0.11918851111643132,0.017958007898375025,-0.0012943121525259276,0.0785717363646714,-0.18677429678473326,-0.014029863738696528,-0.11317014910113135,-0.20079005512654774,0.09368120514993421,0.20053077094191485,0.12668435255577049,0.21120531984259225,-0.11315099425783588,0.0756316714996101,-0.09416774151925078,-0.01688054396618471,-0.000723353507539958,0.204601140457091,0.39022577238492134,0.06800308637753967,-0.011086984315970225,-0.1513969900176821,-0.1914912143777373,-0.04469689645518889,0.036001386017962135,-0.04614401652031664,0.22973155296615702,0.1345854973969581,0.15072922757034932,0.06379661429216306,0.02333527738597802,-0.017344578848723268,-0.07707435825861234,0.01389845911234645,-0.000625145430709324,0.21522811684688928,0.1896007254958172,0.01388888973374374,0.2281800941739243,-0.03533931290606049,0.07478072606438735,0.3825170544758639,0.001053614299798177,0.09773877212267526,0.06703831941647595,0.12089750690628112,-0.032480580491005204,0.07552014381439083,-0.011921876130383272,0.06703831941647595,-0.05731874937061897,-0.07092852905000159,0.036067296279998,-0.12495068888082361,0.22606912962292633,-0.033901302954903505,0.016607685992166776,0.044454467713336984,-0.22831738774986415,-0.18609236807922463,-0.23966048938949236,0.228536477576418,-0.057049487509704656,0.06496590648992943,0.06259854704831053,0.2983689672822643,0.045851757973627234,-0.0021500962112568803,0.01811620533414782,0.2699249231428053,0.05995599551458551,0.22866006436003267,-0.18667786144543475,-0.04086910506261918,-0.39779424344014225,0.2610507457491976,0.4426544389088579,0.1681842219193695,-0.19261114551281835,-0.17805550371005013,-0.010428936347815509,0.3048149672199392,0.24091576643789742,0.2710636106686625,0.008265358629274097,-0.17376316887293866,0.19475027498749917,0.0364222303057744,0.015096675221672731,0.13061276107606787,0.3595608498611813,0.2573675501186629,-0.07215931195665234,0.34897622075465495,0.48757203997742143,0.08730892905217354,0.45187067869685094,-0.13746611826882765,-0.052781139040316255,-0.13909805675887457,0.1562900009193582,0.046721446838307056,0.3589711213916287,0.20186451788820786,0.0715357464248646,-0.23857406977112142,-0.0544857619057429,0.301992265001403,0.06867617774592907,-0.127634406999451,-0.05491297133692972,-0.1383541778493372,0.11678427989426714,-0.023201462416105382,0.00677294308280163,-0.045831467590087695,0.04254673624245563,-0.04958397830704015,-0.034860540095419154,0.1070612788776007,-0.06425800831226999,0.14406070010934965,0.549114149441678,0.044533867928046984,0.09048932250654095,0.08051117681531811,0.01968628021714315,-0.19119540563890086,0.13024063956729237,0.30724696100773463,-0.07370582243422996,0.22681416083815953,-0.0917801213083434,0.2536514548275705,0.062464318548156296,0.28044089029016517,0.1415527832633355,0.17025540507867473,0.18950388470269852,0.19098676195450096,0.16084030967883842,0.15919403414393335,-0.14789388152184926,-0.042183412532003355,-0.09566428287593767,-0.14950652239356263,0.0996456001482462,0.015096675221672731,0.12429599495211521,-0.02092637140798702,0.022206693720545716
-0.10355278670560518,0.32650980958768405,0.33818497098690875,0.164786794259062,0.21011265137732965,0.19777297827871718,-0.02776231125347553,-0.09962036758726392,-0.25777715506489124,0.09023193167244883,0.23474355503651403,0.28373049325277044,0.3751175265561154,-0.2675879669256165,0.19121130229928546,0.13989925505697126,-0.059714389689925935,0.21036865322136733,0.14993793768229788,-0.17377419681416267,-0.005662213366975001,0.16850926518116938,0.157502249306833,0.0022441342297917725,0.07164858339149013,0.011061968107613738,0.4523805574878735,0.005771136254377508,0.025308943429369374,0.04801336341074969,0.08680655663002754,0.09611111327744629,-0.058951621515178076,0.053801074847909004,0.17866237245109023,0.20587047317058865,-0.05799225786323526,-0.09063918391357141,0.06741190863575694,0.186309805065197,0.11462770520385296,0.1408429665290509,-0.015581441677954687,-0.1594271370347638,0.090144847661687,0.009718693929454571,-0.07155071830975152,0.1645373593900068,-0.06088188459747208,0.23330359625832045,0.24059536050105848,0.22414231691590128,0.011108326702725215,0.04588624369955182,0.27785957576989845,-0.0033315737175420397,-0.1102390162588826,0.11948545140889333,0.1417678066621894,0.15260053410784086,-0.04616531889144832,0.2570211621928627,0.301183041086784,0.14620175529984009,-0.14119811898232004,0.011108326702725215,0.2258159139128417,0.1623661854633026,-0.13290763580511392,0.02511309485489417,0.08876377813279601,0.062379416525279834,0.15425383372453566,0.2106773568760566,-0.15967602627316452,-0.05770283619272858,0.054475902889469206,0.013113765731944057,0.02770131199044059,0.06437201159516123,0.05321246785431699,-0.029268512831607696,0.03773186895481355,-0.11156802566232125,0.05484896627630549,-0.20930786661941708,-0.018221555435992215,-0.15030628919459024,0.43255620007940826,-0.028763249239088393,0.12652967351252273,-0.006076813462151926,-0.14554885440227602,0.535010499289295,0.085386245358573,0.04746659542832878,0.34890825776239215,0.3410132470490856,-0.0694361252774696,-0.02751632056090622,-0.051775918826822094,0.06582069783961986,-0.009668703070124131,-0.03960917475009405,-0.10999059527385814,0.10760169980388336,0.07232741602794472,0.2405446146151641,-0.03638971598005824,0.020688310193721207,0.051160725580376334,0.1451028963427348,0.054369904865786245,0.05223476855860905,-0.12443521724931646,0.640069362496734,0.18274994359560368,0.4548698566201386,-0.06853768457971574,-0.17631666892188874,-0.1821179621663988,0.02813657137826507,-0.06112332002024662,-0.048973439267271844,-0.11483620368194059,0.1270298031078927,-0.17021498980391558,0.23219642870008253,-0.05795296309717523,-0.08412724215456278,-0.24076992099673997,0.06759754728318473,0.0686519281149665,0.1477952819022336,0.06479053286813907,0.004288576237884629,-0.12900038123867286,0.07498047445122527,0.09043502785029359,0.08101329833444613,-0.035693657461006535,-0.24022058741968652,0.41980294979484717,0.3870661767719517,0.48572470111852417,0.23115515551971205,0.19351539530108508,0.12624282511677487,0.059288504752889694,-0.1093611611527495,0.021162321214354907,-0.029618765064081287,0.11599968257700452,0.03605957665016597,0.29781561927247263,0.017814163240818585,-0.02300518599657034,-0.07598732115201345,0.1865841295252154,-0.0006847626476004427,0.10177189076600941,-0.29599545333738037,0.02109168860488222,-0.10355230756807303,0.07266012846143838,-0.10882833162674088,-0.0005615540881046007,0.06751490838519282,0.5148538832499511,-0.2843278850998913,-0.04367205998983646,0.24374889850245973
-0.06836555050772637,0.007454431123487849,0.22813410944313725,0.059201703614994404,0.16007477603434891,-0.052629235544179,0.10622240567888223,0.14979982802009043,0.02007594592803858,0.06861441666496196,0.25364761799780006,0.27462242457866415,0.28978425347575437,0.024326434214192675,-0.02450680155415077,-0.005746915625370173,0.013961276725251735,-0.040282097098540456,0.1685664100241697,-0.10067723043950769,0.03445619316122154,-0.031871033776233175,-0.035874294096073865,-0.007066250626358799,0.0881775584625303,-0.08158230452982253,-0.034193987378932506,0.062022484341190356,-0.09882616590214213,0.08179463258729831,0.19896586320259285,0.1456311187315458,0.10501628188244486,0.005280575603460028,0.06308875048662974,-0.05605293660048115,-0.04732056530422421,-0.12346730773910557,-0.09587377262477748,-0.049788734828787914,0.15516209800028155,0.0496289826665584,0.22830883443822594,0.20627118512516676,0.12776709872172157,0.08010383010290678,0.08719211716976379,0.05343499503105681,-0.042001522142691025,0.19822894145817924,0.08673347807771752,0.22208390942977216,0.19603181019286,-0.009496754343534676,0.10533217832689348,0.0365366946453359,0.003813148062517521,0.22233741719270722,0.24585430970828281,0.21485509020916413,0.2000608712501516,-0.01827440403925359,0.19816744170414682,0.292306282190175,0.09706578312659017,0.20704286118755935,0.2659532318113036,0.0662735580003214,-0.012442460084404828,0.02976722921580509,0.07833247593983923,0.027354351150606384,0.03723418359369404,0.05050870684973633,-0.020790444212388896,0.08492810182302055,-0.008388369107758252,0.0356264709511678,0.07921939313223356,-0.05204319832568587,-0.1982382736502161,0.0549706175675306,0.3560017268816303,0.05112059231690697,0.05470394349986555,0.04798398780054573,-0.08548826304272476,-0.009020765737201404,-0.06823688250657665,0.020014441927368308,0.08526238238119203,-0.081068890931675,-0.11880840426401039,0.07219858226720488,0.11132402051153532,0.10296892365443665,0.015506045080980437,0.08402059155947468,-0.017986674000066923,-0.030147947961585254,-0.019120997017934745,0.03267469199985859,-0.028204461772310636,0.023439899643048847,0.07919249155632664,0.06778137677495562,0.04543853925677,0.09800098955349854,-0.04293518230282232,-0.0630116843982135,-0.021081990032924984,0.01914891084917665,0.0653550085870063,-0.060923828921643185,-0.042252052022564615,-0.003701116071728011,0.5639089613293817,0.32870752090276545,0.2970358683780994,0.15200888067705426,0.09839735067559305,-0.08268417395781803,0.06732430660345334,0.028461115810917165,-0.01804161585416009,-0.10950263806478777,-0.1559066213002303,0.023613413663063194,0.041044975582216814,0.1259264484927741,-0.008972947021490223,0.11538050853981287,-0.014263542250675115,0.07213772561458738,-0.06911365463862583,-0.10500706891988262,-0.010962545489148667,0.05462136718859865,0.08677454462398661,-0.06729689393373,-0.04345000962421648,0.04539552409585579,0.3664959824388459,0.017001679159583713,0.4606311833980823,0.44162832166999716,0.5005635913711819,-0.01889617568244587,0.36568017146511544,0.22595388418745965,0.21741954930026752,-0.11541242968888561,0.020488406432570157,0.42236841226907645,0.2195221094689462,0.3152323481134679,0.10704766952250198,0.016403527936509482,-0.07825940040022149,0.11974565836721549,-0.05720845416473784,0.0006122138051859619,0.04661572949852335,0.09496856783882143,-0.04366990550617879,0.024236206708541205,-0.01131469848316546,-0.01824510640689358,0.0318375729580993,0.1423045274637466,0.019301307795112778,0.006663189703634019
-0.06961561485052536,-0.15419357798104213,0.2473855509785033,0.1139127116233251,0.004872850070693245,0.092986668520102,0.3946937562015954,0.0706349956103082,-0.12468131185148106,0.06937746359532328,0.27020029026177417,0.2679411380398964,0.24541389663293933,-0.07333917420791135,-0.08335357107455248,-0.007217861432345163,0.048891295480509564,0.21843862679162634,0.13197877405611746,-0.022892398052205765,0.06703831941647595,0.2019222218277577,0.04611196825014462,0.06703831941647595,0.10827222871214452,-0.041210123764869606,-0.015867685172126143,0.31449512859184064,0.0965804706294087,0.08715205099479273,-0.006899061434185311,0.08465280538799574,0.2338432758731732,0.009718693929454571,0.18219949266247068,0.12986110994963418,-0.15456320087829425,-0.1415224126473242,-0.04192492849658011,-0.11044676967342726,-0.18007421247919395,-0.01819061221350091,-0.04578115317576494,-0.04021156636544361,-0.13038230363501319,-0.13754755934813598,0.02894469999499253,0.08484013419085053,-0.15088802450687633,0.08105970825048994,0.14395029264968642,0.28683590253076796,0.03109740403803044,-0.08154656701525025,0.040855371042287876,0.03404368994126652,-0.02392856262645196,0.1886041193742915,0.1784431045005805,0.06584490941449478,0.038451015046008,0.04517134624205047,0.3143075689982984,-0.13963778192408555,-0.13358776085810314,-0.008623803226692392,-0.10120931221718134,0.17971869823300626,0.06703831941647595,0.02945506008178793,-0.0940459847470248,-0.03129783681711592,0.07626197307841978,-0.0034141628659473157,-0.049360115673629586,0.018891226557853746,0.026923620235072415,0.010156480045956588,0.0029560646395834366,-0.03630915379415077,0.03240985555624723,-0.05789028432843793,0.026840276463703676,0.06625832004843196,0.12514116767611771,0.1057566968962304,-0.03570587898630854,0.0549169876409256,-0.16249781557104673,-0.20276956044024613,-0.04382807424496888,0.14654294036369508,0.004489107592854648,0.00818988275498635,0.14717397274676297,-0.20344910090939497,-0.05998408314970338,-0.22004063783233138,0.1416534940687628,-0.1997406447694069,-0.11168913644277154,-0.09851769259596625,0.1213171244369169,0.06800543611341346,0.018985548398913425,0.01512622587811559,-0.016891983561634873,0.03120968716510926,-0.06345020860436426,-0.013254129274228525,-0.18072442723456322,-0.057535957414663115,0.01814437854992616,0.2641732541694147,0.0762483158486492,0.46348854145582147,-0.03832629157734326,0.41406634940813986,0.09366209077973679,0.06582069783961986,0.2971064855579532,-0.15393761539101444,-0.025536710186136694,0.18628829270736072,0.023315440351288175,-0.26107880542846473,0.3510012938295566,0.015096675221672731,-0.0221257037113487,0.015096675221672731,0.025610279295729534,-0.05611707089159044,-0.15399658941484118,-0.054748247059326946,-0.11342916815958438,0.04998549549418585,0.30343375591853283,-0.02104941062305106,0.11199228599290803,0.17604698706441183,0.1712583348150527,0.017534831627393048,0.474570676033278,0.3884035903010009,-0.003112256645139121,0.3643653504212893,0.021892722750153706,-0.10155333444841497,0.015096675221672731,-0.23338245177165293,0.34567107790865076,-0.03682475044277664,0.014479349116914324,0.5319603037803748,0.25299621430345287,0.0522702349689269,0.09460400640020054,-0.03356632125085936,0.06221956745328229,-0.04571288608219613,0.3501461026600874,0.09000989638600981,-0.36904284651872965,-0.17130583772142763,-0.13896857111152477,-0.01719043576959799,-0.0951144650655912,-0.10734987753790586,-0.0224832704875583,0.016813642053338854,0.11816328623422027,0.14301914241558705
0.0054367708862996765,-0.025271977110368455,0.24511531103779852,-0.057392877430870216,-0.012609115277209941,-0.05909182774209027,-0.12745512724836008,0.0955803511278759,-0.019921897574855685,0.14251334819876615,0.3419440344773483,0.3088386989730035,0.19086398405492494,-0.010102995366600968,0.04302084361991281,-0.06566761944737046,0.03485062727285359,0.07034308501946944,-0.07395322830537428,0.058078403169629464,0.0006720878824351338,0.42293721521395605,0.03301745718634245,-0.08231166132068624,0.03621921096908822,0.1043017067584542,-0.08031232315054251,0.15097665047000863,0.06256139484839741,0.041226437686205805,-0.044819245578311226,-0.031123310535818936,0.16703674089049667,-0.012611916144904523,0.045758446025907215,-0.026914652067782492,0.015828575825042903,0.19444664961770883,-0.0629428467153098,0.06802241075218032,0.15874068277401207,0.1681514129244787,0.07379319976643788,0.010845850739168035,0.09425999438422185,0.03229990263524281,-0.003984370889234464,0.0980552120757613,-0.10936331159184369,-0.026209870130617992,0.14699809374619371,0.05465336824659059,-0.024446579525076013,0.06435280588363336,0.09121893136531216,0.02023703943296367,0.08146747561531979,0.3493652678279802,0.14600805766347244,0.31010662429340885,0.2049401858366769,0.3004873810232355,0.26551677791038497,-0.020111061502013635,0.09063288702883625,0.08622923117607782,0.10083327538416162,0.04591012656774441,0.01282842753387986,-0.0877195510297934,0.07755333768685932,0.02738081682584944,0.051387781508109895,0.17843494727667247,0.05501174359356788,-0.05441976349473472,0.08018543562050576,0.04036812464018398,-0.09929187065411603,0.08749758002242176,-0.07915991278998813,-0.11077706325297207,0.09067089759691538,0.04219734209734519,-0.10642938227676524,-0.05498320193674588,0.12182773021947597,-0.01391152970649909,0.14112733934593225,-0.06897919204105886,0.3601497782207817,0.03522264016188279,0.07121596614409972,0.04611411826513215,0.02444920153544756,-0.03845129144202201,-0.10055343784191573,-0.02247204031610304,-0.021011416351331316,0.23574369291928468,0.13901841624245176,-0.05840365859081964,0.06692520722099558,-0.10777714122253712,-0.02736743283381808,-0.014131908963843932,0.15691956148368186,0.09505946195712993,-0.0946545709624449,0.10409868818935106,-0.022040503309602163,-0.013401232810328921,0.0918021653658104,0.15448968006388356,0.04465176628077581,0.5608618096132779,-0.003052571323677422,0.4303375744238117,0.147612732891835,-0.028607272418399464,0.20676187777000785,0.08532363060328561,-0.07919895849692786,0.07383339226849384,-2.405233650631408e-05,-0.041409970301274274,0.01656925851318868,-0.05945724110373673,0.09540929626947746,-0.08009004046107532,-0.014166056669150528,-0.025389736504245135,0.0029637062706245544,-0.03569784664154727,-0.054191901212355155,-0.2043047227233734,-0.11043848512533719,0.03319882384181018,0.015628983884135503,0.18019782550940852,0.07209786983414206,0.0420175454261212,0.4130032107482454,0.414358048023102,-0.08243340823732426,-0.009813074637724272,-0.10427433050979178,0.13091499171076937,0.015233616263665688,0.03340516090318842,0.4865201197724062,-0.056419595105043026,-0.004146599691091281,-0.060026841323790485,-0.08704262400381681,0.019728360321151158,-0.005456725728117132,0.004580993376985882,0.2250234258177679,-0.0005266025825626468,-0.05640351147435136,-0.025855148208015512,0.0018195409619338508,0.02496805584224717,0.10532447206243732,-0.08430871849980395,0.04271307516046957,-0.09402587592368895,0.1923461470167614,0.05722699408126089,-0.07717686486341478,-0.03176165180677485
0.027993268283124075,0.08885773083466088,0.0812288354026125,0.16821142705156544,0.06459180754078647,-0.0013263413571809218,0.09190734271444027,0.19463848720650076,0.1465597252498338,0.07635052301245232,0.20382072432433915,0.26670447632589794,0.13056255794191032,0.02769220623695155,0.15997712008724277,0.0450300561727674,-0.09617750972865279,0.06715285981126577,0.12201236216552887,0.18903824361022467,0.021963407245930835,0.16685225660663008,0.08470610310762368,0.07063534038926957,-0.012577082205173435,0.01827194282711049,-0.020890174203863226,0.0374842014987493,0.0922571590931441,0.0966052911261043,-0.048368360708654974,0.04965764160136172,0.09144520116403841,0.2559845602915269,-0.0009451733917819359,0.08303179540375683,-0.0005466730990011425,0.018972208634427428,0.04864201656502568,-0.062191277724821886,-0.015477072306181651,-0.023552294679982787,0.04365570625512865,0.1273492771022703,0.012824388353626268,0.11278178487721358,0.07951155358633435,0.047375571264410755,-0.003321755915021522,0.014314544196424209,0.08606959588133396,0.21807350038353965,0.03461321864300934,0.07483346957516461,0.12392366636853519,0.0246255266935473,0.015054964558933634,0.22453969304589777,0.07091543597884792,0.3039159220504133,0.09575455753547317,-0.014329440697512694,0.2818996131821346,-0.004537465746974977,-0.09708556189253384,0.051745528213154056,0.21623475411707407,-0.09747979703561048,-0.013272186011080973,-0.006904227215679579,0.0009093512695217169,-0.10056545761391114,0.026881324591038223,-0.04625734776470648,-0.03743169024213344,-0.024109720672286433,0.04090611460446069,-0.015399387114923932,-0.019669765318783606,-0.05781744687526235,0.04147115797857815,-0.025329800880161804,0.15683016777189326,0.028481960232930887,-0.02716627334203661,0.1843464854991974,0.04695580081150903,-0.006429924649956743,0.024830044013799756,-0.2110114709716436,0.08313853724081051,0.15540137559352818,0.060300698301823934,-0.14701499758558065,0.180053283365136,0.10856508570283997,0.15465627483030805,0.2107318197872066,0.042712025919190044,0.01531929288514704,-0.02744821162370555,0.06811643472499776,0.1300084287562912,0.019732935175221383,0.007461618316542591,-0.028381080902127466,0.02480838357616433,-0.04822021411313127,0.153004946337858,0.021879491533647065,0.036904204286754616,0.025800216574714614,-0.0430734672492894,0.18376812688982636,0.032617941603638984,0.5128888710642819,0.06781983147573971,0.4886693622735764,0.1535154247627093,0.09388482649284667,-0.024566454094057694,-0.05558354518511431,-0.08327576621822465,-0.06924153142395985,0.20316446565038995,-0.017767602909974457,0.02478630137261657,-0.007241985640753947,0.04583482911029654,-0.0482426536254738,-0.03392360342752899,-0.0792162961476065,0.00717231992975447,-0.07656020318115578,0.09335374426541868,-0.11488387557457404,0.010852554144468058,-0.08178065329069556,-0.07200834410399118,-0.038302298393799936,-0.05186510257108207,0.047328977685968165,-0.1035768544464804,-0.008400240421844675,0.3081513125107843,0.2619593779051571,0.12332473635246297,0.20929852601622537,-0.012207981994860279,-0.07528419750641754,0.14614304817907303,0.059967890040278464,0.052985441784950245,-0.05230828982875167,0.21508836388650007,0.06256311078030512,-0.008098990881585982,-0.012222135307336797,-0.09966443341120192,0.053992464758455,-0.07279862462051277,0.07537545316146432,0.11484431427154197,-0.002424111637462341,0.03645448249783262,0.000383869450507006,0.0021253949668786163,-0.10970080715766888,0.1411143508741882,0.09490914087127396,-0.022658359556397743,-0.03884231850127445
-0.09037404131469187,-0.019836083722893295,0.04338170658441956,-0.05999875867523399,0.0023198576590686662,0.005048312512174995,0.14402799437969094,0.02659788193361351,-0.05097260750104112,-0.2374773691887595,0.2925585392999645,0.21832998187981464,0.1650860288351259,-0.043522632409316926,0.0862310359123725,0.2036313682945443,-0.0620953554007782,-0.052223874138835696,-0.04548202615575027,0.04939148022789446,-0.00701922221233683,0.08918462828296629,0.03248004647252272,0.013352409307916917,0.03766655290706753,-0.03199422125211035,0.07304739550474189,0.08528607254890828,-0.04591897019401807,0.07362326534909251,0.0382929570155805,0.18218534581915447,0.16487740198158798,-0.12968781314539438,0.13312702952601446,-0.07691741990138044,0.08851535519323038,-0.020845903944790047,0.029978841882368972,-0.0330745213532515,0.06250492987318372,-0.09095693820653698,0.03244241691300415,-0.0027495879529866444,0.013901686538091417,0.1031022596607439,-0.0902701860273661,0.0813438408919576,0.039468197825180275,0.055698351155641104,-0.012072936930434854,0.13840886061890442,0.051347651442568525,0.23615548913106368,0.0438229018104848,-0.044186972720713716,-0.05109844480833371,0.21140548597653258,0.052246680777459774,0.30333868940142933,0.07786355461444626,-0.11734726382489077,0.1581097330158003,0.006725068213782372,0.021197748103653314,0.1308450618219753,-0.003497826481673969,-0.015724615404775766,0.04118076437967759,-0.05298607793938659,0.05848831022668233,0.046845590762688905,0.1896709254762208,-0.04032086042372315,0.09574869252741877,0.3451589418066796,0.00781908884470721,-0.05977842420175156,-0.013594831629779806,0.02815232039461654,0.18731288811148725,-0.06107053840592153,0.006296206489639525,-0.004999074414406567,0.09113059760342962,0.1931949039068526,-0.041349117844229004,-0.10552319067918807,-0.07233924465091375,-0.11454526988807656,-0.089509946553104,0.10910705217010601,0.11624644066550809,0.03922865904876503,-0.13952742694055015,-0.19430571500480334,-0.024087182593912695,-0.006718875316146188,-0.0702862720589318,-0.15212694496118764,-0.019916360645515455,-0.0516403219704385,-0.08070295598566965,-0.1275256146893072,-0.011633790632217728,-0.08228104650675469,0.07588003402394079,0.039007019567856266,0.0668666739865692,-0.06565935765858984,0.3033605445607066,0.006810305530232652,0.047844604366491725,0.1273690594151939,0.2757859403541192,0.4981928137611797,0.06538310071795664,0.5569547012541509,0.2839864538043916,-0.10765831574807734,0.18307615587324327,0.019611871714265632,-0.1592113235553617,-0.04933085260224435,0.013446356030862689,0.11672479956137319,-0.11511734076046168,0.019812790241947462,-0.006236441988638912,-0.03898376615507792,0.2853142448606841,-0.029586975095800074,-0.12942488287545478,-0.0762973610669275,-0.13361487480441817,-0.006543855893948664,0.0006509765015461565,0.053218207487791915,-0.04984277319192467,0.09176863058214527,0.1041730636404301,0.18543985343428557,-0.07946149618863849,0.27784204090343373,0.21445298535258428,0.33523789673238247,0.02962876012141991,-0.09005531126881394,-0.08991888994080878,0.21438209215648124,-0.050127398587407626,0.0554031367767925,0.16964364141646687,0.09164787068954944,0.4047799361736093,0.08084092180562963,-0.019783824568455455,0.014432013817856231,-0.003866504683471956,0.0733756461087138,-0.008862366339304472,-0.14066434746870612,0.08326344064098185,-0.0825222107917389,0.09737822983047262,-0.05433009588233505,-0.025980067808725374,0.11973535931403846,0.17355740582284554,0.0004450402691050396,0.037022216226871005,-0.08868294041301404
-0.09971920686869913,-0.06511920237380675,0.1915986875494712,0.008413433210716663,-0.004237120609692564,0.003381377011937906,0.01637042559756953,-0.010377235195032279,-0.07626877555899272,0.002454934839918131,0.24667744236353456,0.27055888036739384,0.0747310150664097,0.10639884315313992,-0.06309019947333373,-0.05620253383938957,0.1565267094294948,0.04643476225450724,0.13412071897706207,-0.03544385770971901,0.0353719518441598,0.06501446143197538,-0.14492459828588236,0.16815443801986377,0.09192455596348482,-0.012875625480881768,0.040943496315197836,0.03268997574392333,0.00424057803918768,0.10606912529302648,0.018628299735791533,0.08990075117653418,-0.022691354145724377,-0.010465274648289103,0.04965262990610246,0.08416321612120548,-0.011228289223620931,0.1206329841496874,-0.016338090959015925,-0.03413253711798395,0.0951103278034041,-0.09725093846592923,0.0004311146979744066,-0.025242638680960543,-0.01780873014685902,-0.012567291123924509,0.06280029486939308,0.05573692946100307,0.026065168737796143,-0.035256505613359135,-0.04587760159421518,0.07393140377248207,0.13924238395241045,-0.0011983364459317212,-0.058992380951378466,0.02848543733136201,0.025044714139191036,0.048628773066264674,0.13167825149345894,0.31563756274984806,0.07605947069535277,0.11940393305547384,0.05822970299804392,0.09379282403088553,-0.010670779284167846,0.0993183716909631,0.08026249228628851,0.08993943575446664,-0.018211840825704467,0.14127651644464206,-0.07688083071020929,-0.06781334147904679,0.028315199506108592,0.14577528141315635,0.09842670864762255,0.3960199213568141,-0.04834078893788822,-0.043737210610406585,0.10103190460791824,0.030440374730860875,-0.10013201618056089,0.1784007445621074,0.0800429990185993,0.006588737657163659,0.04892132134097491,0.2462436343300932,0.05790362289048234,0.008867937407932245,0.013770865266678187,-0.00891391785419887,0.1015806948912125,0.07297174907190553,0.07971187562797376,0.011196215705293678,0.15030470920206296,-0.15176013311784411,-0.1370747253977716,0.09269047896494016,-0.08014631540452227,0.033239385493120305,-0.006370992646938745,0.13841193755160347,-0.04766210140020239,0.03520713073446942,-0.03481987068383276,-0.008480504279476213,-0.0058647993037865475,0.009221835592124063,-0.147318165207344,-0.11527581223551112,-0.01448631283794524,-0.07274632238338073,-0.0036402968940345433,0.05465417024671509,0.5583796304861237,0.6046495857675542,0.004102937066918759,0.38759631899694585,0.011059431039043794,0.03306367012431516,0.008045144961872006,-0.009811245144855204,0.015053571910212513,0.01318475731403664,0.057895334940197274,-0.0660163851156835,0.11648359878632583,0.19606476936222358,0.02110355529881806,-0.041970603047417294,-0.05601330075618191,-0.03427691067155278,-0.1217491600123456,-0.05862612721893093,0.21812670650907315,-0.020086298823724313,0.04743541263293038,0.016018681751264193,0.061855643519138574,0.04596730294859365,0.02212392676398732,-0.055661695888232623,0.22532310040584463,0.19679463584401188,0.3451953897092749,0.22836254426708227,0.07608411866420513,0.6853613856767562,0.08653599491046324,0.1894159822471988,-0.06381834560467488,-0.041056111309146257,0.14305805361294713,0.05234432471553666,0.19587486402462273,0.09735958047080713,-0.014238496727574311,0.16332643935163327,0.11096759122101266,0.1823273699125674,0.14261281701142817,-0.022519896033291124,0.0385592288753296,0.052416995428481654,0.1011890710036909,-0.08568136963144483,0.01206813158133441,0.04364598496366961,-0.06652960306050155,0.22268334852907393,-0.1111998070926377,-0.017325874508688513
0.04596371084475264,-0.07695539285926692,0.1652284886968625,0.3569636151239919,0.21557113611788184,0.10093971471317596,0.17184047436553596,0.09160619275174253,0.2667647683959795,0.18405359407682337,0.2550384558171988,0.4311017627134826,0.2937425537587503,-0.05941156275857154,-0.14601610662262635,-0.11376833757641949,0.003837963463218961,0.15630267463811348,0.05009381762254238,0.10123935638634636,0.03709656962336376,0.08364115465330742,0.21796852160209676,-0.09945402300610894,0.0760124505968133,0.039336122295348636,0.11978387904968146,0.06735339587243393,-0.06608704787874511,0.05626412635149025,0.057884729418476034,0.24625193167304982,0.18918101546149707,-0.274951395285705,0.2533816956804302,0.061014570511326006,0.214671084811598,-0.01871002006401897,0.07263159914461821,-0.13306621354386775,0.1385840899058587,0.03495481642969363,-0.07183417464173583,-0.2632773838909997,0.14252036159110115,-0.11769042104579444,-0.1652310232438822,0.08169809496775816,-0.08709714592267004,-0.043065523063875524,0.15904976984465363,0.14910888831959954,0.25553106869331343,0.03151858435246742,0.4362919444767009,0.10937973138227514,0.06038613636292703,-0.013298619592911655,0.03185586842698975,0.4398575068300089,0.27431201316879034,0.32320254452377295,0.12681387105264327,0.10518042331720116,0.034262655040652026,0.31531986890605374,0.07054957443456006,0.00632276803095354,-0.10756756435174226,0.013916985752948237,0.02825710867845605,0.003311731786916637,-0.07410762023005261,-0.10879368697137445,-0.05825416946799429,0.022234895174889704,0.03530371182789408,0.14117517003353042,-0.09429318689189013,-0.041654159490798495,-0.048512046946829056,0.23724983350915602,0.182297748781104,0.24919809574076038,-0.07608386945036034,-0.3456478528588641,0.07046209206967777,0.07591815359834758,-0.0315310022235702,0.09084949755880067,-0.11394796339198646,0.23089527175900978,-0.016290098147528832,-0.05539535398249305,-0.13960485670296782,-0.3059888691927677,0.2422817406771194,-0.013124535159065705,-0.2514518223626839,0.2668701936799695,0.3560819975274036,-0.09546747455608828,-0.07777124279128618,0.155154420470774,0.04584130707776912,-0.07245598577241036,0.06812998576252399,-0.07874985478064457,0.06664035990387362,-0.19271157567080271,-0.105957326908284,0.04959973727875936,0.16971365574283878,0.2133503393293475,0.05847448766941521,0.40316642540037734,0.019018082549204722,0.32432555010761216,0.17393449579196482,-0.01589093497189715,0.008386953533920237,-0.015063438677443801,-0.002564606920745754,0.16669187793267892,0.10773155410097213,-0.1484758976434855,0.011949691329220418,-0.07435845598127246,0.0717033999405377,-0.0005791473309734021,-0.02980768378456993,0.24672196574440738,0.16685005512717396,-0.2290941562099842,-0.14705700729138851,-0.015215818842809458,0.11977122205700498,0.07764064941706791,-0.0957417818528706,-0.10182713986149257,-0.09260332940876775,0.06295485284773306,0.29874382085638534,0.561503317012984,-0.29896152185505825,0.2704693301066578,0.043554472776899104,0.16885269679842607,0.18976007355003993,-0.19986058175786658,0.5409191800828556,0.06978572587425662,0.12182307823336017,0.3111730454898031,0.17910464959573094,0.07344445242234038,0.07461509145103994,0.1911125077056087,0.24330362974122396,0.5199762079163187,-0.1776092316922,-0.07845930626131768,-0.21133568681100462,0.04056210858114763,0.1530964177905506,0.007913242225251286,-0.1373651702278443,-0.21904506480186126,0.04179647202745646,0.1615073795571383,-0.014831296138009887,0.04306540507095004
-0.06241933465207159,0.0164790530649439,0.2893523783447573,-0.05775221992155305,0.29825746423533345,0.19887589425784277,0.17668270048238777,-0.04816704427258174,0.11416823150754266,0.04755466315148669,0.24927506623316503,0.37087427214883634,0.3704814073702173,0.1816929328969358,0.032983551899562875,-0.02456486020539708,-0.0015504904599588484,,-0.05333233232916372,-0.12962340068129524,0.30208165233198075,-0.08916360478788893,-0.08855271075009528,0.04071793117471055,0.12530328893594392,0.20003854854827544,-0.07653520923761263,0.14419145698424352,0.09498770032258351,0.15411594855365265,0.2106773568760566,-0.09545693575383746,0.09979370045086948,-0.006802101551297087,0.1747838350716169,0.0297097863073263,0.13789646337631375,-0.04775139371629386,0.06703831941647595,-0.1159597356582796,-0.10741842982410385,-0.10282245231631769,0.17510876496741024,-0.031852320773684,-0.1453074371842767,0.019150202563050826,0.08193644654200179,-0.010684161735639502,-0.13638981541342182,0.023073687674716327,-0.04939986679425841,0.0928627556808836,0.08935548278670936,-0.11242234424562463,0.09433106586723751,-0.0959613383956035,0.12005637581099173,0.06708580636198051,0.17897057187058546,0.3230393005893417,0.1930554818289887,0.28504300533663685,0.06703831941647595,-0.08131669783017174,0.19023944211062904,0.09637283963632304,0.07358640745781277,0.01614976348256255,0.2755602895201965,0.06703831941647595,-0.07021036481442666,-0.06932404200076096,-0.04389885882637028,0.18484430716033826,0.08651101051355387,0.04701264737597048,-0.11394927683289158,0.060416437092936884,-0.17333709613130296,0.16310804814717747,-0.041773056821797265,0.35656298783232493,0.33494759429284054,0.5162494793099907,-0.01064929258494227,-0.026300062702165453,-0.02055797729226933,-0.12006752253089778,-0.04090272081547269,0.007490584085815524,0.16671792748628705,0.17841471323997649,-0.015227941475641044,-0.004696136230115461,0.10903010674249546,0.12778274156832292,0.2321288452144554,-0.02425533553990411,-0.08302368426610338,0.08986728819778776,-0.1234978416059182,0.030344528064921293,-0.05867763219080397,-0.2439690213477273,-0.11906620452284887,0.23257754775358722,0.03025375293478425,0.22496129561568706,-0.11318102126514425,-0.08730401296496969,-0.07967003676414694,0.08662711469289601,0.20119781968264558,0.2632768334318196,0.010397181523733371,0.5183742709536364,-0.099468422597105,0.357482629535962,0.10303026752066867,0.03884033943097558,0.22769094943665044,-0.12128431152566435,0.12144409863833186,-0.041507231190013684,0.05785431300206022,-0.05956470504075196,-0.022430512592916552,0.07042663785855127,-0.016248809943085855,-0.016517129987513885,-0.20100435488665136,-0.12057730641052809,0.03476745940277372,0.1340685072810107,-0.1201013816679546,0.16303104447538766,0.17096698311514494,0.011661946155490465,-0.19489018203912117,-0.10697073477891737,0.18298382773561114,0.10547122660513529,0.46355335986481877,0.3381797013864711,-0.04321005235184409,0.08292000207509977,-0.038969555246480915,0.10647234474943128,-0.06138123821606542,0.07115624201873116,0.33048193528760356,-0.031501126691127215,0.006682680094781831,0.3512242909026092,0.28442569642038606,-0.07764313686538503,0.05367081708664509,0.1197301620986372,-0.06054178747511255,0.21961977067345195,0.03503027666178068,0.06848152628897979,-0.09962752678575641,-0.2313623794578502,0.4321229903854556,-0.1401841398980692,-0.13139659349301516,0.07411930700233234,0.13356673845812617,0.17991445578083887,0.12882819799478312,0.2793203828062638
0.06738343551570083,-0.23494904278118114,0.030809086516833634,0.044219953712318405,0.04594455968065878,-0.16735181542126398,-0.17595193767581985,-0.0429438661938051,-0.06925551963734436,-0.1393112197870056,-0.12581408721470144,-0.09612183055394401,0.34121455945984747,,0.19634349906791276,0.05607280028,0.104315173088588,0.1889620336348452,-0.11702097351492265,0.3199456534678818,0.12742926503259921,-0.21841792178607253,0.02583369312275556,0.07786743183864644,0.2889823037184591,-0.20079005512654774,0.15202785098232235,0.08604504115565971,-0.048249185246178876,-0.1021542199256587,-0.07615678204664485,-0.14620585454312396,-0.16347020389153247,0.15630267463811348,-0.24859482428459911,-0.16347020389153247,0.1053510792933626,-0.10616175052575519,-0.18807339907296322,-0.024285012719752055,-0.11976948498801145,0.07577441416567228,-0.05239500821814104,0.008657991981878823,-0.03347747389849286,-0.10739378525928546,-0.09124552872426028,-0.055532627788271005,-0.055829485570557294,-0.00785480829330647,-0.04754947953007968,-0.03268433190954291,0.20378059469896415,-0.06266700887300507,0.001766828318266028,0.18251939851952734,-0.11002128666032343,0.00895250574953361,0.10096562745390164,0.15619838901071761,-0.032769084180265244,-0.03302616631964185,-0.036073677628511026,0.026521175101555963,0.029094262363043206,0.15003457368064357,-0.026818865058146853,-0.031201711726812034,0.06765312252264334,-0.03287043691229414,-0.01865755854047996,0.1023487417009153,-0.1500038227912951,0.06308744692765303,-0.031115124015519295,0.028614930619402377,0.046539996062076726,-0.03069105460786411,0.35031476184651134,0.19252049766923401,-0.11680919658030132,0.055335600185631315,0.005540239106773702,0.004405346258016911,0.07366459769868708,-0.13883251890979384,0.13131048991460276,0.27630879335666714,0.025120871959309562,0.014456254210483348,0.002156168529618412,-0.10622866905007594,-0.16051046973665847,-0.1987847543100251,-0.127634406999451,-0.04831643966725786,-0.07108937993197088,-0.003418751272612054,-0.2204679376208672,-0.017907423591521556,0.07117962562151688,-0.08549045125618422,-0.03967996465641555,-0.12978592989930313,0.34536586615990206,0.053268558775074616,-0.08037437396312534,0.005668485990128696,-0.08104424620877625,-0.23103877329341443,0.33183490906714985,0.10891833691584704,-0.099468422597105,-0.08694729371567914,-0.34021813904022,0.14681573325794944,0.3082471604361026,-0.04472732766195914,0.1280810785613978,0.057196631378029134,-0.10011050920840424,0.017783912611848935,-0.1351674323309473,-0.007817151369331681,0.06428104210972323,0.14119793620892587,-0.035965771616350936,0.09059093568149318,0.09351126784857995,-0.105957326908284,0.06153426425570464,-0.18902429733954473,-0.22793283310712265,0.17595292900108464,-0.1640712398742382,-0.16710720753214575,-0.20056160375358995,-0.09086567445444106,-0.014546612500490396,-0.10280408042239138,-0.04340782183822646,-0.18613404621845814,-0.2107925149103808,-0.32843197871113194,0.2796656333350976,-0.1039839128149533,-0.15233486716245512,0.28839981344445936,-0.16768697596831386,0.32906728179133576,0.028950511796581063,0.27860926915614787,0.1021763498995401,-0.15677363341659503,0.04958725513057987,-0.10212507617422102,0.07846017279318784,0.09498098728453593,0.04307548306285353,0.13485448079311513,-0.1075952748905154,0.13315373346477355,-0.07378316412104423,0.09022040729513478,0.16848718166087964,-0.06109662754822199,-0.008205023993927654,-0.13179653895919544,-0.10990862030372026,0.1554675371080503,-0.13467394259250773,0.0685130050145838
