-0.0866896780574002,-0.11705345334137157,-0.17875392652431543,-0.194453444217703,-0.8371085242464927,-0.2581727868629062,-0.47206624059547125,-0.2093115621120375,-1.3188198511742086,-0.05342271467439369,0.03275398137086519,-0.0965173994972597,-0.050618747663243806,-1.3188198511742086,-0.6396029270509802,-1.0949968938397994,0.037342741704054765,-0.09936489390948705,-0.0485075559761871,-0.17463205949414876,-0.09664728428652693,-0.022939795398778145,-0.08251205653387164,0.11416054207973242,0.08150712465425723,0.053346889868166145,-1.0364734780407976,-0.08658638432399891,-0.018632066314891903,-0.15041484244292053,-0.6630527905329291,-0.17534971611720032,-0.10484427732742649,-1.0194904106544613,-0.26527028573368244,-0.4357877923561105,-0.9229463543500181,-0.1149150593884776,-0.5993405978811216,-0.071277620916085,-0.00043040901448566595,0.015299293761936941,-0.01731332919074371,-0.06777421707787948,-0.15448314951149336,-0.1047093213471389,-0.10448199489001063,-0.0194861724158127,-0.030801151159979494,-0.04578908760265727,0.056563396551856396,-0.28254318614162044,-0.224563681202944,-0.3903167645592268,-0.17069853381220468,-0.610423867460967,-0.24975921394709494,-0.04103672083822474,-0.32940774361084135,-0.03133866669245564,-0.023506937531020258,0.028554948762126782,-0.16629851776717047,-0.07144318894936495,0.0039173120636837675,-0.0036134946449845697,-0.011565597425127534,-0.1980578295794205,-0.004457455594916532,-0.0412413005328065,0.003149857937575564,-0.0003788367043408848,0.1310793127094746,0.0783923751837718,-0.028323419146168646,-0.06457862136888487,-0.8048977857461205,-0.34184180248889173,-0.23715200303244413,-0.46525870200067493,-0.2740211603185016,-0.011632130786936942,0.026385810382093075,-0.15995483755401146,-0.17398553061758043,0.08948972256567803,-0.017595719743024558,-0.0358649693022828,-0.2753889228574473,-0.027201470002554764,0.0017264772009943,-0.22315383428857258,0.05980309934040093,-0.02422355877763352,-0.04943134617205307,0.2168162703158926,-0.04554286241280872,0.07557194212483022,-0.37858202562488463,-0.0712160209644577,-0.17649028944258408,-0.04589774453462954,-0.1635863666924931,-0.003979493816410738,0.0098009879827321,0.02076329956224985,-0.06484581998179356,-0.11659552950567632,-0.09555655321661234,-0.4135217360927108,-0.342420101641523,-0.26522214137982686,-0.53552328461011,0.0988207858923139,0.07588962680945512,-0.03811888024179378,0.026054819487031203,-0.8295794482218988,0.03676872624450257,0.0023653480033110855,0.05958339659054545,0.013978590785528204,0.08792145095561824,-0.09679135209773419,-0.023156945635216957,0.040788218602765956,-0.08749323514078908,0.15967259480932633,0.003023857886387094,0.009712746733996644,-0.03686912943700711,-0.13250576766748864,0.03417347405425878,0.02475283961709576,-0.023665029883351556,-0.07461579696006583,-0.1413975483818159,-0.11861570704128667,-0.10554851102313163,-0.3592988555569899,-0.270431855806656,-0.1342710085899816,0.029466446016748242,-0.10867886008906148,-0.01785768639980268,0.044407348521635595,-0.03452760011613433,0.08682345952607498,0.013230428559629234,-0.006079866831992405,-0.025919580469025788,0.08074356636638301,-0.0910670104065426,-0.011442258464456992,-0.3771180719974643,0.09025391250826417,0.026653080970920843,-0.38177774687350136,-0.10303487466510537,-0.12187163610547601,0.15065585521222247,-0.23361209079849524,-0.06770472638662653,-0.3138315607636751
-0.05129288613771263,-0.13164171408612424,-0.06310444120445842,-0.2045922047997543,-0.21589365817264938,0.003164840427501967,-0.17151836530840758,-0.14514890240724546,-1.3188198511742086,-0.0954696737978045,-0.14148365128753113,-0.07824470413117991,-0.048550570731163645,-0.13802921060650694,-0.5910846779764395,-1.3188198511742086,0.1894877822025464,-0.08041915727930411,-0.06746162091658699,-0.18906731708281727,-0.19133482957358763,-0.032323682648042355,-0.056241847709258504,0.04738775815003495,-0.17690339259758767,-0.004834022459061403,-1.3188198511742086,-0.02047248334302748,-0.07038770082238516,-0.12750555248370188,-0.20959143609282213,-0.27623973250894623,-0.30753394604145384,-0.5828318670801707,-0.26031165776182985,-0.3706752657938336,,-0.0939218048521026,-0.41688862032418134,-0.06984231327002048,-0.022079806873877835,0.02600180326575668,0.009574349357510047,-0.07149172075549637,-0.13315407027056242,-0.1186406003294291,-0.14569857715449042,0.013152202784402272,-0.007617682285005851,0.008888469435861492,0.26031440756682356,-0.15358548819726167,-0.3536578787481659,-0.1715446053073113,-0.08021615668867552,-0.6370098659902713,-0.09713469290471789,-0.004923964646661497,-0.5486437270976555,0.010780304668525482,0.03270543933901012,0.002672925778700634,-0.1146820661862821,0.08575709155292836,-0.09304319215954979,-0.06703404406950093,-0.057590347209554006,-0.28720538202302354,-0.03247109205527201,0.025547751559928843,-0.19701572044717078,-0.008152027407896017,-0.07421742341280389,0.003942790846693619,0.17832680646579444,-0.10578898270337321,-0.32172672756118625,-0.3744543084655008,0.0038157747360607983,-0.22793948349424806,-0.2827150382858226,-0.1808193287943313,0.08455958270392842,-0.2146072069463467,-0.11618871455149424,-0.034542332679874825,-0.11803006956464775,-0.2928642506126938,-0.326787497467476,-0.25845535179311663,-0.17797046846920142,-0.10857887478777488,0.053573719094156994,-0.1744086957646258,-0.03909291877622359,0.0010649506473748896,-0.29957301797920727,-0.053805780975464026,-0.1749147677905701,0.07940830001425714,-0.0985599507078651,-1.4666936737764273,-0.01967289522984867,-0.057964495814103754,0.019463303509098268,-0.04183126227148168,-0.06356799621761013,-0.07737293580501756,-0.15557824926322092,-0.3540301328482198,-0.2889801398042907,-0.24889961502167463,-0.19603506898642947,0.026872985138311795,0.10774817392154402,0.03947539637907712,0.0009274610297929372,-0.33382037148190413,-0.06529370858530757,-0.04211711208956771,0.020171638832827892,0.007506005203380037,0.006043207621248009,-0.07875130428102455,-0.050385115317412424,-0.05967411616513737,-0.035445069024779584,-0.12467992771594738,0.0626814828248283,-0.01967289522984863,-0.08966366717536466,-0.14660706386471628,-0.06821849918884952,-0.0910439143929778,-0.04928353455751,-0.039283920632052306,-0.08339316389956163,-0.03766214273019929,-0.1621606193394471,-0.16512744233857896,-0.030964158980583478,-0.147802167583521,0.010033956128083582,-0.013154328608244536,-0.07946563550474038,-0.004149056294295309,-0.0025318952864874333,0.06367584131400525,-0.004331490276250589,-0.03165311895139195,0.01831699416535071,0.027824574540586927,-0.06629221975604115,-0.11909190515436069,-0.015113740865691425,-0.02611188094522685,-0.05842451739417849,-0.44541799079466493,-0.18417743845052664,-0.05254585636791549,0.15856488258271206,-0.13164611210292834,-0.07455698129163639,-0.4202218459961422
-0.03192163932364705,-0.036499149293236374,-1.3188198511742086,-0.9797367218643377,-0.5511022254542153,-1.3188198511742086,-0.5801426350070452,-1.3188198511742086,-0.5707266355493352,0.00528106961492053,-0.13647420641485253,0.5307191059726609,-1.3188198511742086,-0.06892649837017753,-1.3188198511742086,-0.49527733252722483,-0.3570202386162576,-0.6536089569009348,-0.5565677284541541,-1.3188198511742086,-0.07647802100761043,-1.3188198511742086,-0.3823248471093175,-0.26854098906906904,0.04889147194934752,0.1263841469070148,-0.4945005776236233,-0.034697367660061186,0.06457412068103577,-0.05344155852571634,-1.3188198511742086,0.16664290796115327,0.005422785022578359,-1.3188198511742086,-0.6515730482834524,0.008888469435861492,-0.004670318681081458,-0.567990522808832,-1.3188198511742086,-0.8115298905323874,-0.03210949188456913,-0.013456246898432736,-0.1783322226271973,-0.053615261080888266,-0.289913183240848,-0.005070568135448158,0.008678930176878683,-0.04778725095500666,-0.04264366231754129,-0.19314997026511185,0.06850151850934533,-0.4484697643027305,0.012651770472001724,-0.5745223218652767,0.37445822630807135,0.06457412068103577,-0.6086099689515376,-0.675863035565473,-0.35059033480292506,-0.044363252670776065,0.03489854616651596,0.006407609522641995,-0.09271631195027667,0.014248108429864686,0.034633405986395964,-0.0977003637517818,-0.025657855862863312,0.06457412068103577,-0.07959884900143871,0.04168501875653695,-0.14479306040500062,-0.1307797928371644,0.012420998080958218,-0.4752017067653601,0.05360927915583275,-0.12916405217612442,-0.5515063712742128,-0.8822321265832144,-1.4666936737764273,-0.29878522729635887,-0.45319229249666165,0.09298126843251038,-0.04562641757961827,0.0294800357803055,0.13981092565214942,0.0712039575164768,0.004352501548875843,-0.5353517960963521,-1.4666936737764273,-0.009023861711961073,-0.016206503025650434,-0.6158711686416689,-0.0959282275999628,-0.09970014988559975,-0.4113918318636764,-0.34431923941846093,-0.026538419995104055,-0.09550330816292028,-1.4666936737764273,-0.17179418424374907,-0.39508274315264336,-0.39218802618452353,-0.335587650087512,-0.048779512020803946,-0.09750146984127023,0.014260898342258624,0.03473869419383239,-0.4140456117269454,-0.44865384439444256,-1.4666936737764273,-0.4519500036223793,-1.042544087057866,-1.4666936737764273,-1.4666936737764273,-1.4666936737764273,-1.4666936737764273,-0.18104740084482523,0.1675721869222406,0.1362887515048069,0.28271396925816966,0.07830259779634227,-0.03708616979363504,0.00914550641672418,-0.10420690384059492,-0.048779512020803946,0.007279201598982507,-0.031067624538775273,0.019857657452928883,-0.6715796663739189,-0.07922560182368141,-0.048779512020803946,-0.20975947325845912,-1.4666936737764273,-0.006551792042547185,-0.06676468248059418,-0.2717881641775299,-0.060364821995898155,-0.5298221967543046,-0.04122734370691999,-0.8342308848220755,-0.3790557224450285,-0.0391086932864132,-0.4812705701261332,0.0012511527647035652,-1.4666936737764273,-0.13862778077578725,0.025780400857884626,0.0024295341283304545,0.08432282842342669,0.04066875072532594,-1.4666936737764273,0.10624442652814167,-0.013772804617059426,-0.4099156279141077,-0.9991260757479512,-0.12280736430696994,-0.147802167583521,-0.9828994303560489,-1.036054691541604,-0.2172057472932163,-0.09979943365940892,-1.4666936737764273,-0.09557899470933195,0.07794719186428797
-0.048972315216852746,-0.03842294579389009,-0.6246277782960878,-0.23128719144288143,-1.3188198511742086,-0.33396604084227943,-1.3188198511742086,-0.3474641331029622,-1.3188198511742086,-0.2266817558200621,-0.11009920170158659,-0.03620086374122181,-1.3188198511742086,-1.3188198511742086,-0.6354292348828329,-0.8350957410658573,-1.3188198511742086,-1.3188198511742086,-1.3188198511742086,-0.17895631173132315,-0.14888545665152483,-0.02589200498206178,-0.22719547674364096,-0.33602013163076583,-0.040079328264588064,0.024483811585754474,-0.38048397899116915,-0.033944275087916274,-0.012180629319249115,-0.003732742069956986,-0.22882378885133944,0.0012774549123992758,-0.20806962430808607,-0.6911826012614273,-0.6370098659902713,0.06457412068103577,-0.3600340399110872,-0.21589365817264938,-0.4516408118675815,-0.40288665827994974,-0.09731493999643799,0.018913535203080065,-0.111325900908647,-0.013747730248813973,-0.30719428858010883,-0.09039983827024638,-0.050642953426702074,0.0009818925592250218,0.006456077435579668,-0.21905018356666497,0.08739990969116027,-1.125362947536744,-0.028717856699302595,-0.5773116425260716,0.033578232307216724,-0.7833803934475444,-0.8672741870612255,-0.28477347216841326,-0.4345123366586908,-0.03236902607504016,0.06457412068103577,0.06457412068103577,-0.0857179174469406,-0.0963100647137783,-0.10456783871784116,-0.06441764875963861,-0.1368610398522381,-0.05817125270595198,0.03215235599272948,0.023981192963754103,-0.1694837545656625,-0.04618971764757468,0.10403624571158876,-0.14033647644867475,0.06457412068103577,-1.0371472401330957,-0.42893293190755094,-1.4666936737764273,-1.036054691541604,-1.4666936737764273,-1.4666936737764273,-0.11834194483443548,-0.06185075950652448,0.018060250830747752,-0.0007647727908931689,0.0058320381468181205,-0.07146279161013627,-0.38611147425866205,-1.4666936737764273,0.017557060461475812,-0.0769277418299497,-0.7957703172901535,-0.022804504434731768,-0.10188455625031138,-0.22623402499805553,-0.5273398472832225,0.16574897626774082,-0.05085979054504574,-1.4666936737764273,-0.1632874612377329,-0.34575237273672615,-0.29878522729635887,-0.3128305607405529,-0.005973539197062511,-0.02894388114611084,0.2553175672983282,-0.009965928720534912,-1.4666936737764273,-0.5426713735722111,-0.3477084667685031,-0.613460788061243,-0.4609975451903718,-1.4666936737764273,-0.5868633109976644,-0.6542483626213452,-1.4666936737764273,-0.15673508173015138,-0.01333158982257741,0.0876144719433443,0.09271256198542498,0.06145468944526229,0.019271002823572976,0.063370269793587,-0.14822126594127227,-0.05129423494751598,0.07700378090260661,-0.03751460474733377,0.040434012304677046,-0.21725331576042384,0.035414138923690254,0.06762162863300358,-0.2301201858013178,-0.5963353720602906,0.03323572540677068,0.0804756627623353,-0.10600427141844335,-0.22307577666391143,-0.35324858404770615,0.026872985138311763,-1.4666936737764273,-0.4508486159227561,0.0,-1.4666936737764273,-0.2555245522380381,-0.846446477056051,-0.01723798886358275,0.1259418526230641,0.06814301151337476,0.0693926452525919,0.08117001320752962,-0.34059813776719683,0.5831304115582497,0.037532291482538095,-0.5621098384934313,-0.43679389457702605,-0.015113740865691425,-0.027390497313498442,-0.7361133440575054,-0.5628800931425371,0.025041027956941925,0.06764116787076575,-1.4116658288433204,-0.1401559878112989,-0.17303040389565197
-0.10657427348384144,-0.19080455223207454,-0.03627100253884633,-0.43916717482890005,-0.07681061202053434,-0.18445081722227044,-0.4484697643027305,-0.12013240476324948,-1.3188198511742086,-0.10791085492512706,0.12055317440189005,-0.0996867477236308,-0.588828933501881,-1.3188198511742086,-1.3188198511742086,-1.3188198511742086,-1.3188198511742086,-0.17790210927067301,-1.3188198511742086,-0.3050940833591137,-0.30086379082136744,0.0037405346562284867,0.03750212696183898,-0.24224205056406883,-0.3258949207676693,0.1470954766060377,0.05292547173155737,-0.03266080231619362,-0.0732118468726522,-0.21139077088995703,-0.30086379082136744,-0.2237609219636982,-0.275222299297632,-0.6263550582582318,-0.1324568571504603,-0.15107659882102872,-1.3188198511742086,-0.12648780826941147,-0.08008636062252861,-0.008030200329463508,-0.015822136214870334,-0.08239879742583356,-0.009615800374788642,-0.026446111889089546,-0.08278907286178627,-0.045254282373141295,-0.154543173340024,-0.1703639860448282,-0.04389906712458054,0.027015715100839426,-0.018289038717892874,-0.056862630855338735,-0.28395212846533946,-0.2482842882163155,-0.1704816877616459,-0.6149610293298825,-1.3188198511742086,-0.3309536044519318,-0.43144455196843634,-0.007884649511464299,-0.023295455720850174,-0.006709926553480894,0.021557584101848996,-0.025657855862863312,0.02018024886566003,-0.00041402254637879036,0.008356819564543929,-0.2952393615138197,-0.07417866672693071,0.04036311577228301,-0.009643962690576276,-0.11231689426292749,-0.014335208654257055,-0.20092004271596248,-0.1311622735243751,-0.5421628379152265,-0.0793213822492008,-0.314776694460072,0.12076014302153219,-0.17152015616829192,-0.012390992596851245,,-0.029155968704464238,-1.4666936737764273,-1.4666936737764273,-0.03766214273019929,-0.11405406652708228,-0.8839510155866409,-0.006997636336288593,-0.17152015616829192,0.04369782053972058,-0.15970165703517847,-0.07718128865957125,0.08127817821048812,0.01349456953187285,0.05497499622423442,-0.6023442762204473,-0.04920529820517534,-0.2889801398042907,-0.10857887478777488,-0.39722547087401805,-0.9621700503882706,-0.0483712513337452,-0.1425985932142771,-0.14331525490363636,-0.10311357771981683,0.015389579220877438,0.045903432763971325,-0.4708450557022124,-0.08761316466787199,-0.09664929110668176,-0.21418251865105586,-0.4765188025692297,-0.24812124290154638,-0.02533075836495596,0.25168147734851304,-0.07282827991841409,-1.1696413359268019,0.013037757174247542,0.06668955206801759,-0.07778554220011454,-0.10324071664209457,-0.06927894655500912,-0.04330619975284014,-0.04283423201868528,0.019271002823572976,-0.12557470138426974,-0.07521396050669453,0.04559393333071878,-0.2691345642068512,-0.12326561323754434,0.04795647487748958,-0.43921341226503985,-0.22864216566514037,-0.010554312440527104,0.020795634053051373,-0.39218802618452353,-0.3684041489312247,-0.1766378642161821,-0.017872435261923888,-0.14679228653534035,-0.3181814300894879,-1.4666936737764273,-0.4798392781516085,-0.7783429330329751,0.0014886646043361339,-0.0007235949308037678,0.0057371954905077165,-0.048329211346072036,-0.03265363383758589,-0.03667783840408395,0.07946751863312251,-0.10888669393153814,-1.4666936737764273,-0.048779512020803946,0.020487323830764643,-0.04462196506660054,-1.291983350330946,-0.07875130428102455,-0.6938784271437263,-0.023974133974131027,-0.16198817095619766,-0.11943952540964843,-0.43251608687170934
-0.10840964323594153,-0.11010288431199032,-0.5810079091306152,-0.34668448967347326,-1.3188198511742086,-0.39770924262467766,-0.8875758579744525,-0.9699475391298576,0.0334507931174251,-0.1666977864219225,-0.028634149953293664,0.04184537423491372,-0.006328494248751988,0.04468213584986996,-0.6615134994903666,-1.3188198511742086,-0.08044990218349385,-1.0441766431815722,-0.18331168672414525,-0.19821118374258348,-0.049944031009645555,-0.15304289685513905,0.004241838061776591,0.11073450399428728,-0.06456807592105508,-0.00876114920651867,-1.0402654576645165,-0.1811963544666319,-0.08462886215998458,-0.15949594270212175,-0.5823871985905662,-0.20713545056079438,-0.5017393440830902,-0.23992271426019998,-0.5591505038342325,-0.8738700860926599,-0.4552269668740051,-0.12768595231300767,-1.3188198511742086,-0.10546985125790553,-0.017243213634200033,-0.03447160773957117,-0.165413285677409,-0.16183014696769563,-0.24360474040351307,-0.040864715501413046,0.15194081183059174,-0.08228699250237108,-0.04438675535564094,-0.17591680805185841,-0.0877741276331632,-0.8670781898009403,-0.3671570081510479,-0.7163916144936204,-0.12287086796278561,-0.3350800454280044,-0.27276776702195665,-0.1065953781946576,0.009416415442353249,-0.0022190595228595454,0.1423916666267114,-0.012609237461150365,-0.0007726754173319165,0.1326875515457508,-0.10411610680728091,-0.0848269942377274,-0.018974190032547706,-0.11699937371332701,-0.014695607736234538,-0.09913635862721376,-0.24158982948317814,-0.07040159008875539,0.00011076023242563163,0.04882405026024433,-0.09982871434790627,0.03248340067933194,-1.4666936737764273,-1.4666936737764273,-0.6034285010237731,-1.177474858584103,-0.3383897717753752,-0.06985001217573987,-0.08867419863469529,-0.03532947051856837,-0.21728745672080216,0.003035351944058897,-0.06377774151413516,-0.29638058816735746,-0.9185347025395494,-0.3102654311854843,-0.2373900720649951,-1.166897548112433,-0.10801933538396169,-0.15006092850987418,-1.134860468449647,-0.36881699209936664,-0.2312604869505907,-0.18997093952530122,-0.642690032129633,-0.1949402777194882,-0.2522576129734174,-0.28437327374043797,-0.3663760000873268,0.11205117327721197,0.1167526357226264,0.14006046018887935,-0.11056814533222398,-0.4531043561102664,-0.61953083716316,-0.5425736493609135,-1.1262133875422349,-1.0927843579319534,-1.4666936737764273,0.05158045752738086,-0.17765465870181144,0.07461218629437977,0.018382452972293305,-1.0580876810591775,0.10129535290446913,0.07475503075155304,0.06407501047856448,0.08585785604861797,0.025560877450092973,-0.11884650375405134,-0.05277010885417384,0.03864052475015176,-0.044392881245268544,-0.05246615826447945,-0.14867570824622917,-0.10070509776287834,-0.13534142856395867,-0.2941444930158583,0.11790890357404327,-0.08750745015241221,-0.0775748075095034,-0.22653071594605775,0.020215967371686506,-0.666788363382928,-0.2687813827121934,-0.47335267287519994,-1.4481112709433654,-0.18361973568820789,-0.1376925319912049,-0.3550918504844301,-0.023275989425573084,-0.038609893627015744,0.007166864614075421,0.06788149402788275,0.027551497819889498,-0.018501444296395334,-0.1250275748425721,-0.06607056569380411,-0.1311308410455981,-0.23357489936037834,-1.1015928234644337,-0.010422735201796816,-0.1997513010714012,-0.6676837844707749,-0.97162069716908,-0.10445278993512364,-0.006113997542236193,-0.5235558152897941,-0.1336303347150345,0.1540603197233088
0.014408558802409675,-0.22637520204264547,-0.04991977838775377,0.41648892994099623,-0.5538670828002085,-0.14435671862500046,-0.42738889386945156,-0.32699282032212307,-1.3188198511742086,-0.19215240642750644,-0.09292218514563354,-0.13462738475374775,-1.3188198511742086,-1.3188198511742086,-0.8711739365053902,-1.3188198511742086,-0.37680482332696646,-0.46316668541496797,-0.6629325138287516,-0.07491391175402026,-0.08519952024398456,0.016429349559417356,-0.07256126362050777,-0.1624627570570589,0.293677282359097,-0.03694508624438608,-0.20025871123758468,-0.10368286014975917,-0.023552825989952945,-0.12762237279643163,-0.012830240718636315,-0.4424035020975185,-0.3680657311693414,-1.3188198511742086,-0.18294219527590536,-0.23243689837196058,-0.6106601111653157,-0.24674654584792824,-0.3040813914233226,-0.14583942970837627,0.04031799827673133,0.002672925778700634,0.03765983435848467,0.03589275433655162,-0.13608960893165764,-0.022660799367888528,-0.1415526828789914,0.026904536087477147,-0.010128185356145174,-0.06318050024233005,0.005887899219754822,-1.3188198511742086,-0.20780755438833445,-1.3188198511742086,-0.11256334955242377,-0.42793258927776695,-0.2149232053780478,-0.1678452397371933,-0.011256804430167997,0.0037405346562284867,-0.02708883075386828,0.05632600363551713,0.09874348525688102,-0.09851005861876985,-0.05955768991573661,-0.07358531315202131,-0.03214854754799539,-0.1617560539713559,-0.005734702416248885,0.21886400548830634,-0.11110079755239448,-0.08873462010246055,0.04012659534162634,0.2033077076053129,-0.010723644742097306,-0.47448149486597546,-0.37830586074974987,-1.4666936737764273,-1.4666936737764273,-1.4666936737764273,-0.511292825736469,-0.5247415915756601,0.01373899155962467,-0.030473796967835812,-0.149234983042403,-0.06386716343046904,-0.06560110088902067,-0.5200562279854113,-0.3673202719948137,-0.10707151026121178,-0.00977461222023622,-1.4666936737764273,-0.048779512020803946,-0.005341950133443394,-0.09767116143909504,-0.034875667378300536,-0.26283273366507,-0.026967979678532882,-1.4666936737764273,-0.26040094234084177,-0.23515658508500498,-0.35984319171625234,-0.1549352337148236,-0.08045163566746355,-0.05334949168210097,-0.0780539379249748,0.061249793589998984,-0.846446477056051,-0.1686125594664235,-0.7937290835934846,-0.7729686055750629,-1.1385511154059047,-0.7567446525255663,-1.4666936737764273,0.06055756018528852,-0.03968998172202989,-0.03356230664162614,-0.6756858120940482,0.08651564804057131,-0.05766927375138055,-0.01380988950135469,0.03638207344919004,0.013867954469405629,-0.138875579705304,-0.07840053871440758,-0.09529863946075869,-0.05607494005188964,-0.0255077149110952,-0.13140144313633725,-0.08069561426555431,0.05273106963354692,-0.1799375515453236,-0.4714615459807096,0.035109280483716074,0.03220873655121755,-0.13228218156016222,-0.187578022822556,-0.19127566094815227,-0.041254078938242435,-0.3073030196589571,-0.21861813677776235,-0.36503783891613667,-0.5320510203458539,-0.5294376282938971,-1.4666936737764273,-0.02109084166429932,-0.03038079250966304,0.03349545342403905,-0.013085273442700574,-0.03600754264062093,-0.13800268133574936,0.0629979425787547,-0.09537676326937948,-1.4666936737764273,-0.44028521076691374,0.03365656354285101,0.002457648067596027,-1.4666936737764273,-0.4056979675340514,0.21908450082489941,0.004706039558340364,-1.4666936737764273,-0.09489874942846319,-0.3926153251950248
-0.10528221522009074,-0.2372187232467613,-0.036791516434454274,-0.7336047547296449,0.17924404758275894,-0.016849154319003464,-0.04506600576856646,-0.048550570731163645,-0.5124395789149385,-0.1400794022069124,-0.2958616828588637,-0.22476016050330408,0.1841866089297759,-1.3188198511742086,-1.3188198511742086,-1.3188198511742086,-0.30086379082136744,-0.063404838529058,-0.029318672342904136,-0.0513739533305608,-0.40925384390900704,-0.18569394580586998,0.004687934641347296,0.004292294428925121,-0.41807133955455955,0.02140620652360999,-0.38262573472054057,-0.02949298096690814,-0.050642953426702074,-0.0711325033876138,-0.07816262658544881,-0.2109312758916861,-0.2725934092439538,-1.3188198511742086,-0.0364991492932364,-0.2741169913865981,-0.5263111833676508,0.04682205074143757,-1.3188198511742086,-0.0471220849332399,-0.007384421849231703,0.018281763149797847,-0.008685906825877344,0.004665074523718452,-0.03266080231619365,-0.5482704761126482,-0.17225178370004396,-0.06005946414172157,0.07000875141433208,0.09197197116591804,0.07357706526526783,-0.04759557527274273,-1.3188198511742086,-0.02124718364761057,-0.036499149293236374,-0.5141735845439257,-0.07438972541140955,-1.3188198511742086,-0.6086099689515376,-0.00031626849878552436,-0.021132228237226835,-0.034421820772803,-0.0683767985447547,-0.10234643211983689,0.12932627821407908,0.006526969299852779,0.0328462279424958,-0.46116039397981196,-0.150522160348077,0.04372318124500416,0.04358117931559625,-0.05702734445947117,0.0955388178497762,-0.030883437540074003,-0.06052873214564046,-0.276481578344835,-0.2570141287893766,0.04077985542944198,0.16353064720067884,-0.08677361306948406,-0.2093565155631002,-1.4666936737764273,0.028689844263313682,-0.23058367061496138,-0.5353517960963521,-0.01967289522984867,-0.222329946979483,-1.4666936737764273,0.027377953704612233,-0.2657185515777499,-0.0007235949308037678,-0.035936314498066224,0.021466817978324435,-0.17352503092824215,0.0012511527647035652,0.16340090418482917,-1.4666936737764273,-0.014090588302411122,-0.005973539197062511,-0.013936094154950285,-0.4202218459961422,-0.7139341510322843,-0.18218039142742623,-0.3084297687714664,0.05071251299411611,-0.0019001885900524593,-0.08610832168878957,0.035763794711420674,-0.12019906387820005,-0.11733111841107043,0.012903994124720512,-0.06691430475115494,0.17587558036963247,0.024957394366441746,-1.4666936737764273,-0.15562125434842883,-0.03811977825697424,-1.4666936737764273,-0.022393502026676407,-0.029454324112137487,-0.09657699037538883,0.04262593628449983,-0.036137338778033636,-0.007849332764572933,-0.08414554521193714,0.0193409878467791,-0.03173056478290548,0.027208413263213365,0.18147218218436625,-0.03346983385286167,-0.15057767097787245,-0.014375887790010514,-0.401142300458317,-0.09901206696699463,-0.02693956339349512,0.023855251053162725,-0.4113918318636764,-0.0007235949308037678,-0.16837546667458336,-0.07737293580501756,0.001855225774848388,-0.08957971103917868,0.0848181728702152,-0.33688604021782126,-1.1002033018282824,-0.10616936611308574,-0.06927894655500912,-0.04779370525228168,0.05994880285648185,-0.19642743802881474,-0.028568108805071733,0.11193039901106853,0.003996549875053479,0.06083301168503243,-0.17352503092824215,0.06932836342359792,-0.04223352956798531,-0.042398559638192744,0.09085768943953383,-0.42407155597844765,0.01831699416535071,-0.034683382853063965,-0.07076743870072087,-1.4666936737764273
0.027144567441100005,-0.37779969882803227,-0.07314590075872597,-0.030272970822410022,-1.3188198511742086,-0.46034960916095174,-0.43684022496363917,-0.6847774692460602,-1.3188198511742086,-0.1633275184280803,-0.0703877008223852,-0.13621624055848944,-1.3188198511742086,-1.3188198511742086,0.06457412068103577,-1.3188198511742086,-0.315836562985352,-0.4897130359245265,-1.3188198511742086,-0.35486420221846326,-0.08350897106645595,-0.011752142021635643,-0.03391339577072687,-0.10278455728694244,-0.011256804430167997,-0.18835109293169983,-1.3188198511742086,-0.2776227830671254,-0.08378264605341354,-0.2237609219636982,-0.5511022254542154,-1.3188198511742086,-0.08142138754084052,-1.3188198511742086,-0.2440445133122013,-0.29504181652694234,-1.3188198511742086,-0.2622443888683991,-0.6081871105046907,0.014278557555628613,0.06457412068103577,0.011606233149158554,-0.05779328473259641,-0.011256804430167997,-0.3347195129930687,-0.1832598290999561,0.35164552951895245,0.07764237217184004,0.03387853886062405,-0.06720469187228764,-0.0364991492932364,-1.3188198511742086,-0.3315745481647612,-1.3188198511742086,-0.26298276196260084,-1.3188198511742086,-0.6210752270855069,-0.2231043477001039,-0.28304234445568804,0.028248532916463127,-0.06722612738792595,-0.06958915891906925,-0.11974486973325306,-0.13565826461310124,-0.11822605099651833,-0.11535156333244222,0.5401701653059457,-0.2252499781935308,-0.018498425945136402,-0.21329703148251464,-0.111824039306457,-0.011256804430167997,-0.1146313235102807,-0.2469437038809172,-0.09713469290471789,-1.3188198511742086,-1.4666936737764273,-1.4666936737764273,-1.4666936737764273,-1.4666936737764273,-1.4666936737764273,,-0.16452536339382887,-1.4666936737764273,-0.012716821913300511,0.02263649512642199,0.07622419736070132,-0.9828994303560489,-0.36258841002495223,0.0024952448576882305,0.005218859394317997,-1.4666936737764273,0.027663273143045695,0.02531339149540352,-0.4733378131245924,-0.03128035172523191,0.013177641789424504,-0.19904918826357287,-0.5079509517570493,-0.006171872982673708,-0.12401505007133816,-0.6266062693803711,-0.048779512020803946,-0.12754200776129693,-0.04664053033965302,-0.022654367114618053,0.06068792422273388,-1.4666936737764273,-0.012125857642352567,-0.307962829096408,-1.4666936737764273,-0.5550401523336207,-0.5065002638880248,-1.4666936737764273,-1.4666936737764273,-0.01967289522984863,-0.04308357478161824,-0.4634935106890979,0.04578423590285557,-0.1267274066403094,0.010353176195021182,0.07523167242674995,0.057914336864026424,-0.23866977943856146,-0.24559288932537607,0.09676603175279516,-0.021662400591002356,0.05107961819197269,-0.38878085019531367,-0.13862778077578725,-0.09734306008821253,-0.17031738060474097,-0.2784701475976833,0.0335389907506604,0.03457560181697378,-0.2808888515156529,-0.16735704887320402,-0.2889801398042907,0.011955574954076096,-0.7034001132458315,-0.07542252142778003,-0.15775404602245646,-0.613460788061243,-0.3791858923093836,-1.4666936737764273,-0.048779512020803946,-0.1168550828618387,0.04691401239326073,-0.06736895355595794,-0.0016647947104619855,-0.5951472179325389,-0.11160802893606182,0.003519714736144537,-0.604780461406203,-0.9227269845449131,0.07461115377487286,0.02231810724702905,-1.4666936737764273,-0.44342895846232955,0.014799402369720794,0.0777878948288501,-0.3307657939848016,0.004826211516267872,0.01029280010579384
-0.09697414419850658,-0.11985028530533637,0.059767373278816,-0.3491523577284778,0.05747231786082016,-0.09410789960101576,-0.10203787357694633,0.07123920034511506,-1.032282045294512,-0.16665538798671464,-0.18835516846712164,-0.22879001631410475,-0.4969259075736293,-1.3188198511742086,-1.063653011362766,-1.1482480259209678,-1.3188198511742086,0.002566309975853721,-0.15398126230916087,-0.04453212998597654,-0.2996961096043359,0.003661597449429853,0.11120125751653398,-0.059853994512157616,-0.20870318625939438,0.11125699762850921,-0.6715591833241654,-0.048818219009734216,-0.12177269609050824,-0.11544128707402064,-0.04276224501338829,-0.3373164573428143,-1.0624200160864052,-0.37737268545871805,-0.07618438125566417,-0.19580135684388175,-1.051348506860578,0.02320998607625501,-1.1054311400704586,-0.14465655066109875,-0.03936940691239476,-0.0027140123156610342,-0.014967307705738156,-0.003640809073980989,-0.07535555619881708,-0.22567694012713743,-0.15873515564301663,-0.19362037088189427,-0.01507608932919175,-0.07695969619431794,0.030656839299549495,0.035898093266381305,-0.41595250049075955,-0.14378478060212335,0.048432087137876625,-0.4855423858884953,-0.019747117937711875,-0.5210882533519569,-0.4941669525039229,-0.009933410847455233,0.009236458224364513,0.11669316704360821,-0.12274887055234597,-0.05675366675563336,0.05764266323203075,0.04298816469830423,-0.03266359994486805,-0.2626177656475906,-0.07738423678967989,0.1374479972065362,0.053228300762672244,-0.08155645617691881,-0.05928201684080655,-0.35259984081258344,-0.14334455003954263,-0.12504816862388854,-0.803834647207646,0.00702593533855129,0.1478637033486927,-0.2282804132413314,-0.41005862864729653,-0.9039753660934325,0.07651349527479882,-0.6073380630984822,-0.4929634387615679,0.04818803846547588,-0.15971064503598456,-1.1334934364329934,0.03581417860795274,-0.10738120628866314,0.06246690103229115,-0.11602708027215547,0.04722841089236128,-0.045166579912822545,0.07576043830053565,0.07409666668916405,-0.32814487707131995,0.07556638974558635,-0.09121372047082965,-0.02146136870999258,-0.2114036111852283,-0.045754874982766675,-0.06176263681770343,-0.08214521795775315,-0.03581806847243146,0.03038615418409239,-0.13168211980860495,-0.18660262568901734,-0.48365895650757895,-0.17885971115401386,-0.11966211203987773,-0.007044701628858237,-0.06122154547136632,-0.11331523127532667,-0.40152187561047176,-0.07910328303928163,0.17432533783884005,-1.1372302611155762,0.21197184674131173,-0.04577937465505252,-0.03173478436722703,-0.041883822997243796,-0.004686504009897745,-0.09181810454193144,-0.007114275637023486,0.1009617207378211,-0.06772253677883887,-0.015609607530587403,0.038051932872231804,0.01240763677084808,-0.07390884537677894,0.01111276607225835,-0.368074635016246,-0.07264795654231007,0.004844105793965469,0.19161359997272617,-0.49753958369817547,-0.10543241339329919,-0.3005552525710892,0.018382285838607373,-0.05000933631426358,-0.08766032008405528,-0.030554127731415633,-0.605234692452579,-0.9927172719425299,0.044169245895867286,-0.06516597728618449,0.029199889146462377,-0.006091006715769406,-0.010297552049725938,0.05162104821283468,0.1224866652144304,0.008665645567414922,-0.029253090526917807,-0.10250231035234446,0.01133868953400389,-0.013710880933083421,0.018660721264384336,0.05996429737167281,-0.1984662355071704,0.09276473810427992,0.0069020101771503015,-0.037640396603863896,-0.33841418950106483
-0.08742913785127292,-0.21393271863868113,-0.05716389219308751,-0.35254178806768544,-0.011852635687095731,-0.13188412315679643,0.012119118903426885,0.04711308611315299,-1.3188198511742086,-0.05787175591247051,0.1342095812110743,-0.05783706500756294,-0.19845177985898427,-1.3188198511742086,-0.4972133803842403,-1.3188198511742086,-0.21873144830508992,-0.04003158162480799,-0.08679645791569744,-0.13148792693162328,-0.09672517081822814,-0.05252853200445737,0.03241648471663876,0.04596449787121078,-0.21154287141674194,0.15741170075504451,-0.10660633396099219,0.028351133143990074,-0.09433096270014522,-0.06965556413478101,-0.06761831464045358,-0.30735967981758466,-0.07731352426149289,-0.3383470653822599,-0.13608960893165764,-0.13431351171107886,-0.6536089569009348,-0.19518153654321482,-0.5683922531181639,-0.057075611578906435,0.02169591219449805,-0.036499149293236374,-0.016989106927455058,-0.08766888584904083,-0.07634379261373303,-0.09609548803976883,-0.1183786646941046,0.009810438089827626,-0.05448278601752959,-0.06129094755839706,0.05921385618192578,-0.13852686470533337,-0.2610809900520057,-0.12199307643487489,-0.11660922307850335,-0.3399749089284104,-0.18239351564552875,-0.149066466292548,-0.4035955118951471,0.028452139324441413,-0.01602049857261192,-0.0066201912816597494,-0.13979990865488065,-0.056404787596420626,0.08127055694215109,0.06457412068103577,0.01228818521679092,-0.4584390185511949,-0.06316987683619621,0.1444995792047617,0.06457412068103577,0.06074949578629752,0.03693383217025037,-0.08969691318063211,0.13546799088369946,-0.06172825186624428,-1.4666936737764273,-0.08835363846709653,0.06682807635721513,-0.053191352959952816,-0.18104740084482523,,0.08611383074240522,-0.25995091047743685,-0.46389459180529247,0.07310355207911423,-0.05782861683941168,-1.4666936737764273,-0.08617110954471806,0.03620894287688508,0.18682520718425383,-0.2889801398042907,0.059792970312648026,0.10421516078169223,0.0946647272810993,0.13428820283732726,-0.13058937360763792,0.05783469069266172,-0.22416351903114506,0.1170191862553542,-0.22221882910957627,-0.07824248110512573,0.0536518019347764,-0.0061228300490350366,0.05497499622423442,-0.008710953628587557,-0.06927894655500912,-0.1930981607776869,-0.45879263602726905,-0.048779512020803946,-0.27906306333790076,-0.032836867720200155,0.07780192041645279,0.05422875699936172,-0.07001214389735783,0.053412345611564584,-0.08087877557405315,-0.7216085584658086,0.09153050585963032,0.010845101281373015,-0.01732973177671841,-0.04144310037487708,-0.005072695711982731,-0.10600427141844335,-0.04476446827473477,0.05243874632732718,-0.06427877038027685,0.01831699416535071,0.05889758425687655,-0.04569891108684803,-0.19052809936620468,-0.07594624106278186,-0.33258071248269716,-0.08738722082401172,0.01724612904641272,0.13724006651653167,-0.15201237024341852,-0.09496842165310246,-0.3055729291185185,-0.1347346908158683,-0.20567466201103585,-0.13918913113863698,-0.07387817160206794,-0.19354509680914003,-0.48996575973844475,1.3848459650769998e-05,-0.01135156320581262,0.02528385888870961,-0.013014739412161932,0.03370898586806614,-0.016244720581654524,0.06226332918244706,-0.005973539197062511,-0.023194664466168483,-0.22660099471809383,0.10883250559188311,0.03252186670477364,-0.22793948349424806,-0.05429108479188373,-0.30459036799748124,0.049817078590355446,-0.06713470833321177,-0.12230565693520776,-0.16718140767006287
-0.1045274206579943,-0.19599005293464114,-0.17690339259758767,-0.03743848598766525,-1.3188198511742086,-0.4549601304825583,-1.3188198511742086,-1.3188198511742086,-1.3188198511742086,-0.11033388659274303,-0.06145986515537034,-0.06407009955037288,-0.42778013409689614,-1.3188198511742086,-0.8672741870612255,-0.31591211844980865,-0.1450344451551178,-0.36359469546766976,-0.09332983223750131,-0.37051012773244674,-0.02691635523616924,-0.1592974848489554,0.022892186101444785,0.10448394233471599,0.01740626337277283,-0.033597791363671185,-0.6327317422704754,-0.10609940286608568,0.05735585805056937,-0.150842412898239,-0.5453689876276704,-0.23102194339504573,-0.14817511174672635,-1.3188198511742086,-0.16047138311404113,-0.4885235894739393,-0.38058706152175764,-0.14322061085744991,-1.3188198511742086,-0.16018331974540864,0.0016756685352686716,-0.047628647055983325,-0.19868004395263344,-0.0489087613340823,-0.3843744694642828,-0.026299655967334256,-0.0178621273377186,-0.01749661871370667,-0.02651794910465112,-0.25760405483267484,-0.01209794503474995,-1.3188198511742086,-0.25652285303382266,-1.3188198511742086,-0.12690710774955272,-0.30502331775753805,-0.46398435854626585,-0.09463765658832747,-0.37307346975328615,-0.004316528016689716,-0.033315155315109514,0.15549690620000997,-0.036094139585362006,-0.007408815698030097,-0.007384421849231703,-0.05194034399617848,-0.03350647322132683,-0.11619207748886781,-0.03367610226020598,0.0026317326549212387,-0.1629099075640429,0.2914432430436153,0.030912228720862182,-0.44989344457134306,-0.03964500411119843,-1.3188198511742086,-1.4666936737764273,-1.4666936737764273,-0.6284977232164498,-1.4666936737764273,-1.4666936737764273,0.1876939699430251,-0.11772570805739349,0.021391141399911887,-0.04559547255617851,-0.16404356279593646,-0.0464467881636669,-0.3602006491020865,-1.4666936737764273,-0.046758129099512144,-0.03411066652478653,-1.4666936737764273,-0.1637724957780208,0.029652747839112266,-0.31963849442270725,-0.24559288932537607,-0.1702458430657594,-0.10257757583344244,-1.4666936737764273,-0.22589823892273356,-0.17152015616829192,-0.41838042695609284,-0.14660706386471625,-0.08322881838443297,-0.014464615415451935,-0.010446065427177619,-0.02158884808986485,-0.4727561690687168,-0.1109257775139716,-0.32124887544376235,-0.5742663346677519,-0.5528249100150004,-0.5528249100150004,-0.46154570165428727,0.016125085380575364,-0.2644554983392557,-0.08677361306948406,-0.4222932217077653,-0.013882677976580538,0.11835304279767028,-0.08087877557405315,-0.09221473357147238,-0.009290585165797604,-0.14915028583997328,-0.040356193610844644,0.012422767312228581,-0.002516876165215044,-0.006997636336288593,-0.5746527090623357,-0.13289773048982476,0.033757756559375886,-0.29254889004506224,-0.5303398052738505,-0.017749957459307165,-0.006268901146123661,-0.045790100135479524,-0.1107799694852245,-0.5366477977170974,-0.16809627387182385,-0.35466600133701404,-0.39508274315264336,-0.198143094896565,-0.46790475684390737,-0.06208839071888772,-0.2090661421804458,-0.017311940472223876,-0.08835363846709653,0.035109280483716074,0.041234529834550664,0.07587205355120004,-0.24337892552273407,-0.01120038839148216,-0.1471128070515072,-1.4666936737764273,-1.4666936737764273,-0.014916124095487638,-0.016318682059528442,-0.6642530946771139,-1.4666936737764273,-0.011479483259055978,0.06421320083042845,-0.49330558755979803,0.015784176296652963,-0.18422619374098748
0.14332164090179786,-0.08608346304740117,-0.20337227999764257,-0.21691134151131722,-0.8596697080408814,-0.8967044835808944,-1.3188198511742086,-1.3188198511742086,-1.3188198511742086,-0.07276047690611022,-0.08816223966018111,-0.25794345253211953,-0.9819868626424518,-1.0331969534170682,-0.9699475391298576,-0.9909576378252231,-1.3188198511742086,-0.9535386262423305,-0.8597888590512741,-1.1527592320221443,-1.1492782865192723,-1.3188198511742086,-0.9059722996528373,-0.9454375605186277,-0.1634716024288886,-0.9026024180037296,-0.4139104607994259,0.012009706650183086,0.020794258436762636,-0.1914395991050359,-0.3102441934536464,-0.49000550935345716,-0.0023444206873012205,-1.3188198511742086,-0.4698274955344477,-1.3188198511742086,-1.3188198511742086,-0.8962263772830287,-0.9422059613303417,-0.3476768689295881,-0.20922429817073823,0.015498044178960573,-0.34758864434522185,-0.13235481755839748,-0.4476115339907041,-0.35147742545959026,-0.33438813162594916,-0.28907320135783876,-3.7197760722834744e-05,-0.25868147371914074,-0.20813823641303028,-1.3188198511742086,-0.4642372967845731,-1.3188198511742086,-0.5217786019648147,-0.39028291049195396,-0.37231950078725873,-0.09097487853110937,-0.20759670578448636,-0.060009890967887766,-0.078492825237005,0.04887500315517221,0.07905079790166718,-0.03237952471900662,-0.008697872313059312,-0.058120872300399834,-0.0816292409630207,-0.019656440465305337,-0.10386062020542981,-0.2047005767457219,-0.23193200927096683,-0.12393561753592094,-0.11706401596306881,-0.3008207726784102,-0.6077835939316685,-1.0666952607832942,-1.088140942717473,-1.1107684256205872,-0.9764161239001364,-1.4666936737764273,-1.4666936737764273,-0.6669897491794367,-0.3062815790854674,-0.30089874159963,-1.0927843579319534,0.2111308464713811,-0.06236999150076071,-0.5085918516915086,-1.4666936737764273,-0.5101645035808213,-1.4666936737764273,-1.4666936737764273,-0.19143422001882335,-0.6355605815444025,-1.0284418804019366,-0.4211662587028411,-1.13402374897901,-0.417239648444641,-1.4666936737764273,-1.100752755089548,-0.5225269351695782,-1.0500828405912652,-1.4666936737764273,-0.059403318196223805,-0.24474571382836965,-0.08698613094125596,-0.1738735623367443,-0.14403232943558752,0.08572362665869467,-1.4666936737764273,-1.4666936737764273,-1.4607876249488958,-1.4666936737764273,-0.34534245328778596,-1.4666936737764273,-1.1529825363359805,-0.5148702811349386,-1.4666936737764273,-0.8500243683075389,-0.017868146397100722,-0.06845024810953135,0.01792978583369864,-0.0420213077669368,-0.2420068843027297,-0.055572651848447015,-0.05638143437214786,-0.14903647759361643,-0.11787808141320867,-0.12467991911769731,-0.15358471235206533,-0.4800779191842075,-1.0408559780050117,-1.1994011191592457,-0.8676347823088968,-0.3530567288963691,-0.808167483331065,-0.46431139741903293,-1.3328312100706998,0.028676754375409605,-0.7063349038919174,-1.1602648488106615,-0.28936937260531487,-0.5908799510854059,-1.0489842652355408,-0.20407799989332726,-0.045178982625692005,-0.5955130185539894,0.04157720587944723,-0.2297676355909289,-0.2730523390555466,-0.23361209079849524,-0.030434537692911164,-0.3384574636703211,-0.1897367039622892,-1.4666936737764273,-0.37420801974435836,-0.5683853842512572,-0.7190575636666929,-1.106017847840858,-0.5314781999473104,-0.49362941897047696,-1.0774144400938286,-0.3106318471346516,-0.3636867369312326
-0.03813435038611727,-0.20004900234705766,-0.06001280976486635,0.3494123567448436,-1.3188198511742086,-0.17930614036505574,-0.5740778392069317,-0.5343352467687961,-1.3188198511742086,-0.1566834756304289,-0.14871200325143602,-0.12394540577776507,-0.3527268715157534,-1.3188198511742086,-0.8350957410658568,-0.43820911924483713,-0.2452509663986776,0.2712029115319383,-0.16175605397135595,-0.17849333715019072,0.06457412068103577,0.048339025841335245,-0.12536939162150013,0.06457412068103577,0.07323183393839044,0.06290569459705955,-1.3188198511742086,-0.09131175432792928,-0.04084253925457256,-0.08350897106645593,-1.3188198511742086,-0.2459431600372877,-0.19314997026511185,-1.3188198511742086,-0.27607581426791955,-0.44638742301707385,-0.5908053328186834,-0.06604043622802662,-0.40609837164385176,-0.2968986510899731,-0.013242476759880694,0.0558887967060426,0.08683402319405917,0.028946881654772515,-0.16266161808556312,-0.038104616875843655,-0.14744859738407542,0.2118477306209294,-0.012162817072624928,-0.07614172234187733,0.06355680126103563,-0.41348428923687364,-0.4145509571174104,-0.7201609701347144,-0.03674856934920077,-1.3188198511742086,-0.2397400062081433,-0.04153753591718526,-1.3188198511742086,0.01705378722423876,-0.03329911023857966,0.02733032711905567,-0.09012335001193887,-0.0999417874012455,0.007025122689922079,-0.0710662674367611,0.004036541180623892,-0.20765468811656237,0.06457412068103577,0.0540691594233827,-0.13569025836534432,-0.01940946664664613,0.10323841747245974,-0.20060624071915906,0.03147842876602686,-1.3188198511742086,-0.8464464770560507,-0.6254301105078554,-0.5426713735722111,-0.41218841701465453,-0.6410925586546495,-0.18258528830989978,0.04350716360310756,-0.15714256857840606,-0.26167093572689476,0.15315110830910128,-0.06654874054292023,-0.7729686055750629,-0.2889801398042907,-0.1123098344968893,0.03785264539097701,-1.4666936737764273,-0.02257100165286039,0.0693143507932552,-0.18038406665095022,0.24770246879596056,-0.037837386150613724,0.03551651775197341,-1.1315508620440144,-0.05510493844347291,-0.13452020360238737,-0.07994314547456369,-0.11389274930814218,0.09798504747656232,-0.009785854501802775,0.021880354222304835,-0.11212715001477895,-0.4143566710101582,-0.25065170912230383,-1.4666936737764273,-0.8319706998614441,-0.6410925586546496,-1.089773261492781,-0.10125724869929766,-0.012716821913300484,0.061730428938197544,-0.06135455597267896,-0.9007340294996923,-0.0632922017457081,0.11608483114526363,0.019028025244648406,0.023321130400924008,0.13675912620668815,-0.13721433712002323,-0.0327446084980898,-0.07023195111884838,0.09723025374805873,-0.048779512020803946,-0.01794256872946756,-0.048779512020803946,0.02771060045308248,-0.1792890333914229,-0.43251608687170934,-0.057250809254555536,0.005003139488727628,-0.1292945195092089,-0.12905596548288664,-0.5646196583362311,-0.010090588129359795,-0.3744543084655008,-0.27825643042918907,-0.09273596337607141,-1.4666936737764273,-0.37604198777275466,-1.4666936737764273,0.4906696174177033,0.005152545463956989,0.02216070889648823,-0.048779512020803946,0.008031349928533495,-0.4863091638854914,0.06333049930190733,-0.10574541349902958,-0.7447657613669849,-0.8073752462926788,0.036072467271799316,-0.08206499898476624,-0.9389509719591057,-0.3851230208763445,-0.07081540125746448,0.05320896638086061,-0.4562237124478767,0.01831699416535071,-0.22499705076333731
0.018985012339608125,-0.3302418179005324,0.00965303471530765,0.0010428298129951307,-0.5996142842052881,-0.48960376772338676,-1.0650485821717388,-0.6231875118043059,-1.3188198511742086,-0.16379183146162943,0.09255785377961581,-0.14572567970510944,-1.0891972179677445,-1.1575784811380914,-1.0608996971376545,-0.5595233178545189,-1.0358685149148767,-1.0388418875193028,-1.2068463842527646,-0.2745033154973078,-0.13906233409472274,-0.1684830731295171,-0.23127186573598976,-0.13555986768797287,-0.05905249663014059,-0.2625687203409191,-1.0551061767326908,-0.26361105259114,-0.04275982041278238,-0.27418736213977,-0.45732176645630324,-0.7763511513478817,-0.10370159469394173,-1.1851183672031103,-0.22039018603054247,-0.8755502174644768,-1.3188198511742086,-0.2946631126369305,-0.7046739694713381,0.014109691291825235,-0.002797318353541774,0.0006111448164614408,-0.14808937395246835,-0.019081820835672815,-0.24273654192657818,-0.04519895669648283,-0.14406101446762187,0.08226894970171034,0.07906421944190291,-0.17019926698466215,-0.13455901549509358,-0.9615689192521718,-0.5956101058526595,-1.1509088765072526,-0.23398660813608957,-0.7802160332315417,-0.709421810015462,-0.03761298795182107,-0.335505120378398,-0.0055209149029781255,0.07929158567146397,-0.08644015511734228,-0.09040800230529611,-0.1471156459354381,-0.019738145690098727,-0.029833573329244047,0.04359615197313363,-0.27896355765409103,-0.017171214933975384,-0.15839921265535004,-0.2742184356900362,0.04791597113746279,-0.0617868236698618,-0.14670669918934906,0.025437021162399265,-0.29327463107310997,-1.002500600191736,-1.2288980305580264,-1.4666936737764273,-1.1830861720648413,-1.228635363292717,-1.4666936737764273,-0.2443011948114521,-0.9823940960843727,-0.3245618338779478,-0.031528604264008234,-0.061053818216742536,-0.9765830508933245,-0.1705528080362002,-0.16345590862531936,-0.05250100639716188,-0.9903922994557648,0.006797707805909058,0.08542160982413483,-0.3888398867357172,-0.017064995415372035,-0.10435776072402714,0.02276041449244608,-1.2081720397398814,0.07599873665689282,0.0060421400903358565,-0.716267456300876,-0.01585704875276195,-0.0496340578748026,-0.03296787793150663,-0.05770839119980347,-0.0467940048767592,-0.3757463676608674,-0.0653073224901917,-0.9289832348168233,-1.1502676376589305,-1.0860392684334057,-1.4666936737764273,-0.601822530747826,-1.4666936737764273,-0.10233423829822007,-0.30484430580631056,-0.7106430211428771,-0.0508778278857615,-0.01901795039739098,-0.06828951969216344,0.010758355230498153,-0.02832799340627873,-0.1161134620248323,-0.16729743517939596,-0.02644028395128834,-0.01668015640435498,0.05146126422144315,-0.38383166232762045,0.04968508001303091,-0.05413519040224065,-0.192297189620482,-0.47794592516776097,0.16878000206562302,0.026903232240413792,-0.22169041194020775,-0.13848655757041012,-0.38977698622185436,-0.05508785645445976,-0.9309005742137353,-0.1384355008214187,-0.22532411945741707,-0.973082194809531,-1.1303154813331389,-0.9401028774432074,-0.04000304978166249,-0.07098492187745156,0.0528896079937709,-0.08094839834286807,-0.07983594111927257,-0.634808880781694,0.03485733220841727,-0.07237620132365273,-0.6526596676184042,-1.140299837162571,0.04146900423448914,-0.003793486145963312,-1.4666936737764273,-0.5359208946607298,-0.0003543261155266491,0.05503887201839777,-0.25995203496759156,-0.03392640505210288,-0.062339171149866736
-0.031003168568204238,-0.14828253610124195,-0.3518136664807123,-0.13628225464031446,-1.2116050429199239,-0.5370575520903345,-1.3188198511742086,-0.4826148902617481,-1.0465689852527171,-0.15780189162329705,-0.092700455469047,-0.13224959929278401,-0.03508383910539404,-0.47319262306891124,-0.7774306879892974,-0.004922195351299495,-0.07438064107874921,-0.39293177563163356,-0.04033628445329065,-0.17677573963494672,-0.010333866336553931,-0.101686703949597,-0.017912826258557182,0.10423291623015216,-0.007887075921253782,0.029546153088055114,-1.0850082553534166,-0.041243243682664535,0.13891040024855406,-0.11220244594859916,-0.32607004081808205,-0.25113305359423754,-0.22339350224122678,-0.47257309457011215,-0.37014528929523255,-0.6988158263313403,-0.8281876960860731,0.023592499869195573,-1.131342972024579,-0.024918217018154474,0.026504513537446223,0.017937763821489237,-0.12063393996382452,0.06236856810752359,-0.25977125098907544,-0.07441141500649989,-0.07728435651188904,-0.021376369435480255,-0.02864828356206464,-0.13300597732382646,0.016302648122787,-0.7126504540240933,-0.18530610295869504,-0.49747009243696017,-0.09857626205013016,-0.6656523046788806,-0.08802439564268594,-0.030082935837086183,-0.32123030027186283,-0.03030917619631487,-0.06893793741289025,0.0855795548849196,-0.057631386606720375,0.10814919810629464,-0.013997338664390478,-0.05378686366037629,0.018463909644649196,-0.2518868666530434,0.01725935713872026,-0.04716094143058443,-0.13305685692914943,-0.03482788761751202,0.042703065370209584,-0.07444629201208551,-0.020879506265736245,-0.5313256268580184,-1.0205407555282535,-1.2337992489378855,-1.3214103983374064,-1.241321455280464,-0.9831950553676814,-0.08802024514981423,-0.010496922727030044,-0.056103284798034045,-0.013089393077395236,-0.029336060819251837,-0.12498746331702924,0.03514629162816926,-0.8684898333184441,-0.2510918513680599,-0.06467363453561044,-1.1546224888793788,-0.02921467519550629,-0.14408490885731648,-0.5220415694064463,-0.15965461481700893,-0.05622779298001389,-0.06877863777482812,-0.4965040623010614,0.04888145046854912,-0.3228873593238919,-0.5764964990184884,-0.16469088459274406,-0.030880000640393226,-0.0012937936358435802,-0.07208784564507496,-0.10044007384513806,-0.34665646242783227,-0.28971108622835556,-1.203758876728055,-1.18074078930245,-1.2501164817100368,-0.4938074787199973,-0.0255820717899769,0.05089788327137806,-0.4562837447115022,0.03585812309472427,-0.9849484500498042,0.014256698271432083,0.05635710489796762,-0.011217600041384113,0.022422028937183165,0.025997835077704777,-0.13650198413431813,0.030622347791972003,-0.017805251017875844,0.054685178192469326,-0.03391142873626381,-0.21637949515764432,0.24308323159722764,-0.10307028467503099,-0.26463402195393515,-0.19521984294708059,-0.04968601505293875,0.19015902573332552,-0.0849105865191528,-0.14960611987357406,-0.25011472281002395,-0.04543366064295931,-0.44734763279218603,-0.5705127529462454,-0.18297651323686262,-0.10195971454181274,0.01965338749150354,-0.026448566740952098,0.018403702141051605,0.03220524828854589,0.023645932224724157,0.04047926200911749,0.04990463882594186,-0.13104231947712155,-0.013386309796183984,0.022996263777068995,-0.21643939733991144,-0.47399532695960633,0.05784684296491269,-0.021698331797621834,-1.1184103507276268,-0.60159886622823,0.019947502879808808,0.08323375902845673,-0.5106283844896207,-0.05145096951351875,-0.16428029598202606
0.015999235262760373,-0.1025031230335256,-0.04933634625709965,-0.18406439774582206,-0.418053259315456,-0.23273260360783124,-0.3747993222187697,-0.2356110557245007,-0.9426544801401793,-0.04132873981911919,-0.07170666503037225,-0.03384406195439551,-0.0015162122732276793,-1.1067719040007729,-0.9544852423241481,0.06870751565740654,-0.066576241735898,-0.2342362965656883,0.021764938269505207,-0.1908146858754555,-0.19471136864764466,-0.055067424194449405,-0.05780394027335647,0.04919150684171514,-0.07776070447967497,0.0036307076659421703,-0.9773013734959187,-0.08259942139552202,-0.0401370086417,-0.13015119425951222,-0.2335515234982279,-0.17125978755238627,-0.2710803043611131,0.01354356998403646,-0.5483124079813592,-0.6063888134485022,-1.0021324688727946,0.044458836357807376,-0.6972749218723048,0.006078094184510632,0.034154249187278024,0.017451455301914096,-0.01419626661920774,0.01811645028527622,-0.19517074351624825,-0.16098959549618713,-0.06263348635280813,0.020906616808760395,0.052626747325443375,-0.05343519605247261,0.12371506989879352,-0.28341941125594283,-0.2779109098599564,-0.2393507836083134,0.24143245765573532,-0.45974737000339755,0.015067963241642274,-0.10683094259004078,-0.7950567884338474,0.015817072330383937,-0.08547743498218535,0.034192221911502126,-0.047891134354824165,-0.03674390039350617,0.027085258475279737,-0.040723898560681995,-0.014464261491348024,-0.1770699100188087,-0.03546096529800817,0.004383280616536796,0.08127635076699534,-0.08101426634698768,-0.0035189011925819123,-0.09781855962409446,-0.07577055772072096,-0.5028807026069554,-1.1729609031224675,-0.3808858955434334,-0.4828668360602399,-0.35345465571956686,-0.4430077673234647,-0.25027805403347864,0.305064388374193,-0.06952760425953985,-0.1478658482232165,-0.01821040885588538,-0.06200614919731402,-0.11384402540495699,-0.7258943786198849,-0.14503285615674594,-0.10798800734433334,-0.510222939411863,-0.041042494536433445,-0.041492667735881256,0.0005998397423695904,-0.12709658193697965,0.10214258931196356,-0.04225167522306807,-0.6216844392014077,-0.06541012185382465,-0.3130409810979513,-0.2796453560830087,-0.11149993270988001,-0.13502525990430175,-0.015436026016515477,-0.03410626470813255,-0.10372571944034796,0.006558553581274634,-0.17097871671154824,-0.3722884170179078,-0.7462953635563229,-0.591870813853372,-1.374446111208663,-0.12518422100278054,0.08758587226931651,-0.6484805852226845,-0.03952228984129441,-1.02536044980552,0.06364938375834346,0.033221025611191564,0.007346240518152772,0.08460086784919386,0.03500036119784604,-0.09011059689387968,-0.04588122219378851,0.025759892451645,0.2695546182485715,0.060910084155381565,-0.18090061892601916,-0.04464555978252713,-0.13815729576396527,-0.12511984669543982,-0.2642662696452913,-0.0595113790737644,-0.028667518980023964,-0.08998628423400029,-0.34845597162081643,-0.006247236505688888,-0.007149169342219238,-0.40129250726691607,-0.11587147905205476,-0.14227152882440944,-0.010514792594132742,-0.096049969357153,-0.18146774634150797,-0.09948910957551753,-0.013748757598463395,-0.0346824757373469,0.043422317703487756,0.002374446733478814,-0.1004838357855592,-0.00223233117290816,-0.0036202443556084068,-0.1763454554185962,-0.5515197002547192,0.11631977737750343,0.03404280495163635,-0.716508837465163,-0.37305301579408573,-0.15700602817908538,-0.020203322831331298,-0.2799388328391009,0.017196648832761553,-0.2688529161209991
-0.0656277711424811,-0.09871929451955246,-0.013196206896305098,-0.42731050115190555,-0.010801369039648217,0.026528754227134826,-0.019001489921532114,0.01629743776598137,-0.5718907934044842,-0.17004296749100462,-0.22841487140373418,-0.20086488257181873,-0.024387638735755113,-0.40955723373995956,-0.8073656737054773,-1.3188198511742086,-0.1773184309056885,-0.05971673796646736,-0.047723411078539835,-0.027819002212176525,-0.3107412864484097,-0.05570583198552921,-0.08054243045707345,-0.03696543957912921,-0.5321649420568871,-0.02286790360601416,-0.4186920527574049,0.004521577505466649,-0.0852361291750635,-0.09144768545050962,-0.30327081961847563,-0.22192075250512894,-0.27898016485548693,-1.005001226217818,0.00780260217434756,-0.3473291783193702,-0.887416428461085,0.33599351538502514,-0.8630395408046518,0.04601487791804685,0.010927480185914253,-0.03970808115686453,0.018112796418896127,-0.028582190897513356,-0.03246483869432831,-0.20501977448612357,-0.16091855412174758,-0.04879683525579892,-0.0028878776560968076,0.015571708118544043,0.08417314302072972,-0.0037892225654366195,-0.3503552859542137,-0.08566610946120917,0.06193896260559723,-0.4053009874221673,0.051540073775176394,-0.5051317585784484,-0.9864650614312865,0.19063087442257937,-0.029806764898998684,-0.002180980624678501,-0.05233777055580566,-0.07550286151501584,-0.0005140767992685866,0.16517026848519636,-0.02421070104854222,-0.26873218593699083,-0.0911693433739326,0.10979619242781206,-0.04205781492717192,-0.0637446355919873,-0.09182175857818453,0.11581397557173172,-0.043757734603894496,-0.27025348694521373,-0.27572975302288943,-0.03306831970767645,0.05932112654691665,0.00831682173012585,-0.05183636672264735,-0.7703158832549993,0.021790536443811466,-0.2876697100649196,-0.428884048779072,-0.06012637263699332,-0.12796780656045897,-1.0046825236743193,-0.16174919493872106,-0.16930265427138994,-0.11195361233488835,-0.052553016656380534,0.06816222452533935,-0.06769588216461829,0.08647030668577302,0.20524841350538048,-0.3462372462598868,-0.04051456075368774,-0.09113788974057571,-0.06995331362996578,-0.3982270638712194,-0.1450067153622351,-0.14443970007589116,-0.1811415142567664,-0.022356250291099698,0.010476866395939395,0.004151427763939727,0.04009415330297154,-0.14734918710845366,-0.17633131467423266,-0.014362274084038531,-0.1299582749388358,-0.02687415985951405,-0.03957412560543919,-0.5048688862632985,-0.0717187102396429,0.005484260671822149,-0.9910407616132801,-0.05337288944303024,0.08665829072627493,-0.0383687449304012,0.0049528027867664,0.05067198594014365,-0.013638719233978478,-0.00458502882392487,0.07739848357952187,-0.027012688735058406,-0.039945038685785764,-0.015619343753902065,-0.012461761970377324,-0.03652972856485582,-0.05492198142509774,-0.24058906138095684,-0.04838887749674495,-0.04961932840167106,-0.00496452748094149,-0.2272619990287715,-0.03557665250836208,-0.06723309531632912,-0.09423192819330534,0.037287650593210236,-0.12300680435721836,0.1418113351155739,-0.4249193996657088,-0.23841592538242487,0.003539123667008662,-0.09329293066277755,0.014015207516456582,-0.011441016530604625,-0.19977298387989834,0.0251051211754833,0.05479577750970176,-0.005425421383997701,-0.001027026353876824,-0.09596685697430736,0.0364517524258427,-0.020791332643357398,-0.21530172820187485,-0.04174683416519256,-0.34272334249656666,-0.08265499927531428,-0.009291380195123563,-0.012407247643856667,-0.314741215528185
-0.17910731414122097,-0.30086379082136744,-0.19858641941449784,-0.2941811964777388,-1.3188198511742086,-0.13726625671286585,-1.3188198511742086,-0.1612379100555096,-0.5438911524190915,-0.2958616828588637,-0.30086379082136744,-0.22706273827018916,-1.3188198511742086,-1.3188198511742086,-0.5875940948538212,-1.3188198511742086,-0.5438911524190915,-1.3188198511742086,-1.3188198511742086,0.06308771167609692,-0.2800568834273257,-0.055227875687434855,-0.3868283283613656,-0.21481671342880282,-0.2215731689366025,0.09261145036942921,-0.10590780152821842,0.08336800123257958,-0.17044673674508495,-0.16063003151816738,0.007007341734857531,-0.3472213712661372,-1.3188198511742086,-1.3188198511742086,-0.20015735127970752,-0.23782936465357268,-1.3188198511742086,-0.2909995085369842,-0.21756804444286926,-0.289913183240848,-0.11265745562835906,-0.09039983827024638,-0.10961102514337269,-0.1668866215067041,-0.15556379579165316,-0.2070738478459315,-0.3152583929624151,-0.14913303860147972,-0.14555378234721214,0.18713359428939663,-0.0024646686249241473,-0.36395224926019437,-0.1936653789357825,-0.4332672655230195,-0.022182412753942015,-1.3188198511742086,-0.24688752093198962,-0.8350957410658576,-0.30492150009367164,-0.04368920230681822,-0.12861692987430315,-0.14118707564920271,-0.0821790280220955,-0.032866127679289044,-0.040338826878529514,0.3577701496702188,-0.03829308748326704,-0.19701572044717078,-0.0722846218904956,-0.08055425657456042,-0.08293565236715554,-0.15177121876721983,0.03899355830500983,-0.19978456329712013,-0.1700873548240631,-1.3188198511742086,-0.37292418372727393,-0.7643111696467275,-0.22999980529167546,-1.4666936737764273,-0.35466600133701404,,0.0007917837871650814,-1.4666936737764273,-0.6410925586546496,-0.012125857642352567,-0.24323299960323438,-0.23946036226800388,-0.039644034762532546,-0.1830830354040563,0.07826523014453557,-0.308310892043912,-0.14049882292726287,0.1643315427078576,0.027489188285068585,0.16624597698877938,-0.595320815686036,0.0596997663850807,-0.3179266909143368,-0.13140144313633725,-0.2337706009186004,-0.11740602930493382,-0.11989384116085758,-0.23310451347403213,-0.07521396050669453,0.08649390551585859,-0.056146266787509384,-0.15745162986995653,-0.9382834441148302,-0.4374453957541373,-1.4666936737764273,-0.248384047239999,-1.4666936737764273,-0.33600898232792586,-0.6279246339031124,-0.05842451739417849,-0.1765337246335247,-1.4666936737764273,-0.055722459645896935,-0.07134902183789163,0.03261683373860007,-0.04723897615857407,-0.05436222397179735,-0.1414587356946209,-0.09063318211121921,0.037443940056720096,-0.08976889874226285,-0.007454322147968432,-0.02174182587663497,-0.02774096659081957,-0.16621071045031038,-0.00511827212651851,-0.38387960283221334,-0.2727579849706561,0.019108679314660447,0.12853293487386663,-0.9515872828146344,-0.13781082737010011,-0.11439090849534411,-0.1706681385230502,-0.22166325138629966,-0.22932875636258018,-0.6023442762204475,-0.7188750420874799,-1.26877929253112,-0.08548408859538288,-0.10820158697419921,-0.05262936343795653,-0.130856384064133,0.020274294602717763,-0.6130134797197088,-0.012095201442102304,-0.09414904375813425,-0.44513058266071953,-0.0796329563387532,0.2145624674007212,0.010395320871102554,-1.4666936737764273,-0.13405827453882713,-0.1273576221258863,-0.07229030423090921,-0.26755717814516916,-0.19206044807937028,-0.46166470489954115
-0.07288168045239624,-0.17628034923079988,-0.047095172358551214,-0.4187584831500739,-0.8350957410658573,-0.07095128600411921,-1.3188198511742086,-0.06313752773481092,-1.3188198511742086,-0.26997873348097473,-0.17794515172993353,-0.2205246723766483,-1.3188198511742086,-1.3188198511742086,-0.6041728196671828,-0.43204625806102953,-1.3188198511742086,,-1.3188198511742086,-0.1368610398522381,-0.26012627448252523,-0.13287216669242807,-0.06156336365050331,-0.13895514921668098,-0.3936600483474167,0.07551212737861565,-0.045310107221696136,0.008997130786994637,-0.06179925192849152,-0.034483472435183654,0.028043869136978556,-0.36259531993221156,-0.6586255357114378,-0.5761369281249051,-0.08426487118343066,-0.10404896234485761,-0.6625822941647976,-0.14268571450933465,0.06457412068103577,-0.12864707393503602,-0.029836662750940487,-0.0732309140836167,-0.012644389592614953,-0.011256804430167997,-0.149066466292548,-0.271243284835718,-0.21841855043170633,-0.06604043622802666,-0.014335208654257055,-0.023038783602498825,-0.014729565338282223,-0.21152327524402764,-0.23308828190799924,-0.38124945904404706,-0.21181428424336593,-0.1922888310323755,-0.2360675688327436,-0.19314997026511185,-0.5192370380101244,-0.0014954841041946003,0.09425309697632155,-0.00104271132591076,0.06457412068103577,-0.04855057073116367,-0.09934228860610933,0.0077981033613694715,-0.06096329352976524,-0.22854777174744012,0.04571674877416129,0.06457412068103577,0.04212098668438526,-0.13805247417100688,-0.05783706500756297,0.040516498696169426,-0.0718177715320735,-0.2583778835754416,-0.03128035172523191,-0.4960143652494981,-0.01967289522984863,-0.5220189238862523,-0.08900140483049063,-0.4660668927308232,0.0856018464006483,-0.689450088995844,-0.7163227741461596,-0.09901206696699463,-0.18131979580999105,-0.1741372789156449,-0.026390096528731827,-0.19608021531452416,-0.07387817160206794,-0.4864651948946991,-0.014550419411852308,-0.008170155953629644,-0.006268901146123661,0.08978983899061703,-0.27026209601550905,0.07242464094193188,-1.4666936737764273,-0.19603506898642947,-0.3459896888012589,-0.1906613709221969,-0.10183877142478073,-0.10081272324242574,-0.12211980980470263,-0.0424401954289573,-0.10143682835025379,-0.09214342810372926,-0.28063272288591834,-0.4920930940086149,-1.4666936737764273,-0.4358302436275785,-1.4666936737764273,-0.33494065220684494,-1.4666936737764273,0.02728804396604119,-0.07800803515332132,-1.4666936737764273,-0.0425099287831988,0.006924094897844668,-0.06730104462919678,0.040019375291841,-0.037226675545082445,-0.07673208772221926,-0.03982910081062576,-0.010090588129359795,-0.09772188733101578,-0.09690011738443201,-0.013458335113607603,-0.027025484297307452,-0.08313334377066062,-0.034683382853063965,-0.32936377686845275,-0.0748015094792112,-0.010580978445606569,-0.01967289522984867,-0.9142590471681944,-0.25635386226752843,-0.17622885440441943,0.13252078527391362,-0.02993880798889399,-0.14053502719551084,-0.48023953720552415,-0.7591589076070578,-1.4666936737764273,-0.003474868863477467,-0.13428284138591337,0.04259730598413354,0.026872985138311795,-0.08250571055696398,-0.04992469522674167,0.028315168903997257,-0.22416351903114493,-0.6249944159324953,-0.21133091539216126,0.04102433818985836,-0.06504068508323291,-1.4666936737764273,-0.2786755111843228,-0.198694438985189,-0.06506983826561871,-0.4011423004583169,-0.4602981226620611,-0.19608021531452416
-1.3188198511742086,-1.3188198511742086,-0.8110548966720216,-0.4449818143186268,-1.3188198511742086,-1.3188198511742086,-1.3188198511742086,-1.3188198511742086,-1.3188198511742086,-1.3188198511742086,-1.3188198511742086,-0.47388804087991165,-0.4159391875401003,-0.6280509765118807,-0.8648623940776626,-1.1757222716114917,-1.3188198511742086,-0.3260005340636176,-0.4962861725828661,-1.3188198511742086,-0.17830849205500512,-1.3188198511742086,-1.3188198511742086,-0.2700472619006744,-1.3188198511742086,-0.5381803555134271,-0.44618260140725224,-0.7024120012166781,-1.3188198511742086,-1.3188198511742086,-1.3188198511742086,-1.3188198511742086,-1.3188198511742086,-1.3188198511742086,-1.3161792794187532,-0.16255572551263245,-1.3188198511742086,-1.3188198511742086,-0.32923313150034933,-1.3188198511742086,-0.48945676490988926,-0.6405927155439335,-1.3188198511742086,-1.3188198511742086,-0.7178191340082839,-0.38811129051759796,-0.7822273793053992,-0.37180118626213865,-1.3188198511742086,-1.3188198511742086,-1.3188198511742086,-0.6739426396530261,-0.5136558718924559,-1.3188198511742086,-0.5695321835638418,-0.23826685426415056,-0.3912626330997856,-0.40170441560047704,-0.8025119042038217,-0.43128716715457655,-0.2102148617824703,-0.17256038787246494,-1.3188198511742086,-1.3188198511742086,-0.6834230724752737,-1.3188198511742086,-1.1553375154917793,-0.41132722469578115,-0.25993918060802274,-1.3188198511742086,-0.7689208538349098,-0.43664298562214493,-1.3188198511742086,-0.5463440822804483,-0.11129727447329864,-0.30086379082136744,-0.5426713735722111,-0.5571456190301939,-0.7057351541384329,-1.4666936737764273,-1.4666936737764273,,-1.4666936737764273,-1.4666936737764273,-0.5654604613020214,-1.4666936737764273,-1.4666936737764273,-0.7591589076070576,-1.4116658288433204,-1.4666936737764273,-1.4666936737764273,-1.4666936737764273,-1.4666936737764273,-1.4666936737764273,-1.1002033018282829,-0.6410925586546496,-1.4666936737764273,-1.4666936737764273,-1.4666936737764273,-1.4666936737764273,-0.6262343552206967,-1.4666936737764273,-0.6410925586546496,-1.4666936737764273,-1.4666936737764273,-0.5864344942794596,-1.4666936737764273,-1.4666936737764273,-0.5467453678748447,-1.4666936737764273,-0.8053161756761911,-1.4666936737764273,-0.8178608536627597,-1.4666936737764273,-1.4666936737764273,-0.6211011303739625,-0.6992047430981804,-0.3259424915862714,-0.4429593963922113,-1.4666936737764273,-1.4666936737764273,-1.4666936737764273,-0.5722644730587241,-1.4666936737764273,-0.5571456190301939,-1.4666936737764273,-1.4666936737764273,-0.24461655528067291,-0.4970606480124708,-0.13866387704596772,0.33944370795736967,-1.4666936737764273,-0.8538360238448961,-1.4666936737764273,-0.4350917870634073,-0.6113268194823331,-0.41659137955483105,-0.697313132380622,-0.561058656332413,-1.4666936737764273,-1.4666936737764273,-1.4666936737764273,-1.0508526178678979,-1.4666936737764273,-0.4952370265414311,-0.33382037148190413,-0.7591589076070576,-0.4325160868717095,-0.18422619374098748,-0.29986452604114733,-1.1579166724916445,-0.3835832999087375,-1.4666936737764273,-0.8604469827226177,-1.4666936737764273,-0.24215741568796337,-1.4666936737764273,-1.4666936737764273,-0.9408385084783966,-0.49773239512472056,-0.5881101287777799,-1.4666936737764273,-1.4666936737764273,-0.27772226446751547
