-0.19365582099121173,-0.4594144861267237,-0.22954534273996213,0.01464432272172503,-0.2099819981881572,-0.2504945839762973,-0.1279290458866289,-0.10666242127306505,-0.31724957833056094,-0.09800127261338619,-0.017388238376299228,-0.0660141669214994,-0.07355121220045106,-1.552071905911986,-1.552071905911986,-1.552071905911986,-0.012634142489487795,0.08304731028303783,-0.11422225234502956,-0.9457006562333526,-0.26051481153294775,-0.24069213154875735,-0.2192041342388783,0.2390460706355154,-0.0406686466919044,0.009828399585546313,-0.7271928826256122,-0.27575697444074093,-0.05186304387663706,-0.3564844151391619,-1.1631433745473134,-0.36123225723910013,-0.4070671800125557,-1.552071905911986,-1.552071905911986,-0.9761756329049422,-1.2761041758083471,-0.19086807838862715,-1.5396105194543286,-0.16223888677938286,-0.11368837436165324,-0.02886778181013711,-0.1165848921901528,-0.09021184791085593,-0.009962044415979636,-0.1389383850623909,-0.007423390110723276,-0.16030257347179397,-0.08100634941234366,-0.07332493858518878,-0.08216567510852323,-0.1516610885861095,-0.4238529596469299,-0.4590002269556673,-0.2380442309900918,-0.7681563787339954,-0.3239705150731874,0.016073995290073428,-0.11363909074710768,0.025383563668655445,0.08691659636709854,0.236771325358583,-0.21195429910334979,-0.09253180334998361,0.1103211252925591,-0.00738292479013853,-0.04976184975148113,-0.11456041976164136,-0.013701930350959813,-0.006012430116243339,-0.12240080743109882,0.04642121651561428,-0.03193523518144034,0.012754950685609919,-0.2721818141089061,-0.10269341252736201,-0.23342265273778007,-0.02993240201866243,-0.019359527863308766,0.0161743970778018,-0.015677157219446503,0.061198914683919726,0.20074631895481013,0.33946315406423067,0.13145853076535055,0.1634519472082148,0.09993224186969929,0.013586044844396478,-0.10723521983599128,0.07682830348582956,0.1622391411246807,-0.18696735232013342,0.08234508830530002,-0.005955821419099241,0.20217019134428837,0.00280417271558161,0.12050249564859643,0.0213851739547279,-0.06270329067545423,-0.07245141520488739,-0.14271018009187086,-0.07211343226036257,0.003129954419595107,-0.026459577969814158,0.05867208254615242,0.07366734349428336,-0.07124022319455882,0.4257533132357216,-0.12234304301952295,-0.2576876127571058,-0.17412548264402244,-0.19159220049051812,-0.18760359070871133,0.014160448847089694,-0.0616191784600561,0.153778711457011,-0.013223034072828072,-0.13809265947233493,-0.028985509111772573,-0.020057192804749303,-0.018505039849666678,0.037566876657756834,0.000345292627631642,-0.03411069501171063,-0.10419938627253976,-0.006895023032030193,0.10425204658565054,-0.03963783650847507,-0.11835199564027486,-0.027225842098801068,-0.08218530785581067,-0.2741517152351729,0.009777106998776012,0.01395945480552989,-0.05109097772192575,0.017230835493913587,0.04238019257068858,-0.050526616770519645,-0.045493682620671924,-0.052126812124546486,-0.1065467566805622,0.01944288964789062,0.10415763883860851,-0.031110219830461926,0.0180386613616247,0.03003393453212417,0.025343032926259695,-0.015653410743560775,-0.0019096183713379292,-0.04611058959871713,0.07609366550002104,-0.06131344626223722,-0.07580169152290658,0.12464966856081014,-0.7339366199020495,0.13628243076425467,0.010231632790202545,-0.033610357158558195,-0.4652523693440484,-0.039811057155614574,0.08158905283939831,-0.49180264495729364,-0.19149759294793905,0.00868398203403558,0.05588855047152855,0.07887959604385794,0.09995482931577017,-0.021946221936386155,-0.07861142175386755,0.06631765034069624,0.05389238582649782,-0.0071076008168817284
-0.15377404104530684,-0.2799941079290813,-0.16583434320376117,-0.13578881239688773,-0.12203949313075313,-0.19869300949506896,-0.13260816958655913,-0.32946479652535277,-0.7077759042308901,-0.1054766204271243,-0.24319843157558801,0.31970504991987486,-0.19439376664895353,-0.11732238070403628,-1.552071905911986,-1.552071905911986,-0.06228980831461271,0.08954290756912359,-0.10859908288098777,-0.5338914596390327,-0.1461744107622432,0.27817310618487645,-0.27064152752049697,0.15506771443568304,-0.14088938714296628,0.0021722548013080787,-0.5906847603417571,-0.15347528198378843,-0.053424904996644096,-0.33591158803110727,-0.8027342051947729,-0.4330190641297638,-0.9400541102307354,-1.552071905911986,-0.4921730490739328,-0.6714531944535432,,-0.12074740042976852,-0.5267534710611559,-0.1317937445806567,-0.06943105382979854,-0.07821082038164566,-0.06814357280532339,-0.0726832105342093,0.06124847111582776,-0.1082370638532531,-0.11503035538940169,-0.09855383356152653,0.0011229704459455642,0.031764325173911145,0.1133900257176166,-0.17433993047294208,-0.45251556059241355,-0.29888061108551045,-0.054294982471226154,-0.6463216199890959,-0.20053479893173495,-0.15944470979225678,-0.5087770335107658,0.059250047624083764,0.12197019436437291,0.07346832079033049,-0.06853529300957634,-9.131645118549366e-05,-0.1542180229253982,-0.03205665769339013,-0.03708264053316455,-0.1989656256008739,-0.03779724593798298,0.0947417767497141,-0.07546149516441604,-0.09690855492920805,-0.015249617510739468,-0.11994763306661248,-0.24430593613934,0.01879549639304542,-0.11198553505722994,-0.02603054299512202,0.0,-0.04752923771058932,0.030619417341153605,-0.15023526971862552,0.14223823786442014,0.045385672070762856,-0.14318995877086702,0.06058247975491546,0.009251124664912388,0.0834093634021092,-0.12352389879590234,0.008595871705830952,0.031749001402810076,-0.14455528450674412,-0.19566334900164845,-0.23505756972556555,0.061240215890893616,-0.06546139691243422,-0.17580080276820037,-0.010303240858545221,0.005301804974965397,-0.22189882812473702,-0.1980647956275764,-3.1677753535186466,0.09635873048552586,0.016121387589356332,-0.07726799174192513,-0.047570985954377545,0.1531253430208892,-0.13781611000222924,0.12376254207564695,-0.13183716668325485,-0.26894541514369774,-0.0772864473004429,-0.2896261695796975,-0.05384024859842029,0.2014912021576686,0.26380382724811124,-0.029867754803518526,-0.06869377183722337,0.08641815453232965,0.06530000633073269,-0.06849364971752943,-0.013019352604957945,0.05601196627617058,-0.05335513667851001,0.018008667545579327,0.1489645076198554,0.008719280061032687,-0.03613827962515606,-0.009526499204990513,-0.22130866721169126,-0.0006068827468330762,-0.09772319062677715,-0.11337074986737104,-0.14868556189855006,-0.11377614560148158,-0.16672863971001806,0.10030813990069569,-0.06433363798819046,-0.18591141390146032,0.07282496993617814,-0.03195952929917728,-0.011439510971571238,0.0766405072587202,0.12633953823991956,-0.17516567053978419,0.0614887122749334,0.09713660046055264,-0.08278798224355466,0.050031343596855335,0.0545329346722552,-0.015928902119418793,0.14489576744989466,-0.09113314899464815,0.030499010831834015,-0.656261522677562,-0.04634867855013313,-0.08883257640531303,-0.10913191609131338,-0.23700394586545384,-0.21496367532234079,-0.03873488706494522,-0.31553372737360497,-0.1325266260984497,-0.07434939188835321,-0.07141092633498379,-0.19288764042373122,-0.11401706608655501,-0.003090333128718135,0.008209322179838338,0.06376913562808423,-0.13413855942312372,-0.060694553039211036
0.024987358071618088,-0.05100703132729652,-0.03182454154687652,0.03032734819271346,-1.552071905911986,-0.6737148016687244,-0.4965829359602484,-0.7432201351271449,-1.552071905911986,-0.12512026864627607,-0.31663908772335725,-0.10759927178348218,-0.11370457063022056,-0.21908497705024027,-1.552071905911986,-1.552071905911986,-0.38622429602523767,-0.23001466661168699,-0.7403050559951091,-1.552071905911986,-0.29064787338537207,-1.552071905911986,-1.552071905911986,-0.3417260808908294,-0.06800327623324254,-0.16049746099657877,-1.552071905911986,-0.1258314972109141,0.09827153317641163,-0.09457182463453903,-1.552071905911986,-0.11872230356353956,-1.552071905911986,-1.1655206855347506,-1.552071905911986,-0.06915923800710215,-0.08201529585934475,-0.597385681785631,-0.41956187075624674,-1.552071905911986,-0.014692466834516688,0.01706933095566085,-0.12159399249753398,-0.05608963400248516,-0.06293919360943323,-0.02394723723488138,-0.043454927403107406,-0.03247930473922349,0.002263950958060043,-0.05726882813301706,0.21261324987218294,-1.552071905911986,0.024688311229057826,-0.7555538848867802,0.028549851441732867,0.09827153317641163,-1.552071905911986,-1.552071905911986,-0.47026559889499925,-0.17326421315866158,0.07370028347865704,0.07348458108569293,-0.07058754271024356,-0.17862853017034025,-0.19309359112356853,-0.18416525065740746,-0.055958046771806165,0.09827153317641163,-0.00013709427282468096,0.11329292826330262,-0.12964591502041295,0.0376787817559231,0.10612474736249287,-1.552071905911986,-0.0980894220211234,-0.17358540548366483,-0.47014764242609997,-0.6392548806197916,-0.014093801653351053,-0.5186179046547207,-0.4178270245626588,-0.003711425108740804,0.18440091873455777,0.2190201071396671,0.1590567677256861,0.09475073437037758,-0.0010138236782772918,0.00972613447308243,-0.36264550647172844,-0.09328220959465959,0.06328088721531328,-0.17415946119717227,1.7644382750599876,-0.11573799794799793,-0.11633487859641786,-0.06782923344932767,-0.051309862632301736,-0.2734875956703374,-0.5025548469768091,0.09924050766145355,-0.35603412375989757,-0.20210307085732496,-0.35936244030366693,0.13092175402162382,0.011419260940339154,0.03340657695981689,0.05150597472623615,-0.13370891867364934,-0.23027665379949844,-1.3652257617847527,-0.6707463589162368,-0.6643307033559427,-0.7402551498591762,-0.05559942435016008,-0.23761184749246927,-0.17295934245932848,-0.047429351377949534,0.02140623308453882,0.003581979494640853,0.05194804134006976,0.12056446557664627,0.10973242253923758,0.0067025302592004475,-0.002299912907856298,0.13092175402162382,-0.08790770945741887,-0.01670356905491504,-0.0031327701755717416,-0.3063524363777116,-0.0432563157034747,0.13092175402162382,-0.18134211543148757,-0.24558390586925938,0.012876060957045951,0.02176363642169356,-0.17081657519593987,-0.13857498789900455,-0.24483560488577147,0.044325008430104305,-0.03588493648460571,-0.038881409768217086,-0.015686678162881593,-0.2936046059631289,0.13757656704445123,-1.2546410534487034,,0.07266670334873042,-0.15339219075926222,0.0903067129796312,-0.006187051296927293,-0.007447966089534631,0.04809311845519766,0.044301020302077214,-0.2305805405907758,-0.8565150893220115,-0.08419759344637617,-0.09453031560382348,-2.060566259868388,-0.8204673411214465,-0.08110741603502367,-0.01179262473064006,-0.630863080472464,-0.10757607303461728,-0.05812886811330231,-0.01988047688126015,-0.05870364699828477,-0.0001509683948248999,-0.11548601301235036,-0.24288242005018004,-0.10822172183941187,0.07971074637265071,0.10181349362120158
0.004233794976521443,-0.10441922159895627,-0.015589854568730984,0.021568515028093687,-1.552071905911986,-0.22596802423754192,-0.09376033706275162,-0.5816020794065894,-1.552071905911986,-0.02574852852292498,-0.1371868001575214,-0.5314950494345625,-0.12353981815538728,-1.552071905911986,-0.2674878641179014,-1.552071905911986,-1.552071905911986,-0.07979560674244708,-1.0902094142825325,-0.7670578504076979,-0.2212684161653426,-0.16185380531496346,-0.5331676599119419,-0.3290664126128438,-0.047801717816906855,-0.026448591146612428,-1.552071905911986,-0.08226087912198872,0.02859408094916422,-0.08114060032140279,-0.9357345150951174,-0.13428697430085848,-1.0864809236726698,-1.552071905911986,-0.46791163952312664,0.09827153317641163,-0.5284514558090506,-0.37487615835583404,-1.552071905911986,-0.6453202357343966,-0.013344670091233794,0.05324934328265445,-0.012623987710959626,0.04774983918143253,-0.09855383356152649,-0.18028351525875913,-0.04845672908655041,0.0934273308974137,-0.019537927775248657,-0.005977540727014932,0.2425627132589425,-0.3990232706066115,-0.09910063348380911,-1.3315537378822404,0.16544353217649743,-0.5379556896439436,-0.6363222730334887,-0.29657020147538576,-0.5706994733227589,0.02678662111405544,0.09827153317641163,0.09827153317641163,-0.13795193193319108,-0.06524570739282257,-0.24191446284795495,-0.15686571237937458,-0.08244296010693786,-0.00033863556099323315,0.016114643004516788,0.08273021257349424,-0.18814393974857227,-0.05328202938201388,0.11028818786617406,-0.06458822120404759,0.09827153317641163,-0.6672247968646496,-0.3596252079376299,-0.6452486723999303,-0.017629264136042787,-0.05425208874467367,-0.16807045625041683,-0.01481423186430533,0.15460505518592094,0.04778965713203446,0.23670775712256487,0.09535445035076306,-0.16175099166793055,-0.06580906574937566,0.1530631355650203,0.040361211230556346,-0.07986889221613859,-0.04524312043399815,-0.17678918730940255,-0.2866439374936941,0.03806450243048137,-0.010268036226145572,-0.048838155138553,0.039913805387481426,-0.6292477770800589,-0.017241037212007284,-0.32309711585990974,-0.31197455713669375,0.7540772798641163,0.11407697177928984,0.08167480959563765,-0.08449065611853435,-0.06753072531950723,-0.1602739469568928,-0.11271188120722865,-0.2800832063409924,-0.6458238953048434,-0.565952452700157,-1.7545980791655609,-0.07353628201893618,-0.3879453872109646,0.04217787901301476,-0.1541752299707658,-0.04175889839549013,0.11569577555241936,0.0775230781433359,-0.13013394365211486,0.25579358158257154,0.03652430171544797,0.11706358468271598,0.07355429915771512,,0.036731961062415476,-0.022821530738086963,-0.0019747872816743978,0.09319885573834773,0.04812046656828847,-0.15860386197294,-0.15653648466813555,0.1530631355650203,-0.1931788280825466,-0.10281343666752694,-0.23925858560266564,-0.17863553549130717,0.1567701234273388,-0.009809327820082103,0.001161401308241213,0.03489073946197518,-0.24444162159093732,0.2900108329543232,-3.1677753535186466,-0.19963722281390311,0.1177587674052076,-0.012445388207553431,0.10332053752201252,0.12243296072566291,0.15228584089643096,0.037305001791587834,-0.08659971135428317,-0.16609563856196777,-1.1396404817419274,0.053061424622395915,-0.061329962140282024,-1.4979664871216405,-0.2609738250507115,-0.05739482717812491,0.047994055351361885,-0.8459307742309105,0.009713387060607752,-0.008390630336579085,-0.11929707287128609,0.026261766499909415,0.09124434284427001,0.02011598261847097,-0.20381347042881734,-0.09637663551701117,-0.042475338136323884,0.49809059562264046
-0.24919254096862767,-0.7800497153889384,-0.007281724640598214,-0.2540917094093334,-0.13881529284716548,-0.5110018376089943,-0.2081838222731608,-0.049280633504707926,-1.552071905911986,-0.25922251574856575,-0.27639112882087113,-0.06049040002120873,-0.6464798700118756,-1.552071905911986,-1.552071905911986,-1.552071905911986,,-0.055193625663277936,-1.552071905911986,-0.512223925655826,,-0.15898166741504982,-0.02403956520827601,-0.20769699716463502,-0.30024191346203266,0.17584075701996696,2.642908949927898e-05,-0.11249782769516348,-0.13487466285638686,-0.33943913757786126,-1.552071905911986,-0.778096558872605,-1.0939206264049983,-1.552071905911986,-0.19907555935430352,-0.35091599932035933,-1.552071905911986,-0.1598112065733716,-0.09395908517600435,-0.16713051558161163,0.016993039127567743,-0.1095265735818408,0.041353723683091106,-0.08471886561328523,-0.012789343841775762,-0.5887167980505184,-0.22646159625953258,-0.25429143072016075,-0.2004136175328773,-0.052008272307037445,-0.10175576171606085,-0.14750167132917885,-0.5755345251946281,-0.4880833433404152,-0.08245243060900924,-0.9822687331580077,-1.552071905911986,-0.9362231666860087,-0.9967649110692942,-0.0061866008610296395,0.235309631514673,0.22082230906285993,-0.06048043127825456,-0.03435217999709636,-0.09014730924358665,0.06086424709361057,-0.1685612656007724,-0.21902662633766992,0.033847058339252015,0.023721163420092957,-0.1322914543116799,-0.18069759676086897,0.00277665266213832,-0.26597661132753686,-0.2703420995864018,-0.2625758451975455,0.06687772440317007,-0.03370243388669849,-0.032455253672938056,-0.01858072159090464,0.09129979631508821,-0.7417646930714321,0.09827582850540935,-0.3649634032613112,-0.468553299947717,-0.05529917147369719,0.09566298729037698,-0.062397671634074316,0.005377271515319972,-0.03139827694977121,-0.005283471423442815,,-0.25639886779305204,0.019014560540371102,0.032231032943476755,-0.004993386456113378,-0.49995137753619956,-0.4427485827682712,-0.09296662194389267,-0.07823622106446208,-0.2616211041904011,-1.9926467564117651,0.1617636610843859,-0.1649504217936634,0.06624483781698004,-0.02936948619063375,-0.047682899551508943,0.08440623775213806,-0.0715510848559781,-0.3360158959733852,0.08029371783413032,-0.11895783212975271,-0.3397652090454997,0.0520556357037007,-1.228779077728192,0.040621202083890334,-0.09921617661882232,-0.29637689484850716,0.06857649389921691,-0.0697048012139748,0.00935768217769608,-0.05910882373000436,-0.08792530993453954,0.7868778109420342,-0.019966646433397753,-0.036198403769623806,-0.07698241335091889,-0.16149551035738255,0.0012308607526258007,-0.03042577384348297,-0.09849357865276782,-0.17615261159421486,-0.23646260843996142,-0.02160026641939964,-0.03050618378338894,0.017117925453235382,-0.5796463866395185,0.1487444313473731,-0.36734214125484915,-0.015476440262371778,0.01873839638793278,-0.34739281431629326,-0.43563265627279646,-0.10595070037307928,,0.07091498259124919,-0.10077928844764275,-0.06167536823875468,-0.12851551014826554,-0.14858047168874794,-0.04791146865713443,-0.05669370600526491,-0.14153411597316037,-0.2005836282494787,0.13092175402162382,0.011375228973025139,-0.20867305254400306,-0.1386987921932163,-0.26291794142193614,,-0.23936113601261147,-0.3476211668824637,-0.30438895436108426,-0.26833923060843495,-0.275830771531935,-0.013780030039925987,-0.04944510636090856,0.04440825757558917,-0.093713521384839,-0.0778344657315344,-0.1970854639807242,-0.2663094997318512
-0.14840041876415347,-0.29150918257998926,-0.2613202293303992,0.03470420728506042,-0.3897414120693328,-0.30540305377619886,-0.19513206074638503,-0.2452308177278432,0.008678690521499678,-0.04655102019386826,-0.09287091589351532,0.05364530927621188,-0.02395963089992903,0.05680541264738048,-1.1234447828849858,-1.552071905911986,-0.1744067626064036,0.042202366112339,-0.36721263927504144,-1.0617416495580725,-0.13842006523099742,-0.2847167766252233,-0.09395730790784403,0.24109241292402253,-0.028671914102223486,-0.12365331488694713,-1.0826177868992133,-0.4253934966223885,-0.2578707712756701,-0.3173659557447275,-0.8057878060015615,-0.5368599307382587,-1.1279733059608434,-1.552071905911986,-1.552071905911986,-1.2496263955209925,-1.385089908860929,-0.2398226331047392,-1.2331330390418498,-0.33247536582702963,-0.13804643150836027,-0.08331546084879038,-0.09086131555802648,-0.02576867652861233,-0.05605948354123294,-0.0036217747158722195,0.00788962054386366,-0.11486270621869539,-0.00041992205510589314,-0.13030789693579187,-0.09715674227450444,-0.3401319333574133,-0.4572311847231627,-0.7132254491936879,-0.11101347101854368,-0.5895679040985768,-0.5171985511347085,-0.21263714994264082,0.01834257125265235,0.004537220079351014,-0.015295712232076396,0.14266149255552965,-0.09460969435454143,0.14111904566604558,-0.0902404126260152,-0.12589220740631477,0.029497057298530627,-0.11854821506639017,-0.027266829508287842,0.004203636257436525,-0.23993536136745253,0.014219682438375266,-0.009838411987129658,0.022139446555733206,-0.164880018669525,0.06954805627741838,-0.412708071432144,-0.18322553481674964,-0.05936188079371016,-0.011159059096748183,-0.03274735291023421,0.0014983128676800404,0.19177618150363343,0.08464462179755451,0.24842246110040148,0.11549461048040435,0.12962716167055044,-0.009006622022598575,-0.08644215702005893,0.12297545286424219,0.15182010420236447,-0.11311037421788768,0.05295690881904645,-0.09440776578096673,-0.10318444449005516,-0.13996358581483043,0.1933290819067515,0.053596589245930026,-0.09162559279969978,0.022264008219879824,-0.19286387919057787,-0.476909221174781,-0.004296375875237196,0.22759205025773058,0.25892403093638416,0.03733112634523485,0.034635441004504594,-0.15005209449860643,-0.3577729685083708,-0.3021395780230929,-0.3365670047932209,-0.3238141024888969,-0.35473576494305314,0.035742416715706396,-0.0817586976475876,0.19776756684440658,0.04565555623597081,-0.019924507360075394,0.004667839333427684,0.00770300219050982,-0.018309005907721308,0.07199060464954822,-0.023638836633117465,-0.0063200730852462595,0.11987024336271096,-0.03696888557284041,0.21486081904981352,-0.051645186842845,-0.02631867698736217,0.01674913099690593,0.077785766296571,-0.08060212000809144,-0.0797268928577491,-0.07338043916982892,-0.0018070275779329215,0.043177120006482085,0.05905489645314469,0.003809897847493739,0.05175041945192708,-0.1151600640961528,-0.03813545263976686,-0.10839999461415369,0.1046016743160714,0.035345999635924705,0.15876599396160168,0.005381916670257781,0.18525165001875574,-0.029813678701223235,0.03091646002213442,0.03659527963380582,0.0853101271112764,-0.020048368255478736,-0.03761444316417661,-0.06526872715438646,-0.6378184673964022,0.08158518531214608,-0.006777899355057425,-0.3215331235696125,-0.42026276440905025,-0.08915934995674853,0.05065248904845498,-0.3547080942929526,0.011634922118737187,0.06594977826737897,0.08419446938449919,0.17459341265523928,0.1040827074003295,0.07180952187344032,0.03523866866083197,-0.06670528407739525,0.06751082258314779,0.18966740778638136
-0.0902378050536152,-0.3659965468072745,-0.0401510017678519,0.03570707074084157,-0.15617717008252127,-0.15216136682439446,-0.2585367348137066,-0.24355282044059215,-1.552071905911986,-0.2572881631581211,-0.23336756369778094,-0.09886405618696759,-0.11865812292844787,-1.552071905911986,-1.552071905911986,-1.552071905911986,-1.552071905911986,-0.0720005332154046,-1.552071905911986,-0.3061002488918772,-0.2415736849896552,-0.03440033537471085,-0.187755494103127,-0.1847226251950565,-0.024913917770531414,-0.017374915769484335,-0.5743082400139271,-0.22280856848591996,-0.09209256843792842,-0.6064784293836016,-0.11514228720013076,-0.4888600353033954,-0.8785940876710615,-1.552071905911986,-0.47124872709012516,-0.4319818822728476,-1.552071905911986,-0.5656049226134323,-0.5188864976018243,-0.4480406889661338,-0.05925438977417948,-0.09235192137586833,-0.003985426177075413,-0.11318865601601209,-0.04733809141824228,-0.07146608298359995,-0.09765503770434569,-0.132930853669304,-0.027716175125620232,-0.0399159231136144,-0.06597634030503458,-0.4275795923407971,-0.65200042643246,-0.5894912328878409,-0.17704596642880183,-1.552071905911986,-0.5344723227923236,-0.3964979958509521,-0.3095603879211348,0.08232029497922962,0.17212581641739857,0.15846400112353642,-0.09906533668726825,-0.09347787856467205,-0.13795193193319108,-0.023012746613853,-0.0833159458999884,-0.07951709581617211,-0.03837072952517455,0.04065430137973338,-0.06921344912128488,0.03617499465143983,0.015995037007788794,-0.22114359237233697,-0.16302724185726022,-0.27804784612309796,-0.07738215850350115,-0.2723043950932543,-0.036552472996852964,-0.12574754179645684,0.03320838858073743,-0.1761913587708603,0.2027894190579287,0.4310860871602792,0.03310654614810336,0.0785063261001023,0.0423435978554039,-0.08045503862294713,0.20826424937897922,0.5272270746762884,0.020327301689448688,-0.11420205633132277,0.13092175402162382,0.052506875138208696,0.29047366632802907,0.03448744723470715,0.07973098965455308,0.05094196900437316,-0.23178615528874771,-0.1624549814300628,-0.19062394314926892,-0.7879426852460268,0.06197214662366644,0.00014803110384026692,-0.11183597585694453,-0.0032302270993391346,-0.0714957764060574,-0.09419431958948996,-0.1718224826055818,-0.1990495837082362,-0.3379987709872302,-0.4071657943695892,-1.0426542557450769,-0.15287557257988643,-0.007860047001729152,0.14829859559042124,0.0055746478596175675,-0.2366835610239873,-0.13141864182618296,0.07072233448311034,0.009822277176017568,-0.10716067822419846,0.0016318959000986512,-0.0002584518035997322,0.02571389570478434,0.049031694932112235,-0.02549927530830659,-0.15017640217999867,-0.12839523126644403,-0.03011530505147416,0.004307291883986208,-0.18824024540359344,-0.23574726343767122,0.0376604139145305,0.05615089143220145,0.0144709385938254,-0.11011974907490697,-0.12882094565921737,0.02294158026401537,-0.03789424203477685,-0.12478961175643749,-0.12222163924123337,-0.12345191595116828,-0.07390349037873413,-1.1842971850110227,-0.039797354518962845,-0.01765936093107239,-0.017729165010023546,-0.03687567891157055,0.15119044475807356,0.21414279749438822,-0.14521147444233126,-0.19131305669860701,-0.14838959420413236,-0.3734219726131033,0.05835609685250257,0.061089619485755565,-1.0201072555739628,-0.5438411432632534,-0.15515347243395392,0.05831433300188751,-0.5129844545211572,-0.12022013250823498,-0.09204848808858579,0.014603435465846921,-0.01389117042429908,-0.033019668751369975,-0.12693338591211137,0.03730252323022827,0.00014273351489825538,0.09136534079747956,-0.29963975977022034
-0.13020548574020116,-1.552071905911986,-0.09929640345363913,-0.1825568940477984,-0.04144362107459565,-0.13916982832037847,0.050400557203334,-0.22943778799057596,-1.552071905911986,-0.14802104409451985,-0.34786393741659616,-0.09657069353717346,-0.21886692770432692,-1.552071905911986,-0.6063087342190435,-1.552071905911986,-0.3562544693473698,-0.09111762813510797,-0.1524842146099821,-0.04367454445856233,-0.4983540961593616,-0.15178776492507773,0.004841964870492256,0.17603474303321698,-0.3293412648889969,-0.05656898971112411,-0.44483221644659404,-0.16495174384672368,-0.06869766952896442,-0.44062769874781016,-0.4871205626526605,-0.5366808926627379,-1.0858756935406777,-1.552071905911986,-0.043689392521281456,-0.5483418945605993,-1.552071905911986,-0.01626200224976656,-1.552071905911986,-0.014588623063779331,-0.10059236722357313,-0.013172317442251565,-0.03297501432279234,0.029047002158995232,-0.02894008795388658,-0.3590342539157288,-0.22199990484512883,-0.1827401617732197,0.06744731854787808,-0.007148418477911344,0.027059189123113177,-0.05666293425684024,-0.8224550705783207,-0.02576796534019363,-0.13373892363147144,-1.552071905911986,-0.21575375340838898,-1.552071905911986,-1.0815797059634324,0.05933459412373505,0.23497902389197473,0.12439137926256885,-0.2596868827992758,-0.0699116459615503,0.08096734260157439,-0.002140624346735812,0.005450642702046737,-0.27308368856498927,-0.08229109248971438,0.06629795192250482,-0.04015324322709333,-0.0735248413929394,-0.14934223797448157,-0.20344719740685235,-0.23601726316379862,-0.4451502304031353,0.0527547032497038,0.06550967536292329,0.05689193846410566,-0.07585446017512135,-0.21560803198736395,-0.8022665449915243,0.1245414470116305,-0.3327327536044278,-0.49233491347335856,0.016754587867652788,-0.09871845031872943,-0.1379272585350985,-0.08894234866363916,-0.09251182627052479,0.06748839278446297,0.005627553367816598,-0.26280933840159637,-0.13663837468137915,-0.35603412375989757,-0.07901239406781996,-0.5220256572774831,0.008860436641739314,0.0829128202070793,-0.11241155401394833,-0.3935376696519587,-3.1677753535186466,-0.08163783746006543,-0.008294948934760933,0.20760454614959742,-0.048434202199359594,-0.11333979673701104,0.0523077908627644,-0.3053560611418336,0.026321184473214142,-0.20596926850972783,-0.07840678991826781,-0.027955967110094126,-0.06013299331512477,-0.38837882514428995,0.2984206637521528,-0.3250572862015204,-0.43994288553747407,-0.11642753649470068,0.09770213896266766,0.16999364515885437,0.007992917813256954,-0.07492353594505,-0.06827671367167387,-0.21252476257758796,-0.019396239495331383,-0.010487534902143585,-0.16072189553420504,-0.04851387883945526,-0.0011224366989372014,-0.1642282035474752,-0.1541752299707658,-0.15008905051988636,-0.19743373150329144,-0.11176708037353096,0.025072010057815702,-0.0805263619018763,0.03696141737311283,-0.22882735473606705,0.03929697155695964,0.08235418078386231,-0.1939918620952268,-0.31043049560812247,-0.19034444588806684,-3.1677753535186466,-0.3533381992452957,-0.11790712373885925,-0.10349901131969791,-0.032940353028958314,-0.2205089643443101,-0.033331265316441,-0.11171479565729846,-0.089567552638655,0.024190977710626827,-0.21626906733022447,0.04330424634970654,-0.12003153509086738,0.002644569325942944,0.0740176490858252,-0.5910354084584426,-0.09590319166144443,-0.014077978156648364,-0.187016220777457,-0.061329962140282024,-0.029361875067005713,0.006071723226652224,-0.09848191566253708,0.0322389996216127,-0.21544992511355612,0.10403465216052198,-0.06846574101050741,-0.23019232133147133
-0.22868046693937963,-0.7117215183005683,-0.1567838479298936,-0.23549139045279022,-0.4572303804664986,-0.6795253181020433,-0.4533610591615021,-0.058686303002537375,-1.552071905911986,0.013405166162473116,-0.23329044152770007,-0.17567637139727202,-0.1270630386264176,-1.552071905911986,0.09827153317641163,-1.552071905911986,-0.5184209399947449,0.00827386461468528,-0.14337050234132767,-1.552071905911986,-0.05824159303106626,-0.05173300287396116,-0.40901166091278657,-0.2829813982448726,-0.04469281279119799,-0.35218172707960166,-1.552071905911986,-1.552071905911986,-0.25142375971782277,-0.4734646134715625,-1.552071905911986,-1.552071905911986,-0.36094657585417755,-1.552071905911986,-1.552071905911986,-0.18731158175223397,-1.552071905911986,-0.3007397090722476,-1.552071905911986,-0.10837557105816388,0.09827153317641163,-0.06950565296884537,-0.07869276845681326,-0.04617416716834556,-0.21710196537620838,-0.16962042080642806,-0.03590043135838083,-0.05116952622157519,-0.0031384165193402516,-0.20056128614927551,-0.40343612617205366,-0.20000502668596384,-1.552071905911986,-1.4399136689173833,-0.5845987137887688,,-0.6247739454695297,-0.37789429520924717,-1.552071905911986,0.17816481544772936,0.08492168225813429,-0.08043341827552947,-0.20260411843343457,-0.09626181532889723,-0.12374863176419908,-0.0931529016948061,-0.03330947466889847,-0.04274365297218999,-0.09024051694262447,-0.3563633320827374,-0.1714762822094318,-0.054622297875451635,-0.115497448836223,-0.42835922164993456,-0.21110481852963786,-1.552071905911986,-0.16006002614622447,-0.4706558395546534,-0.08288348841206998,-0.30138549937807935,-0.23894934631875622,-0.4325419904683187,0.07109360152101943,-0.0742070207061375,0.06140885299225906,-0.07671555692594466,-0.026808848088319136,-0.241136388176307,0.012130905412713047,0.15248954433111322,0.10175092888317824,-0.17250088523927598,-0.024376702225495227,-0.014939033677381324,0.21108788052744182,-0.01311873052961263,0.13137621091428264,0.046530010927335996,-0.625088931427148,0.024861450264908238,-0.2460188049160678,-0.7733017198555676,0.13092175402162382,-0.0023813258157176992,0.05129921092166118,-0.006610180203495731,-0.22896136607156517,-0.31097576384990233,-0.15814632584221835,-0.4123937061634849,-0.7988635453530336,-0.7401683383487323,-3.1677753535186466,-0.23459812191286986,-0.5966874221010794,-0.14116749726288275,-0.26840616862386285,-0.14373995025035538,-0.08510047957840092,-0.04599350472232689,-0.14961176688872763,-0.10598414828414537,-0.09212154195918426,-0.05483189919059218,-0.38989724929421354,0.0032115436357820254,-0.005346170117074195,-0.04767264666850403,-0.26532627433272743,-0.10386137085016539,-0.17874812814308672,0.0038077541150500875,-0.16027394695689287,-0.17742635865077602,-0.028313779352343478,-0.00967193232618869,-0.2573473762461871,-0.14671584906839638,0.23746053584231705,-0.04590583053102112,-0.17765461429334,-0.06881324081127352,-0.6377959169966617,-0.007975761075341077,-3.1677753535186466,0.13092175402162382,-0.056848791365460644,-0.0806270256821307,-0.07809597492295553,-0.1884595875967942,0.0835531447015497,-0.07956758580211074,-0.2218953261991024,-0.5169274453267181,-1.4440526031424803,0.01721412109560234,-0.05804473731364306,-1.0822251072519387,-0.33049473093709586,-0.10228818463080937,-0.05677787417423204,-0.5554149797496499,-0.22023955351208374,-0.012413371752781724,-0.09832121501738156,0.1295175373043398,-0.18134211543148757,0.13092175402162382,-0.2267130550425428,0.07619740642701255,-0.05527309604642081,-0.14774918298561607
-0.12374927132347978,-0.25203076430095284,-0.1568016033777185,-0.26768537148435795,-0.02536497525916557,-0.08861358758548062,-0.06466261177554586,-0.10895534205499217,-1.552071905911986,-0.14137414927846867,-0.14244229770796085,-0.19067548464189651,-0.09881765544451288,-1.552071905911986,-1.552071905911986,-1.552071905911986,-1.552071905911986,0.02429158195504685,-0.27758898127084186,-0.32483053286338437,-0.3139772639549642,-0.00747578459607204,0.0578650110372413,0.08177725707863011,-0.20446796077692442,0.09629100439603538,-1.2616484371229364,-0.1693258435822161,-0.21033177083832466,-0.31934915590239255,-0.16959542725194468,-0.6524118780252612,-0.5741180687331549,-1.552071905911986,-0.18489083853560787,-0.2595560682107769,-1.4608703686057376,0.0891901496764154,-1.2791993828467874,-0.2255521878273005,-0.08664795689192664,-0.07252325837551447,0.03462782662449503,-0.02205305944651798,-0.13842907339017227,-0.279861548262835,-0.20215167182155452,-0.22129509668279584,-0.04958083107846635,-0.06372468122817478,0.02957535300482016,0.056198039657991035,-0.6090581764538251,-0.0995735927033031,0.019349950045202836,-1.2896877879201147,-0.10794575312620795,-1.3872681689256454,-1.2627997163674065,0.023386357892970083,0.1585516878542277,0.1094573086659851,-0.14614335605693474,-0.11993600667652292,0.027375729814601384,-0.034146169251128594,-0.07931502981443758,-0.15648183913162675,-0.01057159550248179,0.11465997914991607,-0.00043818157935695477,-0.08720765690689523,-0.03398777939364505,-0.8348540735107318,-0.28223523305900317,-0.1780472183984454,-0.03216101604651482,0.02854580013549356,0.015278821159918748,-0.030257207378618273,0.03395236419004525,-0.6742870695184718,0.2046586575087397,-0.3666948671756166,-0.23759579369432215,0.05653331802173455,-0.15590414421887872,-0.06198680388380893,-0.0843389460652208,-0.025974119604540054,0.2529976388584367,0.0056293867047898455,-0.024826103194353345,-0.15037701793545105,0.0571139544173178,-0.033613211980694765,-0.1795016368449592,-0.015048147372823522,-0.08877265969840759,-0.021495572408130617,-0.2627155508069003,-0.23117564598849374,0.11779186949561882,-0.10295260915540738,-0.009925411256705909,0.06765130272110755,-0.12126330950155725,-0.00515246470255236,-0.15264876419256937,-0.1412025254574397,-0.09483496140382378,-0.020971811159256126,-0.008415179996041014,-0.0065383005233413775,0.15541448831837806,0.05005775886310103,-0.0728615478423947,-0.28646621150995605,0.00985606554728216,-0.026250333048146376,-0.08150559750720394,0.01631171285268296,0.07268789436554847,-0.004851610691555139,0.3828517225123172,-0.01606602566253559,0.058732093069216895,-0.07083373069041447,0.046371189851936605,-0.05492138080743281,-0.009474966548903997,-0.0740089354671422,-0.07356079783720727,-0.024683724349268736,0.02670559529216998,0.1354099465337082,-0.3428680384270477,0.017061072548218287,-0.4762033473423314,0.12009995262343325,-0.04057112013054005,-0.1292446975296477,0.04540481851133836,-0.1836641276682163,-1.1812675586791361,0.08094397878774484,0.004470496413821876,-0.1870784404233499,-0.014733971771140103,-0.06510218159867313,-0.08801104645429948,-0.10288440158082483,-0.05184280939202092,0.05481061189565175,-0.45305862615995846,0.07745606434983603,-0.12298889223102152,-0.0639770762044347,-0.2577931651079603,-0.4575931879911122,0.012511173732289646,-0.1349126088512998,-0.11900967766148246,-0.06891353984266067,-0.039771129697792465,-0.08419823320418406,0.018568584467681053,-0.0005655945126609565,-0.08537120618737272,0.030427154735027707,-0.018803761302524927,-0.05117125278266515
-0.049280633504707926,-0.20699709603928354,-0.17731775135958053,-0.01250200222662758,-0.16661564984262484,-0.2071936530078287,-0.11083500638396483,-0.08914812874092325,-1.1477199404160123,-0.2509599049790274,-0.22588084677456371,-0.16007995600824318,0.12906472375941785,-1.552071905911986,-1.552071905911986,-1.552071905911986,-0.39872106055705586,-0.022141380209015973,0.015591202842108624,-0.16911908274502618,-0.06617675689739111,-0.08893480300440806,0.048112423268325134,0.12162459992165821,-0.14750524892279826,0.16467634189749158,-0.46673903605820993,-0.0797043334179479,-0.1374688430493082,-0.33738919710853427,-0.28939980727024783,-1.552071905911986,-0.6927632771180974,-1.552071905911986,-0.23214074006094307,-0.327503301725489,-1.552071905911986,-0.44417825413323236,-1.552071905911986,0.08235131647143515,0.15791455404477628,-0.04054347575262413,0.022431608498991836,0.03565217919459289,-0.05403805477240371,-0.2459908407702793,-0.11235936336899705,-0.2632012819624377,-0.09592475611835459,-0.08874134184459323,0.043188652647956696,-0.05206385385470836,-0.6627660749209761,-0.1288606158794198,-0.12463352142777785,-0.6505891962854294,-0.2871892704026196,-0.17071681634563224,-1.552071905911986,0.04859658083400492,0.3112928739443026,0.11464223222938262,-0.0808175816203445,-0.0585679789800904,0.020685012785720193,0.09827153317641163,0.12787279670645318,-0.2426705607478302,0.08189250105274373,0.10967587853510385,0.09827153317641163,0.17689222894250536,0.27878250629014,-0.11249782769516348,-0.14511148783554212,-0.21871506874580454,0.0557259684538085,0.06467564882336552,-0.008490074390453456,0.027582239242497496,-0.09435180334272983,-0.49162686677378853,0.15200721126181233,-0.17903837075753432,-0.14806284591589355,-0.002684815119131914,0.015306053600123118,-0.04731916581593028,-0.004309035644916199,0.10064533764835189,0.2670329471801684,0.11400875668974683,-0.09464661336927901,0.025422993334780233,0.2809446587734702,0.0020078089722428577,0.0458142902104341,0.16836796609886293,-0.07255477785607435,0.21812914628091898,-0.31075150414777897,-0.0973975852255749,0.08020308161785726,-0.21749927831500904,-0.005365848789887518,0.05584404726521386,-0.1003313935105204,0.045566783693940766,-0.42622013142555804,0.13092175402162382,-0.06702236746932076,-0.06247604786437424,-0.05563907011952876,-0.0548318991905921,-0.01962682563449143,0.13578485436187296,0.059824149332230896,-0.20465372373230964,-0.06316680048026549,0.07590077083703804,0.011355817632030604,0.0012308607526258007,-0.10104342972777602,-0.05873206887903457,0.07178765749361506,0.12584607226622407,0.06016824144670572,-0.0007939375734645157,0.0627152682466457,0.10326474990209368,-0.12383281597547721,-0.07189830907796116,-0.14979529886236528,0.03832762163548069,-0.04291540007141521,0.021521823703589335,-0.0911768334399199,0.4082308366055139,-0.21328962865856643,-0.03199938609778765,0.0411289200801004,-0.17479510000693138,0.05138954297280719,0.11068682867833599,-0.9271511727977623,0.0577367017358236,-0.0309818701115809,-0.042693902443109874,-0.11047929524742435,0.03880449601607878,-0.08969643303415509,0.046876476140052824,-0.131861283573245,0.12952234076408875,-0.2922841850893317,-0.09577255618840737,0.013174250636449836,0.04104279976820252,-0.18134211543148757,-0.2319280182276039,0.10116429102871792,-0.18721244943003748,-0.4941265621402904,0.005183782939850822,-0.0672194430908127,0.00030392806654299027,0.03200515118187273,-0.02900155556610838,0.13092175402162382,-0.0027483368860016792,-0.03569988642876152,-0.1783145098103045
0.02635246633344609,-0.6338621966843281,-0.17936524612950766,0.028920186456915964,-0.5771373117616713,-0.17326421315866158,-0.1387224917408905,-0.13646181965302454,-1.552071905911986,-0.1956233192154398,-0.2108324196773004,-0.1062864128952525,-0.1117650740284728,-1.552071905911986,-0.3891632115397302,-1.552071905911986,-0.3289556334698717,-0.013728406785278416,-0.22274374043596742,-1.552071905911986,-0.1258144594075704,-0.13027351051887354,-0.05470556061765208,0.0954155270288453,-0.012960366046802174,-0.12995171512357953,-1.552071905911986,-0.5538361314110319,-0.11994763306661253,-0.8714890878819359,-0.6342348867036576,-0.46373844940199943,-1.552071905911986,-1.552071905911986,-0.3945028081598082,-1.552071905911986,-1.552071905911986,-0.2760507228267801,-0.8938816534192954,-0.4628093233959222,-0.07077272493790417,-0.06183270518154379,-0.15545299713202032,0.046830956718269034,-0.09507958970428997,-0.06570025523978283,-0.15528543144062007,-0.025805035178783586,0.18299520601104058,-0.005498498937686148,-0.014167251308308293,-0.2606685485657479,-0.42117182149669263,-0.4351886762315106,-0.07502748901628932,-0.5330150287256334,-0.46137055405948335,-0.26644926564277627,-1.552071905911986,0.03675698824665311,0.10153354452119243,0.2233878088672914,-0.09135500880628003,-0.02638617104021283,-0.07837754190158648,-0.10617203101082183,-0.10358719652423051,-0.08264445859682078,0.005378592219884605,-0.011503381366321454,-0.1812449461170435,-0.09726956822525358,0.01698433773151893,-0.750481668286225,-0.23436860763208578,-0.6729306717306041,-0.13902188125310855,-0.6021964909109683,6.663477774389684e-05,-0.08412929574699085,-0.07337645021404914,-0.07144600445377748,0.23128142752335729,0.23321514733499463,0.09581151696467757,0.004346017048930777,-0.09551499459743348,-0.26644473144390296,-0.013989230228012937,0.19993983626774087,0.1994037393155881,-0.2924777042049996,-0.09721038080888841,-0.09459861523890815,-0.17818303739454405,-0.15927523625841347,0.05840413522096135,-0.09899425482649257,-0.4601855433012023,-0.055306179146352996,-0.3714486502709652,-0.7003782440984685,-0.14081621772425074,-0.3040936187032734,0.001003614305788674,-0.16626039678124024,-0.08679583760059166,-0.15430148950469608,-0.2110463791628706,-0.411305238549863,-0.492606483866152,-0.45194892072125437,-0.4726823942277471,-0.17853094737948688,-0.0036419190417879945,0.02170366365793741,-0.1382425795189316,-0.18134211543148757,0.03869926974106136,0.004452218008710448,-0.00812903810540531,0.047574727451963415,-0.0175218972159656,-0.0031685096555320717,-0.3382611971795943,0.0159978787904755,-0.06033575945281774,-0.10223506733651874,-0.29412850053144585,0.6996273001455979,-0.19360563593771105,0.034043374368584574,-0.25780597380693343,0.07833681678406296,-0.14598627517329754,-0.2076944004964312,-0.19303611875677681,-0.2509979713036389,0.08493717784517864,-0.010703023717309643,-0.15312104622812958,-0.07297687082590935,0.9305248802581415,0.05882748358700785,-0.6219489631377039,-0.029130572274716916,-0.025262766600055865,-0.07344937162452225,0.02077007693983033,-0.24759357705947177,0.01908833512410133,-0.05954216719894343,-0.14214318890646388,-0.32629094270802644,-0.6692801046833239,0.08240499745956244,-0.3181412016420523,-0.45188682654910295,-0.6011701714313888,0.014679858711680071,-0.013928854130856533,-0.5483132278670314,-0.6195117453627493,-0.11466240064560317,-0.0939363670337653,0.05302843654339323,-0.0796078494019737,-0.061741684799004076,0.104344710453824,-0.2626188995797823,0.12687937292894388,-0.17941133787347283
0.035754706210023655,-0.3717704915817237,-0.117967150105992,0.04059031654669165,-0.10631429806845359,-1.1149062897832518,-1.552071905911986,-0.274348540372938,-1.552071905911986,-0.27736308004003934,-0.2356863447779599,-0.1349736641494648,-0.48305220918809455,-1.552071905911986,-1.552071905911986,-1.552071905911986,-1.4566206383663158,-1.552071905911986,-1.552071905911986,-1.552071905911986,-1.037778474421953,-1.552071905911986,-1.552071905911986,-1.0154020508010568,-0.49311763227594585,-1.552071905911986,-1.552071905911986,-0.21600478178971824,-0.17781899074185117,-0.5284283966896149,-1.552071905911986,-1.552071905911986,-0.02822737215142279,-1.552071905911986,-1.552071905911986,-1.552071905911986,-1.552071905911986,-0.7950034678930389,-1.552071905911986,-1.552071905911986,-0.24800030718214147,-0.09823780837126417,-0.2552782368839936,-0.033530227483176196,-0.1018491303024012,-0.16258624320768034,-0.1109530974135454,-0.11043268111489359,-0.00655111029295661,-0.16315577294235734,-0.11480496368100218,-0.38341373076153895,-0.3316907478918622,-1.552071905911986,-0.46426429820490567,-1.3059351055237567,-0.6174541328192135,-0.0652974094304478,-0.6283090472226999,-0.0538966909040119,0.05440604420690865,0.1312846862904781,-0.1467211037059595,-0.11323798909188107,-0.05538221243389729,-0.16616537301006057,-0.09867481350947538,-0.24054073894637734,-0.04663853172171122,-0.15425519827497639,-0.30612273439494975,-0.10556706856509274,-0.011171349819583152,-0.4230603506717179,-1.4342206992753497,-0.8308330200771072,-1.552071905911986,-0.6146707519650776,-0.09190691246304718,-0.09565254172215819,-1.1705161258753443,-0.0674088139058298,0.11834371751660677,0.07000272872641439,0.003614503950543804,0.12273086146887296,0.08266894501226106,-0.010446897773057597,-0.2089065161911975,-0.37714694156414547,-0.09063508845403233,-0.6379121558733176,-0.06805324673707387,-0.3849389679078626,-0.2664609109453776,-0.15490224055463833,-0.29693334888777856,-0.39578148721649387,-0.3169551453588076,-0.38425912374040333,-0.43742487804098135,-0.4126024984703775,-0.4173861612244681,0.12718161783668627,-0.14718824779283074,-0.046011827819679586,0.014070997164396623,-0.2680706652647134,-0.08526726252595475,-2.461307674480897,-3.1677753535186466,-1.4811451328999403,-3.1677753535186466,-0.08089513686151796,-2.2660815485667194,-3.1677753535186466,-0.09395312269167969,-0.7054097687465546,-0.3859229160823499,0.02272448362580425,-0.0651537326619284,-0.05656423923044072,0.021482324431869215,-0.07735825737127508,-0.19604954999127924,0.021928387410417496,-0.014857370183360818,-0.0727662185797889,-0.13399042992075777,-0.15806973258753754,-0.2099109494946132,-0.2400799736995936,-0.2270737981743618,-0.1880041822484106,-0.026407121897340877,-0.20859916945239057,-0.3867972562021237,-0.40281581795236765,0.02650603064450743,-0.13692040735986122,-0.7534834472334813,-0.07740495595122099,-0.08035276212835255,-1.841169967099374,-0.23062194636048752,-0.06588406662202101,-0.20065006388905057,0.040853213275082643,-0.025229802874877326,-0.17607404207440777,-0.004223102984962964,-0.10128290398783588,-0.12520335322092815,0.08438724069137384,-0.8669027729555313,-0.143764314842165,-0.16678433122768288,-0.7117948638772014,-2.869540380529734,-0.4297237352370581,-0.5946187486801511,-2.2973297366068124,-0.3046837365273641,-0.41041334500190824,-0.20823269228325592,-0.14860599386537984,0.05630372218920281,-0.0881610425760436,-0.21727146989978383,-0.024059144852055642,-0.21693857718087123,-0.02999402632329999
-0.061592692599854046,-0.22798638557579695,-0.021944295612372818,0.06232962905429892,-0.3126509077473183,-0.1538451655850461,0.2200388852177228,-0.2588377538269451,-1.552071905911986,-0.33929797128866435,-0.21765862024861307,-0.2004136175328773,-0.031574973796320585,-1.552071905911986,-0.7043899677386484,-1.552071905911986,-0.4472233427022747,0.047608980645225625,-1.3715429216992452,-0.5265628445071238,0.09827153317641163,-0.02304295136039596,-0.15454383109534692,0.09827153317641163,-0.0293020106012082,-0.08097727940746911,-1.552071905911986,-0.245310178869436,-0.13664101204642087,-0.2977714296204591,-1.552071905911986,-0.38618325727605773,-0.381293747503863,-1.1556061891946559,-0.9946644003932912,-0.7133490768847781,-1.552071905911986,-0.17392202285391814,-1.552071905911986,-0.7304113705613461,0.010197792425064151,-0.10375187602460995,-0.02927469236621904,-0.04285928545371298,-0.07409230301737543,-0.16201287361293348,-0.05844292453062975,-0.08296556913461697,-0.08305328579950452,-0.07873565087117733,-0.022752651983477108,-0.2087281405117255,-0.5696251547000574,-0.828530062149697,-0.24153155100981313,-1.552071905911986,-0.3677908945720419,-0.2255009420734854,-0.43059889734689505,-0.08869542523846823,0.16424618835838709,0.11531982105886675,-0.1783143232705265,-0.10198704122281478,-0.003954327036154917,-0.08550507595356051,-0.05137981384431329,-0.09590414612030924,0.09827153317641163,0.037926353875574144,-0.23020040933441516,-0.005201909924696193,0.09485613350166008,-0.17599845376935233,-0.06312193319180147,-0.3786775631982807,-0.19343107828696338,-0.3811092402185339,-0.03574906257843531,-0.03313437703750397,-0.03570714569477892,-0.28351871334990864,0.15496350844048082,-0.0897882683407722,0.04154885548253535,0.10090890758187802,0.09644127612375816,-0.027146916975563404,-0.07526167245237009,-0.021828955372620154,0.11505023134938107,-0.1612903417328491,-0.034493424446804914,-0.04285409265445159,0.10010557114009527,-0.09604938638279518,0.007154855090860016,0.08154725878686815,-0.2670081640969348,0.041088288822561894,-0.2041065152738903,-0.38863820252844256,-0.08536187916043733,-0.10743832535879161,-0.12841151720126687,0.033892816737510406,-0.08252575891424602,-0.11294149857576914,-0.00838166475241829,,-0.37706809943082986,-0.27212539005300074,-0.572499795905876,-0.026548273110702528,-0.24354109845645114,0.07855992252375286,-0.07720189808620936,-0.11039485227556423,0.04027076389929785,0.02238997031476266,-0.13617543378816566,0.04656198709514636,0.0531315280947176,-0.13640011457709508,-0.033402457709128114,-0.02040729160149237,0.03125755239775908,0.13092175402162382,-0.10503622133839957,0.13092175402162382,-0.0292503600887931,-0.1232749221993516,-0.1448340861471745,0.08111805847612877,0.026190579975198483,-0.17161417263722564,-0.13559873630427796,-0.20397370459197114,0.0418576737900875,-0.06371609199066802,-0.2389854540420348,-0.17539296336980456,-0.05916109863685794,-0.010927301799994954,-2.235081668605741,0.08848844086529417,0.036045870568234106,-0.03147878023040578,0.13092175402162382,0.03645933380119948,0.10197088880180773,-0.043847276777781816,-0.08727786564100129,-0.13413081702276297,-3.1677753535186466,0.0780641216942412,0.0640918375872863,-0.44448274368959984,-0.2811086105564981,-0.12886232222433103,-0.21583189839360098,-0.3046615973216919,-0.10528224946921708,0.017028738368458456,0.07698876312914509,0.06478215646602374,0.09187503644012693,0.03260003518037057,-0.5397228593444543,0.029634679704963227,0.18863276263758044,-0.07971172349666454
-0.1113843642443541,-0.8264038953551623,-0.16731572347979812,-0.003429306250310774,-1.552071905911986,-1.06636235763363,-1.552071905911986,-0.13691558875944085,-1.552071905911986,-0.10545249350102141,-0.09985259342712825,-0.15021280328721864,-0.2688177605055119,-1.2399950470853915,-1.3563202473138227,-1.3103399999580903,-1.2984434746387505,-1.552071905911986,-1.552071905911986,-1.367203687450429,-0.08990197574786192,-0.1811115829853151,-1.29690668200285,-0.24720808677785783,-0.05849902041932111,-0.45123932361880636,-1.3896315412435283,-1.2569940655856904,-0.21881891450456353,-0.7817867577614088,-0.959513663322013,-0.8968235788619403,-0.39254180269997563,-1.307510621681604,-0.5361267192980249,-1.344882192345975,-1.552071905911986,-0.5143048109327159,-1.552071905911986,-0.03173006045595517,-0.04630656868522657,-0.14354494838765497,-0.03479889033086828,-0.04826300582281602,-0.17323191108944389,-0.13011370859014884,-0.11540676404207738,-0.07002262253490951,-0.08490544869506504,-0.10761786328520892,-0.2148683566185602,-0.5230444299739305,-0.6573903803352003,-1.552071905911986,-0.4880177294134703,-0.9994832577225845,-0.5710467355994325,-0.10552262208128999,-0.5500181989547619,0.13128493480622552,0.07483317381320609,-0.022599473296464733,-0.10825632119430811,-0.08625398384617834,-0.08875889648196617,-0.016486884864418683,0.02400338964196927,-0.11581182069201798,-0.024139291270101063,-0.29201697524275316,-0.31163731782230336,0.021192644677040903,-0.08490938952975802,-0.2415088910458791,-0.4036313440252603,-0.7145427408579713,-0.2791523673222789,-0.684936557422108,-0.34137648118009684,-1.2384733334567453,-0.4406341969318905,-0.23348395186918583,0.30922466379866304,-0.11413409343234843,0.014832642864307367,0.06924519680801343,0.20851277269252036,-0.127663756122228,0.01588814738170105,0.003167141029298974,0.3816204900798161,-0.12067053301399863,0.08411708708847919,0.22671775115973686,-0.14817091310477143,0.0772538148057636,0.19488033509987623,0.16943390182041726,-0.4615340496570118,0.18432077503357083,0.0128868890270783,-0.916241560319757,-0.14845034153999678,-0.013425651695090789,-0.1147059426018328,0.08306689815544449,-0.05583648188938592,-0.38626476921133457,-0.1824842664978227,-0.2933460930415598,-0.3694958627004849,-1.2537345339647918,-3.1677753535186466,-0.17935943221090603,-1.8539630715736966,0.22251636151419882,-0.07025860512766778,-0.26069315609665034,-0.03209001131776921,-0.05557733838781225,-0.08170243623844545,0.03290864413128945,0.019775458725397245,-0.06734363570875872,-0.11452473465114504,0.007773648402824393,0.02152964420224878,0.006155574207862269,-0.24225318673665994,-0.0964745495486937,-0.07597343369567522,-0.094057564410905,-0.14779318666648572,0.013112469877447417,0.03967116138235443,-0.05065285554257918,-0.1973731561203034,-0.14565028535622151,-0.03998215490642429,0.051795523369199334,-0.05536048683101371,-0.15107378304300575,-0.27374514909772585,-0.1594665502666498,-3.1677753535186466,0.0010964034394305036,0.029625406290047954,0.0019786699005606406,-0.05523119093254967,-0.1826580726597823,-0.05921361274600921,-0.1087141300671475,-0.18754482142790452,-1.8548012512654606,-2.6173003682437557,0.0575523293929964,-0.012225325340587696,-2.5587960624662083,-0.3434197926034688,0.01687555242578072,0.02370029902190069,-0.3586663385788939,-0.032187355149572286,0.05270347184234065,0.03043637667061443,0.06555176248003972,0.08146102784891886,0.08365105241329451,0.124196001397151,0.02466315706995805,0.12243389323563836,0.008058164003017338
-0.041468910311130085,-0.5196474791873745,-0.12911441836353252,0.027028215745374846,-0.4137636518218052,-0.24793560192516792,-0.36877850994576467,-0.16707757589907546,-0.6174545428821371,-0.1807340750578163,-0.19431858172493718,-0.212564951296362,-0.08625785633947679,-1.2101846230988391,-1.0268301188085474,-0.1630106913618503,-0.2188266580528797,-0.0014644365897221057,-0.11106057155202813,-0.9608469765121592,-0.1558713644393429,-0.16589966885915622,-0.20007986772695152,0.20677509310977368,-0.06270959281468115,-0.036714513280867514,-1.4054811930064963,-0.2575492483722898,-0.09255484625686763,-0.3663071009982343,-1.01014406983727,-0.584929218607844,-0.5661742021186794,-1.121969759862717,-0.9465643792022247,-1.2531149004457327,-1.3526129029460348,0.027809787498136628,-1.2325368148950637,-0.2601905341888061,-0.06481226048645586,0.024582438073557294,-0.1221090567600867,-0.10640565901281286,-0.07770622314989999,-0.1199921685669617,-0.07205644450349205,-0.0570532210970206,-0.0083743189157657,-0.07092296186771009,0.02018496135020896,-0.23632598452265827,-0.39748860582085577,-0.37724539121737005,-0.20653255654705813,-1.4577569492636988,-0.15407899953188028,-0.27446865206586757,-0.47719522534108383,-0.01915895738956822,-0.052231930997115844,0.14576136398273648,-0.17669031925874504,0.02877763466837952,-0.02968990398452013,-0.07996695463681659,-0.05406400473904122,-0.1123808554897874,-0.031636395513105785,-0.025236009520926753,-0.18534867634334382,-0.022602075819590346,0.015089283292173534,-0.07860244100855271,-0.371344606458832,-0.19202751403571364,-0.2724734377880505,-0.2671335501394462,-0.038302360618370335,-0.05312542411882281,-0.04497020732059183,-0.07395453109218872,0.19594198179027625,0.07840066680986145,0.08109434182889796,0.197247302167273,0.04674816280296802,0.035183152124307504,-0.10027941425727391,-0.11005589545296411,0.06708791478798025,-0.22407018787848662,-0.06319301401842269,-0.24257942616808612,-0.10370682740921335,-0.0892497449687863,0.1231660952263095,-0.06515176545187322,-0.15382131322199305,-0.15305874375996864,-0.3539900708413787,-0.6656864658880222,-0.03624002253864442,-0.03205612052715341,-0.02637363690248408,-0.0567785764087573,-0.11105319359006674,-0.15673097317462578,-0.1560463802602694,-0.28800167114499137,-0.3722647512370347,-0.22408549670070096,-0.3313886029085893,-0.09691432127694377,0.005789331848531207,0.10959437720191477,-0.0594593746135171,-0.08468416493159264,-0.013408169920686512,0.028823027605843498,0.026785445292299828,0.07924413169144627,0.005375339017792489,-0.08429667717773023,-0.12131933124312132,-0.02256830365971162,0.004570562512385829,-0.008482013496651241,-0.017536498019614575,-0.09885098829576085,-0.11178478290100229,-0.1558883249449986,-0.06139957835161712,0.024553669540607125,-0.024783676971425445,-0.10711844536953419,-0.17449758975379717,-0.11342997699942418,0.00581398712039108,-0.04729624058164342,-0.09385331014483721,-0.06341128181299303,-0.04469971326947157,-0.05877667406027236,0.020486977021844967,0.045971497945621796,-0.0001069518655820582,-0.11857767498748123,0.00048762575780259655,0.015704581963786365,0.047452980806031636,-0.09498858616324697,-0.16943809674134866,0.003119856604473381,-0.9387625588518316,0.11682545884042679,-0.0526385672907457,-0.32307360335522795,-0.3929951534858624,-0.1071721920019467,-0.030694915078945225,-0.43836212082303166,-0.2736377763345314,-0.02995819077293635,-0.007522600708627747,0.03128893890690702,0.012949502814669382,-0.01874959957945509,-0.12525944659548072,0.06570840268850905,0.08547922307935421,-0.06306661291418796
-0.2548864846326188,-0.5485004555109851,-0.048791501325278985,-0.13326159348069874,-0.15850716062481351,-0.27954023985215687,-0.1769402329058719,-0.19029883698540362,-1.5018249034518352,-0.16343029292158298,-0.3648479020062234,-0.1632313552692645,-0.038627803694789645,-1.552071905911986,-0.9033266338302808,-0.32015577203561996,-0.3218873503731365,-0.0038588839054406817,0.048297896740298135,-0.696368727424961,-0.193179124528739,-0.09657414877567537,-0.20135340125351697,0.13903199946292727,-0.08890841330587848,-0.15934028293973682,-1.0296171101159464,-0.12752404046519633,-0.1599014726896191,-0.3350292072084573,-0.7751194181244474,-1.1474628595375234,-0.5166739917349058,-0.01326599241075332,-1.1171960927667164,-1.552071905911986,-1.552071905911986,0.09337825063767625,-1.552071905911986,-0.04001102276450248,0.03889714450449975,-0.09401235787248044,-0.07985993479765513,-0.010449604618132446,-0.07151505191009896,-0.17376862163388626,-0.06894467031502394,0.008728426701187904,0.04162878791361339,-0.062263634062051536,0.17892922175805234,-0.17585129947124445,-0.923048673231951,-0.29928637403378033,-0.026484392227046093,-1.552071905911986,-0.06421858017911129,-0.45813395883203206,-1.1887160935641319,0.06284674452396084,0.08394839776805633,0.11283262821373871,-0.17553205250036147,-0.11166532323870133,-0.0575263857087668,-0.10058196978432313,-0.1226231609769212,-0.16132571016458364,-0.05829469772959796,-0.002296889685328444,0.1483030541851189,-0.02079437000506486,-0.014821939698429551,-0.1964847752484252,-0.37068909611256534,-0.1970978307046895,-0.12472037117410194,-0.23216804326062387,-0.013469777211575653,-0.0435911821021602,-0.11627682511335205,-0.23519670928999295,0.21897378331872855,-0.06903635626925517,0.031990614568729814,0.08417225656236546,-0.06224285433293956,-0.08314417558007473,-0.35000767056625337,-0.009115312666363699,-0.0924599805011978,-0.1330562908718276,-0.04685299977250528,-0.21864021923469928,-0.025624704800409803,-0.08926842899359684,0.06753893478971774,-0.09455080767175761,-0.22218539316128735,-0.12657800287891097,-0.32248481872136225,-0.363721108066556,-0.021300644882877445,-0.08845240248870816,-0.018253308622486936,0.03694736491666973,-0.22053902154623437,0.11603766515850697,-0.16474768193487044,-0.08451713318563576,-0.2623190410947985,-0.3144254533887466,-0.19661863579110006,-0.061098956299397475,0.09363859127906461,0.09132661591133329,-0.014278180547065865,-0.16175906905031695,0.006381029388471731,0.01511529021381758,0.07188357141025639,0.08462231892669601,0.017947739317733837,0.06827983280540671,-0.059330149635024566,0.04165094287716911,0.10883784581280713,0.01571046858169247,-0.06635717567369141,-0.02278452351418989,-0.1317502085904133,-0.2239269728415052,-0.15234279821841934,0.08530687562338664,0.021606975740879258,-0.10687039406447475,-0.3980486516148658,-0.08381240686762376,0.05646036265095235,-0.0725875764204476,-0.177169353971028,-0.076863827627975,0.02658784478186533,-0.10405758587558867,-0.5787701648183581,-0.22818059210261002,-0.03959230872308906,-0.017701920840393154,-0.06975308516202594,-0.22112120603348964,-0.08770838167608563,0.015068636566269392,-0.05557480313289672,-0.014040927102420367,-0.6157503384974699,0.005104156485432151,0.07745583033705282,-0.20610350824803586,-0.43398499987561445,-0.14504233426582772,-0.0008246565194928053,-0.42037786408404587,-0.18609058457594788,-0.021751447182081014,-0.07316201296313045,0.047638189171658206,0.04749140335132398,-0.0816428465927525,-0.08723321167432986,0.005748782658304774,0.14223121506883524,-0.026477986141171885
-0.14317250622396144,-0.28785571305416513,-0.15072660559757323,-0.30295886937987365,-0.11486512241896558,0.040394229431779685,-0.03737877263086668,-0.016840874331540825,-1.552071905911986,-0.13694987798943925,-0.17337685758347396,-0.06134121189901518,-0.04443239860872525,-0.9526510986394251,-1.552071905911986,-1.552071905911986,-0.09810015242738392,-0.028347584805803322,-0.09483793924749143,-0.05976291886960516,-0.1860648572783953,-0.08490078539335769,-0.15861819011719977,0.1602667249567175,-0.2422031818441008,0.02751528276550415,-0.5786285688862083,0.014759443842469232,-0.054827371999247726,-0.2950947568561876,-1.0419854277063278,-0.4581982860734357,-0.53004163909632,-1.552071905911986,-0.20344659889338115,-0.413778851066913,-1.552071905911986,0.15346504154161514,-1.1545573191615106,-0.027570986330129763,0.006789108479109633,0.08621965866555965,0.024074618872078596,0.0023278689748192165,-0.03643389690895627,-0.2233787059265515,-0.09211455865858255,-0.0736832402367639,-0.018464992215720677,-0.04348395407922436,0.09157496767441156,0.014906500690237858,-0.8597175225880516,-0.18651535805460892,-0.02279955152910803,-0.6951383372411838,-0.2092361692058662,-1.3364986837908381,-0.5754091992211686,0.21230854631116788,0.1799505486113432,0.13801865172543407,-0.1946934931448826,-0.05975060162413259,-0.05742110806779767,-0.011789178635487086,-0.044541407304797734,-0.08850387633712034,-0.037817040465094647,-0.0029707182207308917,-0.02633097690625351,-0.12804960288786452,-0.11294449420030218,-0.029847992421456505,-0.2180997273400871,-0.022554382094305634,-0.05859064475835727,-0.006617058381888301,0.045910025655951515,0.03708062542390543,-0.1287584331465983,-0.4133858253992469,0.1360764029853524,-0.1539779436505974,-0.1841750287043092,0.07786829838822266,-0.059568266918106724,0.0501881410069686,-0.26291424686557174,0.10368033521022739,0.15202399901695332,0.06831588047742188,-0.03571147533499486,-0.1151652069850479,0.11957427176329281,0.16055665457523954,-0.2883687577653812,-0.029087012466048893,0.0924601419871899,-0.08132033908934785,-0.14380122772976092,0.017790891489031516,0.005909024565293502,-0.06906720313707725,0.09464003094667191,0.19676737315351067,-0.2734763598362267,0.07576818738876769,-0.04364220972692624,-0.14928806574150627,0.09383070544629793,0.01193278586784046,-0.06773241662875272,0.0036180878712126024,-0.03234890934402139,0.09109297241189329,-0.057979823438852246,-0.296874810212859,0.008604969793633413,-0.007228302538424601,0.047824982331035694,0.04883028410529875,-0.016480909037578997,-0.029438644220388173,0.00878234034004153,0.05699275131311513,-0.022708921493010417,0.0019458341313366848,0.021610310958914834,0.012828843160845172,-0.08645607391170607,-0.029194641595432568,-0.07730193488861967,-0.06853127149778582,-0.1697535068727361,0.0471619680434527,-0.12475101399029329,-0.0019896273978791375,0.02782534618850914,-0.0013146754653749597,0.05383224550568203,-0.09542518491095563,-0.1724235013946515,0.0861250006887934,-0.4721089198729986,-0.08297401938353889,0.043434126205299566,-0.02627352774515346,0.0718099115518196,0.031788011476629,0.00906038013780285,-0.11868329571449814,-0.24013426083484118,0.12785235309499782,-0.3304546965540901,0.09122281655139024,-0.019725471168872067,-0.03138642147032225,-0.0022416319606798052,-0.4187543245151371,-0.17129363551619894,0.07349201600963987,-0.11733338826842914,-0.07001952513346962,-0.20191357394584697,-0.026202138010531523,-0.006329350910637588,0.019485093726908497,-0.04667610850884869,0.040244240075811566,-0.09662569984064376,-0.03177268638299147
-0.15816435016077976,-1.552071905911986,-0.10792859010552552,-0.4580261330700902,-0.4612557751896425,-0.4788617920630752,-0.4757923145225229,-0.13379651138970744,-1.552071905911986,-0.3319931584803404,-0.3052978597567447,-0.15329871513902657,-0.6912904654603362,-1.552071905911986,-1.1486292908215394,-1.552071905911986,-1.552071905911986,-0.2248045510455165,-1.552071905911986,-0.2337132408133251,-0.1285295783905285,-0.19239222578455867,-0.48711495854063563,-0.11480365239307722,-0.13560162943077983,0.17112382564767797,-0.05118548161742746,0.054340132884831006,-0.13976037895726603,-0.2508587673706884,-0.1281505399835223,-0.32889689091978963,-1.552071905911986,-1.552071905911986,-0.28209835060934474,-0.6354838631877765,-1.552071905911986,-0.34483514200056054,-0.6195127806361677,-0.30812600086283454,-0.08504723654833965,-0.07413741227111569,-0.015838104267132957,-0.02571118428816614,-0.10641569550673365,-0.08142239405633753,0.008595681331065154,-0.10886106080895758,0.09239845509206523,-0.006860101322794743,-0.019110026280776776,-0.17759360550542141,-0.4926249437512815,-0.5767025619511332,-0.12249904562584502,-1.552071905911986,-0.540984789621133,-0.8371763286620115,-0.38743072604677437,0.06950537586508428,0.3535487397984988,0.3295920354783982,0.005181765857004638,0.04991094548202913,-0.1051338289883656,0.1676475625159829,0.009534918231006112,-0.32321879006154514,-0.06596593682923371,-0.07276830374640673,-0.11705220414306573,0.06420170875560181,-0.02479126312911035,0.19390538314540529,-0.30708664585808615,-0.473427436027532,-0.027814157217561294,-0.33596123189207383,-0.0862665457816556,-0.8553836647056102,0.020686328376255392,-0.46883013987926125,0.07841075085025896,-0.04598545294516273,-0.06200751590525856,0.006463105132557438,0.4050836774466748,0.061956292195787334,0.025375741921137698,-0.07854780167363644,0.41676565074437194,0.03702854003853099,-0.15502184063002494,0.46267300307050024,-0.07111418149928467,0.12749126677724854,-0.008982928337248116,0.011305797795849485,-0.2936497732920414,-0.07621265346388083,-0.17932010780918736,-0.09977304769080561,0.11398751003350144,-0.07874189564723029,0.03855683681492429,-0.0548318991905921,-0.010375504283012997,0.010065216450383744,-0.3395206605111868,-0.045106343229061326,-0.07983088130115282,0.01444950555411694,-3.1677753535186466,-0.034351092511226616,-2.089081842535626,0.2953982877512338,-0.011885942215577252,-0.3087243765897913,-0.05546423002205044,0.004656742339416463,-0.07194534906511005,0.07313679411571218,0.04856813342351257,0.0115033205200319,-0.24198339798333973,-0.09137693317443575,0.10310476632197124,0.02191597449035562,0.09752774887193816,-0.09367934340750626,-0.07860333229584862,-0.08647447804275815,-0.17357814593534934,-0.08702055494314556,-0.043088154381028206,-0.022394486926880494,-0.3469380056118848,0.11856584524288087,-0.3177526615389947,0.06146534651593713,-0.1339860096817044,-0.0750387819920461,-0.8685294455793022,-0.06132655173414206,-1.351161213957725,-0.11126839936219445,0.048831791828328835,0.12298042492794219,-0.0028353133313971054,0.08208816277172001,0.07738540076415348,-0.24648087255456458,1.6525291946961123,-0.23227717845173515,0.09520851667749491,0.0019369006071892688,-0.24074969956902398,-0.34962254789131253,-0.31562150414495127,-0.22691129252913272,0.0970866743466264,-0.06310450516443891,-0.0972181977076356,-0.02294439939581039,0.009784542823120251,0.06398480275581692,-0.007270401852363227,-0.026101312646853017,-0.0347081071658262,0.0012308607526258007,-0.1693074498923861,0.028979589113640077
-0.17326421315866158,-0.3162447854640207,-0.059007535628669845,-0.192428205884061,-0.1304834774088165,-0.4166303448424104,-0.9995980771931282,-0.3171779804832893,-1.552071905911986,-0.19266188172046456,-0.2628942262009841,-0.12548236356114864,-0.31423113453821977,-1.552071905911986,-1.552071905911986,-1.552071905911986,-1.552071905911986,-0.1399734736068648,-1.552071905911986,-0.44050127691228774,-0.38316751167437235,-0.1254490875923172,-0.17168459747688872,-0.1590424234476415,-0.2569310121156046,0.1235888233945525,-0.21950391105505596,0.005013208552379928,0.07108856739658982,-0.17629571472246924,0.015099930423509007,-1.552071905911986,-1.038510580846749,-1.552071905911986,-0.08632976375087666,-0.37736756057206017,-1.552071905911986,-0.1750368828822232,0.09827153317641163,-0.20554706307492981,-0.07017791930348115,-0.2767681651456205,0.010647777425545103,-0.05386814866598725,0.004334760607942031,-0.2400395576056181,-0.08762010694893799,-0.21473633902091532,-0.05489741515129596,-0.02322223222026954,-0.07888697796354524,-0.08137065653633396,-0.45908390430362733,-0.7689632903512998,-0.5978265412959967,-0.2028114400246016,-0.5960693979978587,-0.7529041075220562,-0.5525414667626445,0.09014401631053316,0.2879812304822764,0.3875284827278169,0.09827153317641163,0.044668360938017314,-0.07147265131248919,0.09727422804318304,0.06282262519397312,-0.00417467214425956,0.009453896684586805,0.09827153317641163,0.04094036460181166,-0.03297501432279234,-0.059007535628669845,-0.017430583389228108,-0.28206854938411907,-0.2608161387064524,0.06780830669346988,-0.1087196141493713,0.031223024143102678,-0.41089113881909645,0.02897485091024755,-0.76263432086062,0.4147407153053964,-0.1403131817291398,-0.13187172692284563,-0.053643237983861364,0.11035857819078333,-0.1536474158311888,-0.12357460239130662,0.13551153705624758,-0.047606534520324525,0.04957455198838883,0.04551876971801452,-0.038965170888386955,0.007113468182575145,0.09126907232674146,-0.19969584186698597,-0.11397832442493439,-0.4391263114373795,-0.1454323493643758,-0.268843796681682,-1.4044336735935588,0.06042377256420829,0.344608180282625,0.0732373394330017,0.12825576253466098,-0.12390806182855275,0.09476592643883121,-0.2845815145740556,-0.16627459656366345,-0.13797191594369151,-0.06468209947270341,-1.124186101085479,-0.3705329375393296,-3.1677753535186466,0.24500772442241175,-0.08365456122253041,-0.34573259576324217,-0.06464467313375614,0.02953773983401901,-0.12372857989411357,-0.11167907381427737,-0.061226822448981366,0.013960228498758038,0.23895803610940472,-0.16305478063721715,0.03329163668997151,-0.1365659111760754,0.016466743107563388,-0.0888891907613601,0.04261843398156969,-0.2311713048415644,-0.29208620869397417,-0.20824681794519342,0.0823361307591253,-0.01032429931973192,-0.28165712043949237,0.11196499863731531,-0.3701656608390628,0.060823191303581825,0.006725107206053392,-0.26015424766262096,-0.6047617809457285,-0.002374930225492338,-3.1677753535186466,0.1273368938247702,0.029692637424689014,0.07197435985463843,-0.004472420301123637,-0.013332637926220584,-0.04663859090655745,-0.17925633763618798,-0.09270980235039844,-0.4061623452089884,0.27156698577261235,-0.05620043518678075,-0.041128470932214535,-0.7059931809704543,-0.7110530455557736,-0.0676580751626316,-0.08733650416649587,-0.2941405750845484,-0.35000929878794523,0.8429637288605224,-0.05051792090224432,-0.00491581013862324,-0.059054437628174264,-0.12645152052717473,-0.03782970444072228,-0.2329809092073467,0.020975874620740194,-0.24430290446369637
-1.552071905911986,-1.552071905911986,-0.2253157128045404,-1.552071905911986,-1.552071905911986,-1.552071905911986,-1.552071905911986,-0.8838239118497815,-1.552071905911986,-1.552071905911986,-1.552071905911986,-1.552071905911986,-0.44274565989885695,-1.552071905911986,-1.552071905911986,-1.552071905911986,-1.552071905911986,-0.16205208023540837,-1.552071905911986,-0.6828713844056953,-0.23644570154831288,-1.552071905911986,-0.5642952990263677,-0.48999652302897334,-1.552071905911986,-0.7423249931797132,-1.3159174628025778,-1.552071905911986,,-1.552071905911986,-0.21257198780011555,-1.552071905911986,-1.552071905911986,-1.552071905911986,-1.552071905911986,0.002137981376071435,-1.552071905911986,-0.6086907465273811,-0.3726043004028803,-1.552071905911986,-0.25614821452179426,-1.552071905911986,-0.674990410182054,-1.552071905911986,-0.6137239022860128,-0.4499432783392135,-1.0830697551349264,-1.552071905911986,-1.552071905911986,-1.3507489760860405,-0.6219368243240656,-0.7875888505522265,-1.552071905911986,-1.4997543014314851,-0.74662192746728,-1.552071905911986,-1.4180288198530047,-1.552071905911986,-1.552071905911986,-0.5245336343901151,0.037527498832698576,0.09653521861113235,-0.14245990127377964,-0.981888276629185,-0.8539373840147642,-1.552071905911986,-1.552071905911986,-0.7286155990670322,-0.022287027708141456,-0.5948326731065727,-0.6353672435916874,-0.7407823202258526,-0.8894859475073161,-0.5910975047332709,0.025976205472789633,-1.552071905911986,-0.7382811715624085,-0.8563115165163279,-0.9939942817510364,-0.8141805929030154,-1.1311235214661923,-3.1677753535186466,-1.1729353769318467,-3.1677753535186466,-3.1677753535186466,-3.1677753535186466,-1.4116000244911482,-3.1677753535186466,-3.1677753535186466,-3.1677753535186466,-3.1677753535186466,-1.3187366191590921,-3.1677753535186466,-3.1677753535186466,-0.4469506524043178,-3.1677753535186466,-3.1677753535186466,-1.5105363978223554,-1.1292622300192703,-3.1677753535186466,-3.1677753535186466,-3.1677753535186466,-0.3222355264568102,-3.1677753535186466,-3.1677753535186466,-1.1914534655919045,-1.013160413356038,-3.1677753535186466,-3.1677753535186466,-1.3925011395365867,-3.1677753535186466,-3.1677753535186466,-3.1677753535186466,-3.1677753535186466,-1.9411742754210288,-1.1106862748138238,-1.138181641583393,-3.1677753535186466,-0.7286905840209932,-1.848786875722049,-3.1677753535186466,-3.1677753535186466,-0.9449887394566416,-3.1677753535186466,-3.1677753535186466,-1.7274823659120795,-1.3311183303841303,-0.4531489614491235,-0.9055600850632768,-0.26036074744814924,-0.5249285787475348,-2.3896870203995815,-3.1677753535186466,-3.1677753535186466,-3.1677753535186466,-0.8395287263380348,-3.1677753535186466,-2.025686864383929,-3.1677753535186466,-0.6531695555051599,-3.1677753535186466,,-1.5809078675185473,-3.1677753535186466,-1.7448617808606992,-0.12991732029071,-0.8097344831300776,-1.8740940174056955,-0.3122872300792745,-2.507639012281166,-2.5392766008276357,-3.1677753535186466,-0.31905854953051577,-3.1677753535186466,-1.2708174472087006,-0.6564659941211745,-1.1920641625915975,-1.8663684557477094,-3.1677753535186466,-3.1677753535186466,-1.1809858652268497,-1.7895208607584852,-3.1677753535186466,-0.8677179966687407,-0.40261812225651533,-0.6669688209900511,-0.2249006018517113,-0.05027139968627692,-0.13725456342997455,-0.020925495480073796,0.007226031913722107,-0.15730344210946795
