-0.05549828668416751,-0.6941696200983413,-0.15717361662041648,-0.03696107353655989,-0.28169760121725235,-0.20790242711560303,0.011475474788200251,-0.19761692612858117,-0.43782879032064626,-0.16088868841811763,-0.20736145484771806,-0.2687158770829645,-0.07487395010846525,-1.506686870455754,-1.506686870455754,-1.506686870455754,0.020915147856460464,0.021432799399510417,-0.11819009125471268,-0.6086030933009844,-0.1511594961582826,-0.11434308166778843,-0.12086715050030605,0.1763828513957729,-0.10120535532958022,-0.12823961862283734,-1.506686870455754,-0.26045374341215943,-0.2033521380438815,-0.25781075350766336,-0.5117151702036207,-0.3482507229095453,-0.4112401051310477,-1.0858783867696047,-1.506686870455754,-0.9436351850326916,-0.9652469117455251,-0.19655571639231026,-1.0284256743399032,0.022435700982485877,-0.07763819987020863,0.0030319963526353596,-0.14178769458631935,-0.152423811840589,-0.007716035651211603,-0.15953147002715734,0.06870249449399515,-0.032863936064154095,-0.025942851506319035,-0.03237848312830263,-0.05512540157422912,-0.6223398749406535,-0.617221476012587,-0.22088819928857806,-0.2683239582208059,-0.9373282298253861,-0.16023095093892636,-0.0156434668387139,-0.059518374680974866,0.025904751370818335,0.08496795155781116,0.23604367447524063,-0.2006238084208499,-0.07360184655958094,-0.004908990845424102,-0.01021657037356649,-0.15578947759171075,-0.033763418371516245,0.013748572711337583,-0.08927577909007763,-0.08134866206080947,-0.00010712628353156875,-0.03378367297215889,-0.05713148359462303,-0.3325351057314779,-0.0804920879929023,-0.17423752681045854,-0.050907999353590895,-0.01119865993727982,0.06612569381719141,-0.012950744141978917,0.09687324138378478,0.09676729521389549,-0.04411385865514274,-0.07398913824142424,0.10239555820266395,-0.30528572090472494,-0.07627498626844044,-0.06754536538740043,-0.24415741982430228,0.11988279413800819,-0.2523343149353815,-0.007532132266243227,-0.0538853164918409,-0.0720406034710807,-0.1300230062993786,0.08601160655627386,0.004084689321247389,-0.03610895017880978,-0.055365920106750136,-0.3133592848125795,-0.10410249749391634,-0.01096103137819105,-0.03283395291134681,0.03916592027538476,-0.0394149955060114,-0.04822495328640983,0.027032865258075196,0.08648295889703302,-0.25891957700548457,-0.24301655528430968,-0.28831136519153133,-0.1458393518008774,-0.15137060099925598,0.012950186152735547,0.17456305931197594,-0.1095022690623661,-0.08395759072813597,0.061941391505305324,0.03920481500413481,0.0887629655765231,0.17170437058032978,-0.1833562829827203,-0.33480263629676654,0.016778892654508968,0.09421970289379715,0.13053655654979468,-0.022912102980965212,-0.016741105190639486,-0.006610238377910407,-0.16576019395636896,0.0009537173137487831,-0.04968755353901863,-0.1871307146635072,-0.10898649374348436,-0.0011521729862489136,-0.054858513691748906,0.05062495816595445,-0.2591082131978904,-0.07354837417011299,-0.115931570642655,0.08827560819057795,0.06764028426670467,0.10528757547714214,-0.009302759304770725,0.06548623818088829,0.12562972024054983,0.03128984978444764,0.11837229088319215,-0.018400109643320974,0.0033458526723387696,0.16051579462270188,0.058259730781877586,0.1607502028893797,-0.6415840683057528,0.04424289233529943,0.028398365737911734,-0.19859426027978827,-0.17236827186783998,-0.2245680024505907,-0.010584077567525593,-0.11127015663570992,-0.20989566116534017,-0.0121686519508134,0.11724087055388482,0.0987862836115887,0.05122286737125902,0.18842972548883563,-0.11414267123075021,0.06891033308444733,-0.023495785274333634,-0.06982151103511557
-0.20400164027970116,-0.4102828816868063,-0.2632904931401969,-0.2907014967363444,-0.07623345677085522,-0.30765455809487696,-0.5979414542725064,-0.4363318901200675,-0.678856238044926,-0.4788697595377398,-0.2319524373208455,0.20374684663134543,-0.10669241926311791,-0.1660255378758241,-1.506686870455754,-1.506686870455754,0.029909482572660774,0.07882498028461168,-0.29850212398463283,-1.3144385718901022,-0.2741846948821141,-0.06639214164514012,-0.13600815000830918,0.08953395214112826,-0.11185802461553424,-0.011167072564737823,-0.09047193597515399,-0.12638812780049674,-0.12884090468066686,-0.33094111265809933,-0.3733203030310312,-0.6292444112199466,-0.4792611320136123,-0.5392531123810393,-0.41181899054411814,-1.506686870455754,,-0.05296574772557809,-0.3275207024594429,-0.27574913636789816,-0.13585487244345615,-0.04622786492846553,-0.2747248987820713,-0.1478702927367121,-0.16663216236381423,-0.08289313402174314,-0.14459342693009047,0.007730653851932125,-0.03030326197777928,0.006254062732307097,-0.04134244714188999,-0.23691292419708782,-0.5598241049094689,-0.4318841221946461,-0.18094690288208187,-1.506686870455754,0.07133417411593757,0.10788069350475285,-1.506686870455754,0.16883952938087626,0.06454766307194544,-0.2621432004098994,-0.15186903674449265,0.05475662885660271,-0.13734906281125653,-0.07761871011719454,0.13334462244086745,-0.20299805219891578,-0.0446572802069789,-0.013035777483460615,-0.0850826189165701,0.06420147339586549,0.01184652651142553,-0.07420815207386879,-0.15845745724774948,0.03321524098872224,-0.24675897899619928,-0.01689400601634997,0.00445553030423326,0.04583675098585432,0.004414535655200865,0.031340148611147055,-0.008382124019837239,-0.31827478139903337,0.11900768909014746,-0.03596287742145591,-0.17132010862149882,-0.16372229073509487,-0.022498651090383945,-0.12205591241271303,0.08105455193995119,-0.15083769515084994,0.05124584046697599,-0.2171905045582932,-0.024932949215276112,-0.23990857082404618,-0.04572772640437781,-0.1028027301760164,-0.11081221531360037,-0.2568402924945827,-0.33565628680226545,-2.2057128313354375,0.1620107595667667,-0.031754834297124376,-0.0009766582423338908,0.06004272087434229,-0.24449945119803382,-0.013068676750440664,-0.29208635474526246,0.00444948612545555,-0.13679643379813344,0.07265076946014366,-0.3051053715043485,0.014457814832084057,0.23574554365990083,-0.25368394246144615,0.2594814928423418,-0.22743008254418726,-0.044310809555270274,0.2171787210879609,-0.23474463966625064,0.15645447754824737,0.05479340224169303,0.14001890280501972,0.01886765844599488,0.00645915632008378,0.04142863477667664,0.0429287703948806,0.0731342427259001,0.10099596332905161,-0.37718193201115546,-0.015753972588705083,-0.013787987183235767,-0.27638016155936107,,-0.2645599364004303,0.0708722468384984,-0.07146037086691362,-0.33525823447920794,0.027889144459764606,-0.09134250067888446,-0.033789372356566885,0.17133960288086852,0.27363223069247383,-0.1875985575238481,-0.13193107460071754,0.037153943054603664,-0.09139319073327862,0.0677742233042875,-0.048723042892436924,-0.1691293342191618,-0.10754123389174293,-0.47960155450123715,-0.3879690352676753,-0.7421936896184779,-0.13334722433418533,0.02523081567247776,-0.1684124919470396,-0.3889528013350215,-0.2149765058044664,-0.12789686519227925,-0.34160401859279454,-0.1204128471105829,-0.044310809555270274,-0.06505379263149175,0.04558952848422764,0.13521867403444415,-0.05887502944530886,-0.044310809555270274,-0.053668621576461906,-0.31298281120625526,0.020659625195039243
0.08797673500782027,-0.40457330971131816,-0.16470367180517584,-0.05153758852094915,-0.47155328326926366,-1.506686870455754,-0.4870900705757334,-1.506686870455754,-0.2983318165759457,-0.19823703172308557,-0.32457871719889814,0.07912512024595442,-0.11301801420988382,-0.20088146302689747,-1.506686870455754,-1.506686870455754,-0.009366144151476581,-0.21767140499852183,-0.8843085137198857,-0.20274516087461616,-0.1306394642557107,-1.506686870455754,-1.506686870455754,-0.8403697133067538,-0.09512211893049081,-0.10281045253140735,-1.506686870455754,-0.031009338500135916,0.07682903085315404,-0.09294328954201675,-1.506686870455754,-0.05763731660732206,-0.7254218968513011,-1.506686870455754,-1.506686870455754,0.1100273364703036,0.002938988125217167,-0.6957896589333687,-0.1123104945463653,-0.733495665917809,0.08622188204274543,0.041170129288877255,-0.13829372206025173,-0.18069861175080656,-0.22228102584323403,0.07084023352780656,-0.1264848165183383,0.011770334861958822,0.0007153445824693495,0.029056845121386777,0.22610763642921114,-1.506686870455754,0.06824947033185463,-1.1354518822948325,0.016379019546360295,0.07682903085315404,-1.4286193710744177,-1.506686870455754,-0.5180911720639745,-0.004433765129973168,0.09310715876964216,0.19853357034547395,-0.16563749077286272,-0.40173351723557305,-0.25114132257311433,-0.1458622877719421,0.05721129941018835,0.07682903085315404,-0.11792519989641793,0.13536306215644342,0.02696809457143376,-0.1306394642557107,0.07153014635612015,-1.506686870455754,0.003684704573887371,-1.506686870455754,-0.922216838558625,-0.7508674411355017,-0.0317479300528835,-0.3906750267623335,-0.8606109185659025,-0.04356590567138803,-0.007727557888941267,-0.0015417683200393618,0.12891590983849188,0.0438271560055279,-0.2769420055859854,-0.2402512546771063,,-0.12088679675184298,-0.10684731771995819,-0.28895692310765114,1.1439169604728496,-0.3387753832496982,-0.2063944261140523,-0.29924397581850715,0.2434093255923757,-0.04178685668317393,-0.2725403571019162,-0.2135840269316239,-0.2669047801571358,-1.4574418862726306,-0.11003303730052935,0.1785898783170115,-0.11770558138714772,-0.018216181096076936,0.05576053089180404,0.08882302151256288,-0.16443930123996772,-0.6050761353268148,-0.4380369328329398,-0.5762436819075443,-0.23287700124219016,-0.17530982853140778,-0.3899443964860396,-0.06319317878356562,0.12656901620822053,0.07426671022002707,-0.11127175417607771,0.15002902995701106,-0.06708710858366863,0.06929236475117034,0.09893989840223108,0.024528806839107836,0.1785898783170115,-0.15925354847319234,-0.055835521188009114,0.014900730240297345,0.01152095020789822,0.04186055035681578,0.1785898783170115,0.1539480463206703,-0.08343843322176302,-0.2729975275885847,-0.09563904156134766,-0.2917231979209614,0.10592527665344463,-0.3305375702850241,-0.06428459974579907,-0.07027572763308779,-0.07132291001198345,0.08444411676565203,-0.05890255009033029,0.08446933863895936,-3.7714709189989364,,0.18711542401592887,0.033264920845692374,-0.23012481687445344,-0.30574836786211024,0.04673949797871291,0.04924683152613124,0.2202170925526615,0.1228927094062593,-3.7714709189989364,-0.13325024084156684,-0.10793237961722014,,,-0.16323325276978531,-0.06253217618709164,-3.7714709189989364,0.01082363649046995,0.1833714715658804,-0.09843772372765347,-0.3006518295847837,-0.42709761504864796,-0.038517614144096594,0.2151272676770319,-0.043683453083592,,0.161101935143214
-0.03911104937541572,0.006147439599048617,-0.055718187474484836,-0.05528465799771948,-1.506686870455754,-0.2788147018763955,-0.1198736866191646,-1.506686870455754,-1.506686870455754,-0.21338382100683023,-0.3372194469276042,-0.2813773907144162,0.05730555255916413,-1.506686870455754,-0.1197452625137936,-1.506686870455754,-1.506686870455754,-0.2745808197920518,-0.3631438865819604,-1.506686870455754,-0.19105188687878935,-0.1185378727687824,-0.3652841988865902,-0.6192225860623138,0.01655033083021645,-0.025315371282280508,-1.506686870455754,0.02902660249457378,-0.11267121962028624,-0.13249545297513424,-0.5514213810563182,-0.16816945465362731,-0.3418477052715452,-0.6514334658815809,-0.5598241049094689,0.07682903085315404,-0.1697425315482133,-1.506686870455754,-0.5877749019506133,-1.506686870455754,-0.13542662624584806,0.08299351662341801,-0.11557622877136917,0.1511189239229988,-0.13831577872032863,-0.42639662896722846,0.0016512102281924582,-0.04724136142699145,-0.14783423711931293,0.19518266682723667,0.15074624269523323,-0.5384264987017947,-0.216973918898924,-1.1019243870199216,0.20933153952749126,-0.5930031044161979,-0.5741963984307786,-0.3166331610689569,-0.23428512565749363,0.007606301960840006,0.07682903085315404,0.07682903085315404,-0.09726775697852477,-0.0804356954904994,-0.2756708638050329,-0.1300891713340455,4.900264641090558e-05,-0.08011722900236021,0.026091623350450097,0.23553277006229098,-0.17630118470437686,-0.1432161492488465,-0.15109630956874687,-0.1393002023687914,0.07682903085315404,-0.7360199086843964,-0.5668277006854641,-0.4538623879352555,-0.0045912758013555875,0.06740589453759298,-0.01834733600736112,0.06668600950717898,0.0941851411241457,-0.07770521946474582,0.10533553243000404,0.09255926104767181,0.01384213807417151,-0.012856584640790791,0.009803558842944761,0.14259321337471817,0.025104713800917184,-0.014846127904607306,-0.07436042820153059,-0.0423727598752612,-0.10597189991448383,-0.2605753688880526,0.13866186686744833,0.0009901977138409097,-0.12176339368743569,-0.0036269830715080996,-0.2739439306566276,-0.1699873110564674,-0.041930761965700135,0.07256142124005817,0.15891091852839104,-0.2514828021310816,-0.024894426664068416,-0.10876303138074563,,-0.38222569040474197,-0.1827022805918877,-0.3498996517247592,-2.1170775293471977,-0.46718117525905434,-0.4839496367363517,0.20823166443021907,0.06929236475117034,0.09833872005122897,-0.04651237373776983,0.25432114320898486,-0.1397642579743524,,-0.019444779656090195,0.11432266338011472,0.05319747877761206,,-0.05306478976958651,-0.08508261669203405,0.21913364113011755,-0.004412537924262221,0.21292050985869232,-0.34677202058349715,0.0029783285534148492,-0.09890366386074964,0.005476494143850746,-0.07949146782177069,0.2932190562462642,0.1843850226831893,0.039507394914785464,-0.11983091421844144,0.030600280297710163,0.0396452918997253,,0.16386792935252664,-2.369800146687632,-0.0541078812180607,0.15583646957401512,-0.005224314265813624,0.1815250166774476,0.22530669858246566,-0.038773760651604504,0.22178797122176216,-0.06832298465043529,0.025709513523884436,-0.6572167998190184,-0.1101458449613436,0.10723141206582787,-1.7218388039729715,-0.08411583916950527,0.025994776984562963,-0.013127777692659017,-0.36305838967086773,-0.04260969489640196,0.05924772351979843,-0.24176778538975902,0.2849524334616076,-0.06662746350668698,-0.0392047643930294,0.06936744601319723,-0.06190559525085018,0.3309197728264241,0.26009800519682325
-0.0811633449105234,-0.6413311753045162,-0.2273910345141953,-0.5280383834551489,-0.2841298304633229,-0.4864619288854783,-0.2392937985509432,-0.32286167517862546,-1.506686870455754,-0.4154786619691634,-0.988510743150744,-0.28351990448159947,-0.1960445121153219,-1.506686870455754,-1.3582912331509813,-1.506686870455754,,-0.24364643143549675,-1.506686870455754,-0.329138496526724,,-0.14291427851372332,-0.22746989403199389,-0.23385442711249294,-0.35623552708222833,0.1190347605088749,-0.04257076757389572,0.03658306274792485,-0.31232742764826826,-0.28412983046332296,-1.506686870455754,-0.8734143119779679,-0.5944425166276858,-1.506686870455754,-0.2291821087215589,-0.7306602239563529,-1.506686870455754,-0.33944819256819087,-0.09186736143711949,-0.3106628857836572,0.013349198822404713,-0.05424375395765081,0.11831949909475693,-0.1621076871668587,-0.6713491022069947,-0.1306394642557107,-0.25410725649883936,-0.19286062227134684,-0.031710495986730404,-0.05886986398517121,-0.09601142189526586,-0.057656903030655286,-0.506913219105643,-0.026351740676762072,-0.20645611393319033,-1.2937789027343731,-0.6776137459364148,-0.8542569538504796,-0.644006826245097,0.028946400657621992,,0.18295074281278845,0.04184863245189999,0.009037658316262513,-0.0026397692980402285,0.0967254634279386,-0.09078420691813946,-0.23262739296346935,0.02420639632904451,0.057078324118617775,-0.02775187256236936,-0.20121075445936137,-0.008765595337287317,-0.215320188003822,-0.2751259371306621,-0.37662251267017377,-0.063819593674321,0.029290193099290197,-0.0334132593247087,-0.0009984251391894246,0.2713167521213121,-0.1372430551875619,0.04487398454999646,-0.5254969570913745,-0.40515278303189806,0.0026846081978365763,0.06892159627477253,-0.14275335019279034,-0.07014920654243822,-0.1308032863053646,0.20328919829500758,,-0.08777461917634258,-0.044310809555270274,-0.1506583108948887,-0.34432737016732984,-0.012880562154780423,-0.4291074953369192,0.056185628695534104,0.0001681093397434011,-0.173232113004731,-3.7714709189989364,0.0535079520474683,-0.1468565107183835,0.06051058306879402,-0.11723507284218807,0.02547167762731772,-0.03161848183773761,-0.3036967829806767,-0.0033272650554964332,0.08835166809263664,-0.11284924217205664,-0.03251514965850099,-0.049244531723889186,-0.5682382254641185,0.18665669687063643,-0.1828220043299835,,-0.02201311895020766,0.2212581585984535,0.09065335956651432,0.05177780551540773,0.2641900155358799,0.09557744100342205,-0.07531727304325979,-0.05943112303870259,-0.29809229623170297,-0.009151332433084334,-0.1350878337842257,0.03326492084569247,0.20613400069010548,0.08134941000207396,-0.17498208517313937,-0.22850120010012856,0.011275675362136701,0.0038595181129985395,-0.3359504235183936,0.06820249968253082,,0.06094586392568084,-0.12444017723387561,-0.4970795159232254,-0.2157533527300643,-0.737213218856414,,0.08893294419715893,-0.25720941697425564,-0.17212912599538485,0.14755528782584476,-0.2672784866586842,0.010571719780176835,0.13467158678496113,0.1318933322665628,-0.06839295981196643,0.1785898783170115,0.023966305027764756,-0.2415463111313158,0.3181229323211754,-0.24032907845700216,,-0.32993951169454494,-0.5254969570913745,-0.36674246199907007,0.006058287884149456,0.11425365789940131,-0.03387608034524019,-0.07511080041789767,0.10099596332905161,-0.11963947582995485,-0.0008455648037028522,-0.46718117525905434,-0.06300583157372208
-0.05053579778956606,-0.3590601172261169,-0.9971395280110877,-0.042059065047897776,-0.4122857523020605,-0.22721476307548308,-0.283890593285823,-0.15474769217320994,0.06209836327535578,-0.3244425566702481,-0.19318282871269765,0.08592784912712145,-0.09960110728809317,-0.057099000365040585,-1.506686870455754,-1.506686870455754,-0.19784244638988469,0.05595012007591055,-0.5511859032569945,-0.8092162005988155,-0.20259253984461859,-0.12538987343334373,-0.1582766687488098,0.17581253733470825,-0.10725228265752403,-0.010111506579789153,-1.506686870455754,-0.4306039722000999,-0.2244564043044265,-1.0048382980791082,-1.506686870455754,-0.9876488301735565,-1.2618232065300634,-1.506686870455754,-1.308715653686515,-0.5230267627121731,-1.506686870455754,0.20940067732330156,-0.9194913558085012,-0.17601086519332723,-0.22792198901542204,-0.059864802240934885,-0.06537830024208881,0.023103617325734304,0.025016268380532437,-0.057678180616763615,-0.019269712896004546,-0.9697061527207597,-0.04869106083792378,-0.06924030914512004,-0.01340210629422306,-0.4331625919339261,-0.43913290737175203,-1.506686870455754,-0.20352351183244102,-0.38758623194204467,-0.9288986636446706,-0.14577671072764664,-0.08665086554748239,0.012094192251500243,0.02241246063187165,0.16695678927845675,-0.0646792427668198,0.20159543555521667,-0.11541392418259208,-0.15579678763292648,0.07948097707071097,-0.19893563383283266,0.04245585923862128,-0.0013110835215309638,-0.25579000564050347,0.015547993381418044,-0.02316421486924151,0.05596664115861654,-0.2645499673596176,-0.0019910130059224373,-0.3146605177320978,-0.30631965879295253,-0.010543289480846433,0.0043107904786070855,-0.015889841795764574,-0.01822978049900103,0.12193232132831747,-0.03664866611280524,0.11857607616714208,0.10099596332905159,0.08477451670574448,-0.04176427495208757,-0.21750673535609283,-0.021500582192749508,0.029379988556179088,-0.09211998903969167,-0.05037359065592109,-0.2114505691455631,-0.2540570593429204,-0.17538691280628882,-0.06278160685235837,-0.02570087485407317,-0.266735737803392,-0.13270495497743198,-0.2074027487186781,-0.5006436029129776,-0.05109797952597682,0.1557146060257547,0.13803584202257077,0.0714040970986263,0.008619659861894282,-0.07730248265449408,-0.6017372491246405,-0.28094940253421863,-0.16125165836263275,-0.1326675037399669,-0.23055728101926604,0.07542583428963619,-0.30714383979300763,-0.06040650246275009,0.08469606177860661,-0.007970263436362946,0.05660160382094923,0.17348274826737822,-0.01893693733659037,0.09244223554008531,0.120555378590617,-0.15417921509565483,-0.07947686967650561,0.009809712812090216,-0.042662996247629696,-0.07506924486939653,-0.029947989819192476,0.03621246039835968,0.08677672451149657,-0.0786556785502607,-0.05107609951076262,-0.0044462950642627655,-0.06729990959107877,-0.0591232811306295,0.029777336309768355,-0.08181348636547717,-0.24835050208810067,-0.10937832935335982,-0.06614312835291009,-0.07612132525606985,0.1114878940488026,0.08107382743776836,0.04178157864474149,0.13415090036433033,0.007156345118520993,0.037298437638178916,0.19102881070209618,-0.020995507517022408,0.05599337495664464,0.0959160751793122,-0.014403823846607867,0.02999817002765768,-0.7558625678479218,0.1371112943122304,-0.06138264818476565,-0.47277129100514537,-0.0577085130851398,-0.028257601666278956,-0.10671051509553027,-0.4845803257575264,-0.04874765270581993,-0.025246951260507692,0.04918348488251677,-0.036354838434478724,-0.06657106579410481,-0.1252108612397967,-0.008593176723008184,-0.021336428320348755,-0.013156653212724797,0.009020225855553015
-0.2898542167619096,-0.31025171438679594,-0.12692419847877973,-0.10469710999664995,-0.12078021788979124,-0.0879637742427301,-0.29742007782171753,-0.01908234641644385,-1.506686870455754,-1.506686870455754,-0.4089771391970346,-0.1534941022838039,-0.011438507119510203,-1.506686870455754,-1.506686870455754,-1.506686870455754,-0.6026143238258979,-0.05690821595045239,-1.506686870455754,-0.2207640655223328,-0.20831318078584332,-0.008497301757737238,-0.10501865242496958,-0.22590961953404418,0.03237700937861159,-0.04096740043095126,-0.534924056251025,-0.2432500589921995,-0.16359745265911593,-0.6064247998181799,-0.23410860234054107,-1.506686870455754,-1.506686870455754,-1.506686870455754,-0.506609925605247,-0.24905330459265676,-1.506686870455754,-0.5009963164296531,-1.506686870455754,-0.18699626258444274,-0.023055268020094454,-0.1874738434627173,-0.27158194698910904,-0.1253243356687832,0.012408372073214448,-0.05296574772557809,-0.1824530811865366,-0.1496217347261838,-0.08542186929078406,-0.128101192102664,-0.023780821471849897,-0.36099654755805866,-0.4909628645996952,-1.506686870455754,-0.09310665747127991,-0.5314987916281547,-0.35451682265042683,-0.4037007313647558,-0.4428228730497413,-0.03752191726694779,0.1888375585360564,0.003227715196327369,0.008282062024727936,-0.05296574772557809,0.037923943399385734,-0.10313866215811461,-0.07655059638074266,0.0038580062838177607,-0.10284730703400276,0.007907401635319432,-0.04487198057839331,0.03194483011371073,0.004632216408194175,-0.06293620639075616,-0.06663737642327582,-0.17410251871985022,-0.04663338523078871,-0.2612068127485721,0.031855416880981494,-0.03649587304451926,0.02753164340818493,-0.15376588911777178,0.07449145477251977,,0.029997393107317482,-0.09441659738050097,-0.10620047435723091,-0.08921859776260463,-0.2766690361570655,-0.47561822342759563,0.018457588166844754,0.1311229989903533,0.1785898783170115,-0.10039400505551394,0.10782354312815899,-0.15993644653594544,-0.0926481696005698,0.06713982081039939,-0.22719841264217946,-0.2886991989024548,-0.29725986763331447,-0.6920562364053945,0.06139528207868487,0.010922843818608717,-0.02578363785247992,-0.0578097519194344,0.03836777201956326,-0.035894736271719914,-0.11090792000300467,-0.04670150183301773,-0.27327905774068967,-0.09467959280994794,-0.7038782755822905,0.011593469084636277,-0.23696444588148968,0.02189138179945268,-0.1671954992127478,-0.12636468057331754,-0.06911581988737245,0.22353089632078618,-0.21328961389478762,-0.08411583916950527,0.14226463173451875,0.06967092797684427,-0.013305989205046876,-0.16252057743911977,-0.1054799174526736,-0.15704136710670052,0.09480388972603808,-0.12636468057331754,-0.07569382658896567,-0.2693510651649526,-0.1428224956536941,0.24865931501625746,-0.15801260426259237,0.05986004533517409,-0.08462486565931102,-0.05914660955094781,-0.06303032360370592,-0.1372430551875619,-0.08777461917634258,0.09927385205140203,-0.3178966294538492,-0.01695682468436138,-1.3224344420768996,-0.050917899232728714,-0.023836142973502835,0.055419183680817795,0.08449161390235141,-0.05827100098203578,-0.2385613846518183,-0.2503125562948079,0.08954538681271992,-0.04966653326314336,-0.3909278181511391,-0.03886407106082565,0.038398000758737796,-1.1212634106035377,-0.30113735981578743,-0.1729140353045934,-0.11206643483237459,-0.2861265306328895,-0.1737919091129227,-0.06681877641105796,0.02543647319041587,-0.08820602885204844,-0.034906814358559954,-0.24751821935121976,-0.09094304267811894,0.19872875100832665,-0.12210933560616109,-0.17785567173520228
-0.08791526137210683,,-0.060207325088195714,-0.18190404893947318,-0.12092512863328332,-0.03304938543972998,-0.0922753147488723,-0.20265243858587761,-1.506686870455754,-0.2038324325881391,-0.595506918287535,-0.11414957107564874,-0.09699416860658862,-1.506686870455754,-1.506686870455754,-1.506686870455754,-1.506686870455754,-0.27158194698910904,-0.19126399008612613,-0.05145669158854464,,-0.1381592788341267,0.0025501266833640054,0.09727520825696835,-0.18772421944036202,-0.5076467117669914,-0.23554599428216547,-0.315714371267773,-0.039228836728934076,-0.1767732160029659,-0.13711134666125202,-0.46634760068129544,-1.506686870455754,-1.506686870455754,0.01986726722451908,-1.506686870455754,-0.6235577395903215,,-0.7184215642380086,-0.12950880783624866,0.07212456366941852,-0.14920987912482542,0.0200352214927513,-0.1577979422406467,0.16649660242608386,-0.07191731351438024,-0.1688825983197967,,0.030049937858482843,0.0864190844902116,0.06494549101387526,-0.3679695891950182,-1.506686870455754,-0.018391454958845317,-0.14030883097604196,-1.506686870455754,-0.37893856144946625,-0.8041472189344882,-0.32424046389880506,-0.029401581336537412,0.10011330120546015,0.07372511272300543,,0.016705603044598224,0.1922489622963293,-0.005413112744755227,0.10418943037654005,-0.13656546999309033,-0.32839745486947847,-0.06989916861402079,-0.2810153948820628,-0.09980021595616612,-0.0939966438360176,-0.18542976174864856,-0.2536376101230079,-0.6704091053569884,0.037455825169425916,-0.0509595079228795,0.01800618488693379,-0.0022656218614312347,-0.17119856509667303,-0.6240224282226056,-0.012472470484689843,-0.25565262237227343,-0.26237924751221736,-0.05630334250113571,-0.22683887059352884,-0.053612265126638706,-0.05865188467815738,-0.2704120495696604,-0.07917360088642116,-0.009412606696062953,0.026343225712767232,0.1318933322665628,0.015647539854749346,0.029842526500430025,-0.5474585847848461,0.07362973877753276,0.09551519647915632,-0.09351283945738793,-0.15978137618123378,-3.7714709189989364,0.18762209569503693,-0.5800779975697594,0.013800581906985056,-0.08777461917634266,0.05695153517565763,0.014087795489026993,-0.37799661260492273,-0.12929925531267905,-0.2992439758185073,-0.2663666623147807,0.1249200381175583,,-0.9267016188926622,-0.013545746680449534,-0.11014584496134353,-0.3774136762639602,-0.10754123389174286,-0.04972441429001695,,0.10577570601883707,0.1082173170695455,0.2970698017056506,-0.1650100899557685,-0.03947879710315691,0.04585821707612988,,-0.08643136552849337,0.169458472197294,-0.005643468682491497,0.225087455423583,-0.10121007943743648,-0.07902587774917723,-0.09537502143345439,0.11315790837289136,-0.03251514965850099,0.23965095001158193,-0.14907490976801105,0.01714582893141289,0.07492411760367454,-0.08713725647466561,-0.22349175404156868,0.19263868217466742,,-0.1948443836364064,-0.0737675954769166,0.037623422781271024,-0.21463056403877392,-0.19358138275757517,0.09893989840223108,-0.15068253137867604,-0.5254969570913745,0.11613502826792829,-0.21207054639560693,0.12672187780877003,-0.6041830474471607,0.08780483188669887,0.07126826243379414,-0.2655250364215798,-0.13222765636213638,0.03326492084569247,-0.11047825319672656,-0.0002588475766878374,0.01784261282174344,-0.6836778281126594,0.029672249442355986,-0.2974073668413426,-0.30113735981578743,0.047999802272463955,0.049075285970766463,-0.1301265169643421
-0.14708222175934896,-0.2643239277932352,-0.17227791774179274,0.098972163516456,-0.23323505824023755,-0.5839712266033007,-0.20138547371220336,-0.034990283400752886,-1.506686870455754,-0.2724386878782666,-0.009635770929773364,-0.12912683805565028,-0.07455615467854988,-1.506686870455754,0.07682903085315404,-1.506686870455754,-0.3152742095153619,0.07523020405790505,-0.14282071772316562,-1.506686870455754,0.0249015048737741,-0.007656936065063289,-0.07043896205901767,-0.2887407572934049,-0.05227053678210781,-0.1664747117974082,-1.506686870455754,-1.506686870455754,-0.20274516087461616,-0.20265243858587761,-0.5877749019506133,-1.506686870455754,-0.4165124976587233,-1.506686870455754,-1.506686870455754,-0.2944941695001437,-1.506686870455754,-1.506686870455754,-1.1354518822948325,-0.4788223052318798,0.07682903085315404,-0.18211415873467374,-0.03849584859154383,-0.15032335385555512,-0.6514334658815809,-0.2632904931401969,0.04560400253671871,-0.06334130083765432,-0.0820436777780503,-0.28106025110452876,-0.19184731768276622,-1.506686870455754,-1.506686870455754,-1.506686870455754,-1.506686870455754,,-1.506686870455754,-1.506686870455754,-0.23119835596705188,0.26748021037692227,0.14173799697740913,0.08703526176767816,0.06257054583588297,-0.0036302227642140503,-0.15387332818123076,-0.03494980198437732,-0.083224633516602,-0.05126389084324698,-0.05834307148991169,-0.17611507348056743,-0.17388022734517755,-0.10204399010813431,-0.2678025826683332,-0.2137345470059474,-0.12563497316764038,-1.506686870455754,-0.28202865080938455,-1.506686870455754,-0.03892776358133417,-0.2938960310311769,-0.1348655106137631,-0.22243093917702805,0.0878386201726523,-0.3924582676299433,,-0.28949801878955084,-0.06809935498676367,-0.33912618109397824,-0.3081869948411507,0.04137767832375528,0.23198686098949414,-0.7546322115693636,-8.674928600713842e-05,0.024867464660978868,0.033264920845692374,-0.09890366386074971,0.06139528207868487,0.06139528207868479,-0.24012891609959716,-0.2021426739122011,0.1318933322665628,-0.3251845167055757,0.1785898783170115,-0.03180855845354278,0.11031824204826396,0.007151714180039425,-0.13508783378422565,-0.07493670723093492,-0.002629726804086492,0.1255725678251736,-0.29924397581850715,-0.3595619478382864,-0.8208222477723396,-0.3990233529435945,-1.2196415081828889,-0.14844542807854094,0.02703944247756529,-0.39548004359674854,-0.3822256904047421,0.12208474232264077,-0.023836142973502724,-0.16252057743911977,0.229841077799289,0.04500506332281977,-0.5081761549439406,0.0512028868594383,-0.0960713559845205,-0.12780868955543295,-0.4593463942844015,0.06872255866700505,-0.035191282619427056,0.012964473605477584,-0.09352498513337182,-0.008638269889716393,-0.029896619436145955,-0.4515366832317768,-0.21909554394901903,-0.07202777084332758,0.09995206619696986,-0.49685008526993873,0.1049572234566128,-0.3397097069650436,-0.6655801290119671,0.02680747096368243,-1.364343674327415,0.1785898783170115,-0.049831815429880966,-0.18675252887876617,0.048847809310949744,0.1735882559451969,-0.15917998124039245,0.033264920845692374,-0.14233238452092262,-0.39817081415891875,-0.977697489665353,0.21263510216295975,-0.13301978523098745,-1.2006852113853699,-0.6542613271700879,0.08195018564256215,-0.12552121353782342,-0.7015285549574949,-0.09182475269687201,0.07279457519059863,-0.006704465710222583,-0.044310809555270274,-0.15925354847319234,0.1785898783170115,0.006171734818384461,0.06334906323901712,0.07648329081040522,-0.08996300303645341
-0.22486702264429823,-0.188749310085032,-0.2638802418099493,-0.24239649199307434,0.019348364596736473,-0.07398797380274662,-0.06081734161835115,0.03786324039227455,-1.0902713801475783,-0.6460713366189751,-0.10391543646548844,-0.9172062642012798,-0.05207374985184148,-1.506686870455754,-0.9608313046415272,-1.506686870455754,-1.0863762263604653,-0.018701593337345487,-0.6613850224545672,-0.1602461796829156,-0.2648121025545228,-0.06912912851887668,0.09580729950988102,-0.0956247682327217,-0.24126581032965258,0.076930623559302,-1.506686870455754,-0.17507572840149502,-0.2070634832713211,-0.20024372372601076,-0.2541676702113942,-0.5740510344333841,-1.2607993714582333,-1.2565784831770983,-0.6873792708250596,-0.26745571448289696,-1.1990069392904952,0.05296859795411345,-1.2855539075025133,-0.15723938031864856,-0.13819651004335348,-0.11157531021596315,0.03837802321892356,0.03171021000082103,-0.10961906426917235,-0.32072719756231055,-0.16918593433137172,-0.6381651533785263,-0.09580716233610365,-0.07836486270844042,0.06306523399754274,0.029905245741905274,-0.3004820324884532,-0.2377133866333161,0.05023034358103107,-1.2351383841540784,0.029550164181086698,-0.7728184691682594,-0.6857667704759866,-0.04438952448626563,-0.027729010566806597,0.08728231717560295,-0.018066010392423004,-0.1550856687946072,-0.06001916751158327,-0.028820009887767725,0.028861437194697488,-0.13894456608181754,-0.20630474089675627,0.12954827254741022,0.05371395129801345,-0.09245711958924274,-0.09100997816643908,-0.7912648973034381,-0.38411764654847,-0.15853340931430243,-0.04660383529563768,0.043144703614007726,0.11661326786560701,-0.0163533709838286,0.04759218081606304,-0.36677514795623195,0.11702840820955834,-0.10809076267180753,-0.2536289344967337,-0.03399772176547603,-0.31308147347253246,-0.13997297419637592,-0.2272028486844781,0.048299929948608405,0.08914845448865011,-0.09436964346612076,-0.11667268248292303,-0.34195686281931037,0.11171892552890438,0.09602564905140604,-0.13791925170612374,0.12176662750926624,-0.04290696248122251,-0.08447771679337883,-0.16700286720074897,-0.24503704908563262,-0.10682968083545243,-0.07386501584947877,-0.07492938452045572,0.08457974760918288,0.020802539791853012,0.02122704870130653,-0.1655653513974189,-0.04375811445969785,-0.06913639033808255,-0.003429988869618609,0.02938630967464855,0.01536538117744247,-0.12358789722268629,0.053420609740493744,-0.0866335084164391,-0.07579876727907356,-0.11410068196264632,-0.036476755536253146,0.032142036567198655,-0.08630779850842883,-0.01699112163170718,-0.012163506648718823,-0.248152279582885,0.042823280800857205,-0.013198023476917705,-0.02980019327156703,-0.03384723211866028,0.15126134984425674,-0.0153007302096149,0.11006326607030939,-0.09496676471792326,-0.1690529683980274,-0.1776751019480782,0.17829868714694502,-0.14338637272707647,-0.06341602048320455,-0.42820118188477047,-0.12790977273864623,-0.04431080955527038,-0.18204146474619146,-0.31871061086101893,-0.15258387022553474,-0.47389341717909,-0.1422131866488992,0.012762329084953113,0.14630310183880643,0.024952688346407657,0.2014945014193398,0.03209688927238428,-0.1380010780875976,0.09213381296898349,-0.07041489534648132,-0.4561662051797633,-0.013535312203506265,-0.03722007593820594,0.06615263461432731,-0.127017731033062,-0.245724730635107,-0.09728100323240065,0.02791234537313757,-0.08795813948744417,-0.05896980882178258,-0.12065355255994509,-0.15537279417690433,-0.11458890706309569,0.09081748970148415,-0.06855653419972788,0.062301954009479306,-0.025379226475817005,-0.13160362041785606
0.013349198822404682,-0.33781092277137037,-0.013387447425181982,-0.154989059896687,0.05384887891468986,-0.07640417343028362,,-0.031214348477021137,-0.6052997141343257,-0.045674619840161405,-0.49140452050267114,-0.6874858020008968,-0.24184218755330378,-0.39335014277139874,-1.506686870455754,-1.506686870455754,-0.7509248948436423,0.06036548234527121,-0.08359788089549483,-0.7224547046203347,-0.11806525314508974,-0.3531713937661669,0.06930926413308987,0.045434377778882755,-0.09790209264690769,0.28080320389764546,-0.5055888140840417,-0.029866284635572823,-0.02079002134879014,-1.506686870455754,-0.3072292935533282,-1.506686870455754,-0.6829734306644581,-1.506686870455754,-0.28155475627423665,-0.6483550189462413,-0.6091725081582875,-0.34699343525507487,-1.506686870455754,0.12423754368277297,0.10104712017314697,-0.09263078547228881,-0.03594605034903611,0.23589139916662608,-0.16363794338987384,-0.14554810987192543,-0.20863164727398256,-0.1964549690768915,-0.3043110252640506,-0.02816744231427382,0.020952480769594564,-0.4086148291882319,-0.779629417665064,0.1717004886792371,-0.14203874343914571,-0.43871559865151083,-0.3938795667391311,-0.29357537969895986,-0.723792053824786,0.05649619760102366,0.13193056332258113,0.09551560621695324,,-0.22683034230929147,0.014284931078114802,0.07682903085315404,0.06989508587933771,-0.14816427643942312,,0.1076625194935136,0.07682903085315404,0.1044860771113193,0.04364087467715487,-0.003552364336856944,-0.07037387741008887,-0.1679831106878317,-0.05673234835998911,0.008705043648233067,0.033441890738024886,0.06996128371991056,0.049308721878201046,-0.35271937843967244,-0.012917708635489678,-0.10611752896878315,-0.26011584541716254,0.05951136907561493,-0.10242453243923465,-0.14978063278484346,-0.2288929265609968,0.020919055621909266,-0.14459479069602135,-0.09875374213661672,-0.1295425789351769,-0.0006566659832683791,-0.02578363785247992,0.15008650146690125,0.025027134474275726,-0.20248570655673712,-0.04760786215049979,-0.20808807425616768,,-0.2811393538081595,0.09272382216170164,0.04087867979181739,-0.07034377767462226,-0.054849951362590084,-0.18918423334347897,,-0.36523524575993627,0.1785898783170115,-0.10116421294288407,0.0016959130358646676,0.00798303311603783,-0.001702350128257155,-0.048094568253667716,-0.016733749774804373,-0.10754123389174293,0.1254211586942416,-0.19604620281531102,-0.02201311895020766,-0.03792697485960922,0.08908354228341527,0.06936744601319723,,-0.003482507835055712,0.07991043821124734,0.012990864351756596,0.12262319948370212,0.088118980546436,0.11069445864184325,0.20807390769146386,0.1496093006330064,-0.08930999622996277,-0.18699914894318553,-0.25565262237227343,0.19893752084022898,,0.2741535477914066,-0.3288732113834115,-0.023396451624742007,0.11326053912566719,-0.35376949204507285,0.052798033699126536,-0.23373567615309854,,-0.30534668648091207,-0.027478797321430694,0.1157585926093409,-0.10453859719216771,-0.017181900548160704,-0.007207317585539167,0.09441570662795201,-0.08095770554289429,0.07595075161944358,-0.24449945119803382,-0.04572772640437781,0.0825038744585706,-0.09371354254222558,-0.27327905774068967,-0.0667454526826782,-0.019414090189893846,-0.08172661034762352,,-0.1676545288350729,-0.07068774199406758,-0.028123864427306165,-0.0522455811664127,0.12001483327623037,0.1785898783170115,-0.12893954208718292,0.09927385205140203,-0.048665507111883485
-0.07781297079504194,-0.5786453698648031,-0.2235346669532757,-0.06705579345065198,-0.3241889981217524,-0.08787474943301392,-0.1342621081163579,0.019867267224519113,-1.506686870455754,-0.060302295023112365,-0.3435268322424261,-0.18156553025658953,-0.11083356158562299,-1.506686870455754,-0.17682463459750292,-0.65436780578545,-0.14077378382082747,0.015428241831978268,-0.10556348485237775,-1.506686870455754,-0.10589722222184912,-0.03840861808349445,-0.16775129499563596,0.07875776240818592,-0.006451480979589267,-0.35238228303918456,-1.506686870455754,-0.4217490553523466,-0.05794943409817395,-1.506686870455754,-0.40178120513736704,-0.49428221784478843,-1.506686870455754,-1.506686870455754,-0.14651060557429935,-1.506686870455754,-0.13941110852648453,-0.22519012039007172,-1.506686870455754,-0.4768201080543299,0.14491182539787473,-0.0954807922518581,-0.1761150734805675,-0.10185068654410571,-0.26974910181604467,-0.0332818581257337,-0.14191365342610315,-0.2423131769805132,0.010113070136679185,-0.09643328785915593,-0.09831895614409455,-0.3162627821083223,-0.3274699091027331,-0.5214599554026305,0.0073863476722490174,-0.27115755184410006,-1.506686870455754,-0.07655690131307116,-0.6443207890075465,0.1902546959386712,0.13885522964338548,0.1524300466651668,-0.10299375302291944,0.023515751144297853,-0.05007300552307902,-0.14949458753245115,-0.07445424927268324,-0.07916138808769956,0.020509671969296418,-0.05065139404335283,-0.1666037683934065,-0.06519360258518868,0.03051530963599524,-0.47932490280467804,0.14070276739584792,-0.1335564011869884,-0.16386031874472742,-0.278289167799593,0.011793405042925273,-0.05789389614911328,-0.13529645032023974,-0.22779148873859134,0.04013424600017704,0.161101935143214,-0.096374393302295,-0.25806127545836244,-0.07879452688267237,-0.2158137376318672,0.08080468148667026,-0.2157533527300643,0.20121113210043667,-0.0379269748596091,0.00041910125521995255,-0.3585874519309373,0.033264920845692374,-0.2152609622693797,-0.0379269748596091,-0.22220578697729987,-0.5111922685402698,-0.21362882881104447,-0.6516013362225183,-0.7692149969408174,-0.06374259930062115,-0.19363763138331927,-0.12574701173460534,-0.015069919711500682,-0.31787606121129947,-0.02415174657729499,-0.11770558138714765,-0.5239491198595265,-0.23305952457525442,-0.33525823447920794,-0.21057583035669206,-0.16041356992506142,-0.015189243258051795,-0.1260320009743857,0.17235266753526035,-0.048723042892436924,-0.10754123389174286,0.16602268063387504,-0.2015413936227891,0.12097488776551166,-0.2104966324227505,0.09005660011403743,-0.18327818422811867,-0.3093988706783316,0.161101935143214,0.07085592529493796,-0.6464680839517131,0.018996974298039954,-0.04098170226099723,-1.2649234169537462,-0.20726050503360444,-0.030106831902132772,-0.15338670219684192,0.1366126526068216,0.1470531095101926,0.04368708211185912,-0.09551946912111615,-0.3964211296219709,-0.0423727598752612,-0.06167407801988761,0.7246924857535109,-0.09902658188612051,-0.15664986917474177,-0.040529335289550224,-0.15607410540185007,0.06159974286605583,0.03326492084569247,-0.02030299263735772,-0.0284372480196197,-0.0006084297987993629,-0.053463439157368814,-0.33686206609716496,-0.30507654240900944,0.05503381213532105,0.0424045428568779,-0.3451175805382872,-0.15053039526228418,-0.026713516134181086,0.10099596332905161,-0.4500723850801547,-1.0222341964247204,0.2941219673899816,0.13414020540537935,-0.011203641747830131,-0.05357422788164355,-0.08621552471733657,-0.2264640662865499,-0.0667454526826782,0.06139528207868479,-0.06698389758289623
0.07893421152906238,-0.4158114789161559,-0.18214445722398542,-0.013211588342320396,0.02964528033957653,-0.4958641322070139,-1.0173457917286186,-0.18815284107954017,-1.0394118088439488,-0.28863863054766,-0.5889728851746077,-0.2550220660524858,-0.20494573373473327,-1.506686870455754,-1.143158144060409,-1.1077851393321625,-1.0971757282126449,-1.506686870455754,-0.6058534396473403,-1.506686870455754,-0.9156108349614734,-1.506686870455754,-1.506686870455754,-1.506686870455754,-0.27522732206725575,-1.060545929900208,-1.506686870455754,-0.22818696296551297,-0.06152922353353468,-0.9215061437547871,-1.0520340888813433,-1.218655979208456,-0.10155249012981352,-1.1299894998583733,-1.1326007540475072,-1.506686870455754,-1.506686870455754,-1.506686870455754,-1.506686870455754,-1.1027996455316629,-0.11630472779425872,-0.03023799784432279,-0.22416692712488262,-0.0015017567779179388,-0.13646713031656285,-0.1581886014971163,-0.08716371186211053,-0.1519419291020518,0.07030777636159728,-0.13630767818957262,-0.11394603010147718,-0.30844626541705805,-0.347226731360961,-1.506686870455754,-0.610538484843958,-0.6310440980645656,-0.9760427083615428,-0.03887158126405824,-0.31850444708411507,0.031902981654263404,0.026503690299307082,-0.0158775954411494,-0.11154375321425702,-0.04813150386819692,0.012089216313180003,-0.03782955258233287,-0.15747184202394982,-0.1379590024030183,0.02661380387856768,-0.07776788382469643,-0.2497199283381256,-0.09178866604500968,0.031230894005047284,-0.29417542293048354,-0.8834526864886257,-0.9056349351720064,-1.0361745249238383,-0.5112795479912878,-0.09788105749261139,-0.04484876475698223,-1.1125542173468812,0.03993335125265762,0.06172283480685099,-0.10545165126511474,0.019905125751819547,-0.004534438463916713,-0.09972253903910701,-0.045995937616227715,-0.10805399723730012,-0.35785489260769665,0.019923440436211432,-0.8214271322666076,-0.25969947164805635,-0.3312297510037889,-0.08729715288442692,-0.07726977715838283,-0.3883287193939714,-0.25223466511397613,-0.19444237352452975,-0.29975511742834393,-0.23542026366883703,-0.6117848534642553,-0.36102599986385725,0.0469713322600968,-0.14610403949307257,-0.15260287009656714,0.046264146137185415,-0.16628026039795568,0.12297044708959046,-1.3765148911973881,-1.3010531740368232,-1.196274901186544,-2.751939317240425,-0.2720713180074423,-2.4989609486070288,-3.7714709189989364,-0.17724839315380123,-0.5810917413061257,-0.4080524022774372,-0.027911670212937213,0.23667003622753002,0.030679584367638953,0.03864868567943768,0.061383145685996336,0.06876016711825138,0.0016268836803631154,-0.2450396984349277,-0.03973732376003225,-0.018402986759891053,-0.01805261676509478,-0.15254577829517513,-0.17259890439536327,-0.21554606410980232,0.022105945211109385,-0.03695984513863939,-0.14105442667383192,-0.10641842956166667,-0.25026651296258207,0.017919588451788728,-0.14577397025450184,-0.46521264696326237,-0.1286656741815782,-0.08990283382563198,-3.223240142466644,-0.139945534737118,-0.050615219959329355,-0.039982479111014324,0.10498282174549367,0.10287036536324665,0.11552460893467788,0.11669003787569,-0.15616670797156337,0.04175267366723083,0.058282944629598134,-0.5713226747157805,-0.0765098735007339,-0.1076773218362865,-0.646021024719709,-0.5671549722819784,-0.2745530295393786,-0.3341718818606046,-2.84066260397331,-0.49046366035500644,-0.11449687631697322,-0.1565401698320094,-0.14395400624126262,-0.0605562093500709,0.04527395120003551,0.020327975024513213,0.07016437250455719,-0.2501637875313953,-0.09979039625969112
0.07010518646898634,-0.1776810476159266,0.09629857212398181,-0.038801906301279755,-0.07893848558744664,-0.038971051324979335,-0.306579973506261,-0.3796607317800745,-1.506686870455754,-0.526171854001967,-0.36400555371241705,-0.21093686213089455,-0.04017150633710921,-1.506686870455754,-1.506686870455754,-1.0169595426043723,-0.36796958919501815,0.2392236932670097,-1.506686870455754,-0.9133138812025885,0.07682903085315404,-0.04081299586419965,0.08392048902605537,0.07682903085315404,-0.0844101292505767,-0.28635224767057227,-1.506686870455754,-0.17837324800677815,-0.16337612155070183,-0.7643647312482308,-1.506686870455754,-0.41693878290372915,-0.3224939799701614,-1.506686870455754,-1.506686870455754,-1.506686870455754,-0.8544245207723076,-0.2020336328794049,-1.506686870455754,-0.27047750724690606,0.1072420165523122,-0.284129830463323,-0.041401499992977146,0.023559048502686437,-0.13864248688415456,-0.14391711957537168,-0.13908659694364864,-0.05615792973669404,0.06930926413308992,-0.1546718486472994,-0.09930586590487708,-0.20889281481026464,-0.26713320737230045,-1.506686870455754,-0.0334875606371259,-0.375627514302382,-0.19996451792484635,-0.3153930306646081,-0.3511813114622181,-0.6166935022218145,0.18993902812002217,-0.027055770181465103,-0.19234736484124196,0.15673946081165285,0.03300204491664332,-0.1082827361141908,-0.12416976486167877,-0.04924182636890405,0.07682903085315404,0.03369046800448973,0.03327863745715912,0.010131311545105505,0.03698894269199783,0.03087401100611713,-0.1000965148395618,-0.35943221543245324,-0.20992920305016388,-0.30548390982748325,0.050602024044243146,0.04782340107135882,-0.11003530739663396,0.014997526080316945,0.04702761070453511,-0.04980069699139239,0.043729036623665354,0.030521541647788194,-0.017181900548160704,0.001676726941738165,-0.07643934008230995,-0.05222677218711893,-0.23924648505297158,-0.5948219966388643,-0.09690815659844547,-0.12628708654819268,-0.12667378284797726,-0.12168421939754706,0.2405983591620283,0.06923892626359238,-0.2931463281805335,-0.02841335216405058,-0.07289053155573481,-0.10954199543678485,-0.16154238172587018,0.12393400956962371,-0.07833468364145565,-0.02286191002027676,-0.07764671738418738,0.10772109574207377,-0.014935395318044935,,-0.07265382953652322,-0.5497964466777603,,-0.11354119265771842,-0.3570733234150484,-0.13705065269927158,-0.12133108877809488,-0.19143771054382955,-0.07871466665007719,0.07556668097954441,-0.17845999186735378,0.027717049910872184,-0.12929925531267905,0.005476494143850848,0.21773369306669454,-0.10368276326593778,-0.16866704951428382,0.1785898783170115,-0.06432495485438347,0.1785898783170115,0.10307766153918566,-0.033359174502757445,-0.3120259028056606,-0.28488708461584805,-0.0003828667137386202,-0.2101687516984385,0.05090786374341368,-0.08648247529784651,-0.019609063095106263,-0.12286116528670848,-0.0626739759146923,0.05713279923426168,-0.11387126572493238,-0.12180598354445078,-0.7447473753752372,0.06655017861611362,0.17394075725324837,-0.03318863899287104,0.1785898783170115,0.2818051787359792,-0.18097592212050018,0.1493548516503052,-0.22011609409081478,0.017626109289089927,-3.7714709189989364,0.05200663665844159,-0.0119175125361807,-0.46718117525905434,-0.06771959686327482,-0.0925905746445106,-0.046017355151008243,-0.11739471416773445,-0.34432737016732984,-0.1127820860451444,-0.07945456986351347,0.027456737687422267,0.07104722966453973,0.010290897590468357,,0.02080065822819491,0.09104803134686086,-0.1870946313921825
-0.04866841143050208,-1.1187360509584796,-0.1563989052433851,-0.041636639800335426,-1.257839771876863,-1.1347635477879514,-1.506686870455754,-0.1581853447270998,-1.506686870455754,-0.10704023189666549,-0.32655035749160316,-0.1564777117068897,-0.230415846063185,-1.506686870455754,-1.3053841614438537,-1.506686870455754,-0.9794420851435178,-1.506686870455754,-1.2429362872861418,-0.6981428153298606,-0.06168203116098679,-0.2176655504802982,-1.194226137720651,-0.208787557053876,-0.06025144515555941,-0.25604232666516175,-1.1246840674070366,-0.5988418451524717,-0.11714238640385209,-0.4947275509734782,-1.506686870455754,-1.2300116758741033,-0.3606057666769719,-1.2482095622174498,-0.8258061686964121,-1.279492922600476,-1.1535233627270998,-0.41728904778473286,-1.506686870455754,0.06614650240941596,-0.01067977134320038,-0.1525463920801106,-0.0363639222942258,-0.00838150720762816,-0.11001122559262627,-0.23846746359861087,-0.16185018330446754,-0.08674553414670542,-0.10729543285112443,-0.1484081573004671,-0.034057937948621386,-0.8212053882945398,-0.35618303607527996,-1.1915115452711016,-0.36937745773601616,-1.0991678571249437,-1.506686870455754,-0.07075585338193018,-0.333744237905933,0.02576172652016673,0.1423963632698791,0.03423239739322872,0.06666934386523898,0.006132396418087052,-0.08554794734386965,-0.05337319517619591,0.01172700833004608,-0.17120974689559748,-0.06138215387542862,-0.3151852087179769,-0.3267310301505362,-0.02808551928064044,-0.09467713566144818,-0.22385639785570738,-0.3224911664811068,-0.5147137850076311,-0.22137144709891493,-1.0931570613491068,-0.2471881445537705,-1.3267815417571303,-0.4644542171463415,-0.12078203365161602,0.07117758936882945,-0.08260371556961182,-0.2278937464158345,-0.017687835750384125,0.11435987585412077,-0.12735505547269504,-0.1899248774355746,-0.2660322378927419,0.1760585548802903,-0.12797622542992268,0.007426870564004193,0.023698507056692318,-0.24417136773893577,-0.05724669440740049,0.029284608384143887,0.09790112207835838,-0.22652811434557307,0.09055273148355608,-0.01624710873771934,-0.857968659759329,0.02107291322170184,-0.0742376430544214,-0.20206995911354425,0.021361213453890242,-0.07043060387140285,-0.33206933065466987,-0.14652461904576397,-0.14872348327916923,-0.22719066781110292,-1.2948042283418002,-3.7714709189989364,-0.06260470190888118,-2.2793120505315683,-0.0977195372747005,-0.0881176050701251,-0.12223216496596043,0.08315776208361066,0.13481199253019338,-0.0341262531017217,0.015016247171495899,0.16090518514095598,-0.09223684420677528,-0.12203809690162302,0.05321542800388567,-0.07110710634567326,0.051338188089637006,-0.03381405485228141,-0.0008638614025936192,0.017744361255864215,-0.216289356114468,-0.01221522673139083,-0.044180983154825826,0.02466489285904939,0.07912795065979895,-0.1764679978191161,-0.13030494324684874,-0.21220001287006904,0.04607226535798328,-0.06524493192280983,0.012361872995814687,-0.24487882825206486,-0.05984001845005539,-1.031310425203778,-0.02532142193705752,-0.06504667155261262,-0.05593754916059943,0.05988805617144695,0.13640753657321059,-0.08680180252559042,-0.12510361070079457,-0.16094133099684751,-2.9162770659448594,-3.247562962808109,0.012562227804612816,-0.046777095879328746,-2.8187668620336392,-0.16656330775925213,0.0173842998193744,-0.14056159327617437,-0.2569165041376116,-0.004094137690963295,-0.02805961926689884,0.0767321055039088,0.046116665165275475,0.004914201747293598,0.09355658835784957,0.005585627719446277,0.06585799479394645,-0.06043206420074403,-0.08259427252494954
-0.09050149098095171,-0.4541050700450332,-0.06370582320437256,0.02917656229408778,-0.25794746543562397,-0.27332182077432265,-0.28050084979558687,-0.03490705837277456,-0.9146870311549455,-0.25329894587941165,-0.3735501531494355,-0.1865732197720615,-0.21410918763410272,-1.1115106826372498,-0.8478890580923645,0.054379870385830545,-0.29648252270169584,-0.003081214135796659,-0.05406577118065951,-1.0253318400729832,0.031107835270697267,-0.03007465460753915,-0.30567621010749,0.13817702786957567,-0.028341490737506313,-0.06336296372265915,-1.1752372026611921,-0.05536909336842451,-0.015544724704440982,-0.19779717297905086,-0.8651528449775882,-0.5836275169642953,-0.9771406578692199,-1.506686870455754,-1.1279159855191894,-0.6753946350479139,-0.9660509069624628,-0.05016159647601037,-0.8409343937248874,-0.19745625739137784,-0.1242464790053178,0.0968197411800349,-0.0984404868313295,-0.15433424445232916,-0.09113416971288191,-0.12716126381295795,-0.1125631586686845,-0.10302406413475274,0.016806103695398963,-0.09931953367111898,0.01643253793153379,-0.10192571818651833,-0.36839812452123843,-0.8274694517446037,-0.3398643533231302,-0.5235029455961605,0.040413840204091,-0.11336269999122817,-0.3701120859917434,0.021898714264674036,0.04039195641479963,0.13840611082738682,-0.10199780184585161,0.018998151077910475,0.0002468880957291218,0.003320219459829373,-0.042432106313131754,-0.06674217857568782,-0.0755730266943876,-0.007464051174290795,-0.07238502974057774,0.057758095704891356,-0.013874757350727476,-0.11495697366218519,-0.2957908220565368,0.022916087745205784,-0.3287904474704468,-0.3170794812049421,-0.012047844361120039,-0.030916932524634965,-0.04905695361381748,-0.04467728034948762,0.06897823097212635,0.02227790098600465,-0.07123190527552954,0.026467823664645854,-0.10376312593370117,-0.05994816228827625,-0.18377343712141864,-0.18229922357215253,-0.04707418420981716,-0.24131452040279822,-0.030968508650815463,-0.2131505778173107,-0.0020052794719724694,-0.13950361450593032,0.13741933644092486,0.0548082181199534,-0.09019757309860446,-0.026607664302632946,-0.20348720892094221,-0.4142846071694168,0.07998959201009981,-0.02728357517616869,-0.004559072897171762,-0.08202351065690469,-0.03841294224291593,-0.1420059700768907,-0.24449149990980945,-0.09633608883110166,-0.47164690207595206,-0.2237368354355189,-0.05182030700193778,-0.19515452743687092,-0.010654272170779217,-0.0022127839728064576,-0.07974697092949949,-0.01440886183326322,-0.03451862214594359,0.07071532090408553,0.05064771352555888,-0.04292964410730476,-0.007543556257956217,-0.08301634153336963,-0.36668174819356686,0.14313294115200734,-0.0003489887203391226,0.013389125908861129,-0.06597910568163846,-0.12970524535170394,0.04103819337805248,-0.10440014262047755,-0.06210788483013017,-0.4556478879117164,-0.12763536556261948,-0.0678670788095196,-0.0871016531163278,-0.14614155770847329,-0.01862725391386907,-0.15325775777331677,-0.0700170273423429,-0.13512845281852895,-0.03971671383031714,-0.13876444895383197,0.04136847342254503,0.031835150999901515,0.03940311745597966,0.00449933581453656,0.04902407771851857,0.042727153658346756,0.08753554040508268,-0.0861090388832002,0.0805757347326804,-0.21257044123532054,-1.9231100673856791,0.10873926762263063,-0.012790857613448132,-0.2761214655075732,-0.3804301409567497,0.010307276105194288,0.047146558167991084,-0.3525791020211074,-0.17321105053675975,-0.05280819833922288,-0.11263424015078034,0.09386751632125474,0.004715739148738465,-0.02519365592608776,-0.21634823456575633,0.0877384739127259,-0.1123583675213574,-0.16253513377906378
-0.026057725619698113,-0.3956256855606187,-0.07039698682403751,-0.1647872920626868,-0.2894458716248227,-0.20839715873082462,-0.2265689224649968,-0.09571800753674768,-1.506686870455754,-0.4396865920036084,-1.0062458238953635,-0.37130391168916665,-0.013777887882517185,-1.506686870455754,-0.8294469394830705,-0.22835101058225565,-0.1707237109838081,-0.032139017615901794,-0.024226871156217057,-0.8482484057116992,-0.08678318787788222,-0.014973279881673277,-0.07019571034355025,0.0818033281369085,-0.09492778851649855,-0.16486665044662613,-0.9784212737586718,-0.08311542781329842,-0.23632360456595633,-0.26044169522331845,-1.1658959486728373,-0.1036798874864473,-0.31565751364229894,0.020775506268778523,-0.6858694416614783,-1.506686870455754,-1.506686870455754,0.0033110862256545883,-0.5573741624203353,-0.13707589349665486,0.02365321810008195,-0.04145730442825364,-0.08224281908381544,-0.135179283661297,-0.05181585584909452,-0.09997576991195992,0.020764078178219104,-0.01729829304045576,0.08476092595868269,-0.043366835650964206,0.16564902877752818,-0.12866029344038996,-0.43496329526887323,-0.4601847985552487,-0.03925100493906553,-1.0158514153835316,-0.005671217006536346,-0.2695261126211447,-1.506686870455754,0.09843995730572076,-0.038120362809019814,0.07200230024402414,-0.15708442126141348,-0.06942920451061531,-0.1611705376140225,-0.13852371597645857,-0.01924674600514382,-0.11129808411807877,-0.09341285322619398,0.05461751234396475,0.02095204094140701,0.0611931982661115,-0.028198482720030338,-0.12317376742449178,-0.1404622222460418,-0.1204776117691423,-0.13827362149297537,-0.0865673825093045,-0.02627048876745537,-0.03354705983167582,-0.08288714173786493,-0.13468541038676937,0.13209100710131552,-0.1545480004953552,-0.0318216178763765,0.02024726911877461,-0.11940978163007632,-0.18130028834128903,-0.09037764750625535,-0.054542064919848046,-0.23695266093941883,-0.16217133134888134,0.03102740912187465,-0.20600562684987261,-0.14236217793585837,-0.22150116846474308,0.07545335049695938,-0.2050528757429006,-0.13465067736776568,-0.0949238698904983,-0.2647165532966307,-0.07515126902030074,0.08279027949222767,0.0009098317944472695,0.07771502174091723,0.03501577293124846,-0.6873083524675958,-0.006193136755094063,-0.164513066853176,-0.1743262770013176,-0.27543521619516564,-0.24732822136866708,0.02752035805088874,-0.05940521354080722,0.11676929235881416,-0.026547903707695553,-0.1177945022439161,-0.08126150369203722,-0.10093049987304556,-0.053789340485018544,0.03401636012117209,0.19153785421366382,-0.02195994069390897,-0.08888940192462573,-0.09041431819436502,0.06556905482711961,0.04577654971283883,0.020559608741033544,-0.08621385791560499,0.009951810249123732,-0.17346626197233295,-0.09312836905431758,-0.09170956081777386,-0.029657338553178616,0.11081463367255588,-0.24617538282463433,0.001120186676923784,0.19578990324419113,-0.04355035817657854,-0.07857452343576336,0.024846808026292126,-0.01795415342196128,0.02461931294506904,-0.20246868625252756,-0.5259731394752707,-0.35068438179280625,-0.10312202438574572,0.06896922821203219,0.07758082220404644,-0.012094586825895422,0.07938953985121254,0.1050418344322423,-0.17553561628202707,-0.10287844178424432,-0.6041299244786449,0.0021766141404977006,0.024833967591980578,-0.1326971745058598,-0.3760356981561042,-0.25992384231551524,-0.08619481266996687,-0.24084075030178934,-0.0373660133282905,-0.09414402753769582,-0.05223906974483398,-0.1117478548591083,-0.3452776078837797,-0.0963306872164302,0.2152307434626022,0.10923164399768741,-0.22605537821262528,-0.12238591712585188
-0.2588963874268468,-0.2991951912823118,-0.22241470036623312,-0.18580845698693194,-0.10884748850981794,0.03115995943456188,0.06858746096020776,-0.10873048371687118,-1.506686870455754,-0.8402817605518016,-0.3838685064920709,-0.10426230674302613,0.010304254515783604,-0.3673473903720877,-0.9254344837016911,-0.5635542102536625,0.039563504676109765,0.14182020806669152,-0.33991357213986273,-0.23889058663294274,-0.2315926582181732,-0.0733827281208526,-0.19054831258064425,0.11539965268424947,-0.2859769076628444,0.03244923167178472,-1.3797611971986037,0.01918899409506774,-0.25219416095020697,-0.29977892486135804,-0.6953432543711584,-0.7387053503668127,-0.487905443379403,-1.506686870455754,-0.1281264482101417,-0.25041300959529394,-0.9951192505098224,0.14940090821802343,-1.0605459299002076,0.0901750689682211,0.0028600650033207575,-0.2579156563397849,0.08351913286464883,0.03150006872481565,-0.08605234962329479,-0.19242764864496814,-0.1484721381168771,0.0035657683136554623,0.11785899488274242,-0.11378588253455602,0.018208126872649246,-0.05359048584434124,-1.506686870455754,-0.8058044657217327,-0.0917271243205459,-0.7005237960742331,-0.05516016986624493,-0.3511912133709686,-0.870811749764821,0.10580581728730916,0.20714316890824722,0.14775265230049595,-0.14561851261801845,-0.09158758158961618,-0.2826141765893436,-0.030644162375200935,-0.07868382896934671,-0.1834438966879617,-0.044523070432367653,-0.008006575064829186,-0.03136717996729576,-0.11132606674637967,-0.7833960245961562,-0.05358361416562162,-0.5350447291640797,-0.03694565366301573,-0.17071343846641207,-0.029290076590005598,0.062445593189086254,-0.01312040464700115,-0.2959330614843819,-0.2296758418811552,0.09915887829409627,-0.12983296036510408,-0.28661533491969254,0.045964307320803824,-0.1851777057330464,0.028765611659723064,-0.17779396171416595,0.1740393756924203,0.04039814561618493,-0.1837964337787978,0.039902135426004064,0.05656824345913412,-0.03268876861760099,0.11425101402883163,-0.13710382737736374,-0.05643550507354038,0.02502349692743693,-0.0875721261295517,-0.5073354241960816,-0.018834378416917995,-0.03097921859077211,-0.022232611124912195,-0.135879805811299,-0.16548001475220256,-0.15525207305632738,0.11515113282754223,-0.015530868457111428,-0.03839944622763035,0.17632630055700457,-0.027854415692012538,0.03275201601252669,-0.08709908883735677,-0.19388776128818622,-0.048308614050062516,-0.11493248727429305,-0.4287963582067267,0.07849844283035455,-0.17061529848330523,-0.21298953780951188,0.19856447633213306,-0.20167054535043652,-0.009288831024276797,0.030471310725917078,0.07875022647876986,0.11063405369173589,0.025735157216815373,0.04334849803918637,0.08042122285199743,-0.014562063585183365,-0.027519126767719764,-0.095952253962638,-0.04470772942364119,0.062339378409597024,-0.04434319422306669,0.07550056106532287,-0.034699993804473736,-0.19281163092749157,-0.07526464298457039,-0.09165117480543676,-0.32423344281929745,0.07054704750762757,-0.0010081950799545939,-0.27448697643366743,-0.08364021290088955,-0.20408876543547558,0.10926061137851223,0.03680660535037033,0.02967441673423009,0.029406953160794752,0.026572099232908566,-0.08796780897542149,0.28163257579419737,-0.2769268759535464,0.07579337979271973,-0.025656098389580953,-0.2167212716242692,0.08856809696701513,-0.3718665546104911,-0.19502909414732167,-0.020720362580117876,-0.08694764361254152,-0.5172789205969206,-0.223811780318551,0.012967144398261566,0.01307212270927585,-0.13341510924004132,-0.21018569291376937,0.0017184206790678926,-0.18799011561158288,-0.22919974727286987
-0.3938795667391311,-0.14725318491468256,-0.061810201354165116,-0.3812105734845475,-0.24784268427349648,-0.2806605104232748,-0.0006659537767603604,-0.2319524373208455,-1.506686870455754,-0.13664337822692138,0.024078838205709774,-0.2712180189365336,-0.4987840646903847,-1.506686870455754,-1.506686870455754,-1.506686870455754,-1.506686870455754,-0.2883447331073507,-0.3814336900434126,-0.08917221568198684,-0.07351737650814648,-0.11119514344055159,-1.506686870455754,-0.10783041614749665,-0.14635451712854447,0.1020142768004111,-0.17477951211022474,0.2686024819791204,-0.1306394642557107,-0.6499659722477424,-0.015439578889200252,-1.506686870455754,-1.506686870455754,-1.506686870455754,-0.23983546691538352,-1.506686870455754,-0.8416328237069045,,-0.6006427280697966,-0.24776609492857024,-0.06334130083765432,0.1589289644663604,-0.08874858536528626,-0.08040261147045169,-0.04114489400634379,-0.17294714323648872,-0.29357537969895986,-0.016181190286549414,0.1434803525126707,-0.15291567323258434,-0.12462425298981836,-0.1060587728565134,-0.4356981701439419,-0.5214599554026305,-0.07380508504870413,-0.33952078974139077,-0.2515416181855351,-1.506686870455754,-0.5613504528003864,0.04419175727681828,0.2671220812653505,0.08219809343137818,0.11383513051964542,0.07237551944866634,0.004840231847042981,0.15310571556626196,0.06676711140801002,-0.0811633449105234,-0.20748489271255552,-0.09649021739290001,-0.0532451626395606,0.10270438213529653,-0.06046508214985577,0.19950253039492777,-0.2591965975570586,-0.2736978409357855,-0.029711067705486063,-0.2680456814761281,0.33480110075527986,-1.506686870455754,0.023477443279428634,-0.25657721999364497,-0.01182873093153603,-0.0578097519194344,-0.06363017188013821,-0.13836864476829175,0.23421367650150526,0.0563264233825599,0.11357002256764623,-0.0011466954245183889,0.3124307113069047,-0.2171905045582933,-0.22198820504269698,0.41825399014652204,-0.19434678296950128,-0.06036426973740729,-0.10645387376535127,-0.2842852335652572,-0.15953347411023966,-0.10308505207347657,0.15320249477033548,-0.39175962430147937,-0.1458462038104767,-0.11315116121522668,0.22990826407229645,0.11974784517708269,0.14831695389642638,-0.02725815793010016,-0.4585643108334942,0.12492003811755839,-0.2133203302719552,0.012018622215349408,-1.569314172873215,-0.14685651071838357,-3.7714709189989364,0.025424667590663055,0.019551263499502543,-0.39817081415891875,0.013945256212177171,-0.31298281120625526,-0.1844094509221401,-0.22075208784583286,0.24884990829410267,0.09683488443084183,-0.31130581653350897,0.12126132315794136,0.1680534408132781,-0.02236834307501984,0.19771854576720815,-0.029984959532288857,0.09879780887932872,0.11886965845788242,-0.2103638106197089,-0.05919251502598052,0.07287244506587612,0.1086309720098741,-0.3907855665721779,-0.061736516871359594,0.04398803281225455,0.017803297447446086,-0.028450000056811062,-0.15559991861371308,-1.4574418862726306,-0.019312935380253252,-0.7486729952370538,0.06703500896919834,-0.06232026288188616,0.13626058548983588,0.06258539042182364,0.2710398296823884,0.0608723536179298,-0.053171999558065,0.9519442362663749,-0.2594226663941725,0.020667770151058387,-0.11997140778901655,0.12720282354214607,-0.2278209162786295,-0.07462024183315438,-0.1372430551875619,0.04550249560404278,-0.1551439454110565,-0.2786823574400917,-0.0682564314112943,-0.10754123389174286,-0.059534523129692755,-0.2397072333177411,-0.11864854480783747,-0.2472451485055798,-0.15246819858182595,-0.021762154581869277,-0.15909645106504944
-1.506686870455754,-0.05581635957713819,-0.16563749077286272,-0.08035351759899761,-0.10263965378569295,-0.3903076070191972,-0.529483064456846,-0.2674292875557299,-1.506686870455754,-0.36796958919501815,-0.6548435742788735,-0.24251227485110113,-0.06465689031063444,-1.2150767383824999,-1.506686870455754,-1.506686870455754,-1.506686870455754,,-0.8204480408253917,-0.2891369343609929,0.015205187541828263,-0.033487560637125866,0.03419623278306574,-0.13522373283802203,-0.09421678784384772,0.0019091204123260269,-0.5338297791093307,-0.02959221153125583,0.06121505145873999,-0.21767140499852183,-0.027671333301448987,-0.16166853386571775,-1.506686870455754,-1.506686870455754,-0.10140943364914032,-0.20076991059221952,-1.506686870455754,-0.034525191512013574,0.07682903085315404,-0.1942980281866782,-0.08711813780717545,-0.05524683821195343,0.01808342676380012,0.09829996740015237,0.01986726722451908,-0.27869420186854166,0.20031682696024689,-0.08714891728061536,-0.07464701901640054,-0.10490346431915885,0.04433811185451153,0.06695794832030469,-0.23871311979700557,-1.506686870455754,-0.12833203094705714,-0.27338215233618124,-0.3961671863799634,-1.506686870455754,-1.506686870455754,-0.013878475011784592,0.26275034229664923,0.25178399921789324,0.07682903085315404,0.04980108451175475,-0.11964691524672373,0.07585060727672839,-0.07042932880499968,0.0632276062194572,-0.07108683463850164,0.07682903085315404,0.06309342417807257,0.013349198822404713,-0.06779184566412388,0.14451776302992772,-0.1949259971374721,-1.506686870455754,0.06440363428253662,-0.033670865332657486,0.07850120615247028,-0.30962842381661154,-0.0700149384252954,-0.43832189494267815,0.15609169956178356,-0.5427705058453933,-0.5792027241657357,-0.04000244731646675,-0.07202777084332758,-0.09222261425813452,-0.0579490315349671,-0.1749623080231138,0.08485067441886933,-0.034666675800755574,0.006220065763137204,0.0788388846225478,0.024572625407297603,-0.09879422780090223,-0.4043456035448804,-0.07289053155573481,-0.31470219777609965,-0.06127464198650039,-0.1694404763873916,-1.2950075593470702,-0.07780598805924431,0.259037934970801,-0.006024543011620598,0.20826237271768558,0.06967092797684427,0.020792114312360166,-0.16529868908274026,-0.24851716594865098,0.1833714715658804,0.16351561964260472,-0.9293563158407667,-0.07742626707300496,-3.7714709189989364,-0.014250842109837866,-0.16330306307792375,-0.3061099014336455,-0.14639109306675535,-0.3399549779131801,-0.006573147431115032,0.15320249477033548,-0.24449945119803382,-0.07556608464339058,0.22496038496858956,0.13189333226656286,0.008867589759370367,-0.17292805935782765,,-0.09856682001502362,0.1535937334464936,0.3247728742930874,-0.24332197407328107,-0.11411225855350449,0.27772025555177277,-0.02412734544982106,-0.39245826762994324,0.001386110458322771,,-0.11974641953602486,,-0.027478797321430694,-0.15860718761346404,-0.07462024183315438,-3.7714709189989364,-0.05449917444584888,-0.23524057951555724,0.15749167950516144,0.012225003217048556,0.025328925278034216,0.09145494709010307,-0.1712546039168988,-0.08236848062921488,-0.19292545924025908,0.03564016121363069,0.21668212153918615,-0.13150204824265152,-0.39245826762994324,-0.888680014361674,-0.27764514209566127,-0.023836142973502724,-0.09456131203433038,-0.1429827284233411,0.522942912313414,-0.19197823109274115,-0.11148484524373195,0.03708535619173641,-0.08120674021338603,-0.15475056412902136,-0.39356632378020806,-0.0047735573794400275,-0.01699887318299024
-1.506686870455754,-1.506686870455754,-0.9228805834636756,-0.5102012096821226,-0.5016540527325428,-1.506686870455754,-0.5128536251693874,-1.506686870455754,-0.6902645585498751,-1.506686870455754,-1.506686870455754,-1.506686870455754,-1.506686870455754,-1.506686870455754,-1.2150767383824999,-0.5940131396608502,-1.506686870455754,0.07248570696302638,-1.506686870455754,-0.309029879121767,-0.09382459314393467,-1.506686870455754,-0.6356407545869487,-0.7835545168222696,-1.506686870455754,-0.510854911200758,-0.18384708981748915,-0.2729971274202911,,-1.506686870455754,-0.27487569833998815,-0.535767906991773,-1.506686870455754,-1.506686870455754,-0.8634691763967594,-0.01591197775666145,-1.506686870455754,-1.506686870455754,-0.46011320485918494,-1.506686870455754,-0.12753108510341288,-1.506686870455754,-0.3679695891950182,-1.506686870455754,-1.506686870455754,0.017352950870956316,-1.506686870455754,-1.506686870455754,-1.1354518822948325,-0.468742768815156,-1.506686870455754,-0.013292978034223463,-1.506686870455754,-0.7250680197264319,-1.506686870455754,-0.5162741583834584,-1.506686870455754,-0.6951797329516456,,-1.506686870455754,0.050037087716921065,0.17556158512370765,-0.22092899151873321,-0.1835098079801163,-1.506686870455754,-1.506686870455754,-1.506686870455754,-1.506686870455754,-0.14141128861862526,-0.3895322406021967,-0.9875951111622867,-0.908581055043649,-1.506686870455754,-0.7055824547801592,0.21537788086101506,-0.16075790082902489,-1.506686870455754,-1.506686870455754,-0.6370315657164641,-0.622371240104239,-1.506686870455754,-3.7714709189989364,-3.7714709189989364,-3.7714709189989364,-0.9799075653022994,-1.4231392877926359,-1.434983981630334,-3.7714709189989364,-1.5624650426439963,-3.7714709189989364,-3.7714709189989364,-3.7714709189989364,-3.7714709189989364,-3.7714709189989364,-0.2739439306566276,-0.8787261842930599,-3.7714709189989364,-0.5722987476279654,-1.2781564621435337,-3.7714709189989364,-3.7714709189989364,-3.7714709189989364,-0.9614118942833779,-1.317208709358122,-3.7714709189989364,-3.7714709189989364,-3.7714709189989364,-3.7714709189989364,-0.22174141078116946,-3.7714709189989364,-3.7714709189989364,-3.7714709189989364,-2.679491265659273,-1.4296534595707895,-3.7714709189989364,-1.414285858340087,-0.9585114240885445,-3.385439606141723,-3.7714709189989364,-3.7714709189989364,-3.7714709189989364,-3.7714709189989364,-1.9983529503661537,,-0.8159012816602002,-3.7714709189989364,-3.7714709189989364,-0.22924935962702503,-1.5709806432389513,-0.24591861537932191,,-3.7714709189989364,-3.7714709189989364,-3.7714709189989364,-3.7714709189989364,-1.4045287342912536,-3.7714709189989364,-1.9067659828525836,-3.7714709189989364,,-3.7714709189989364,,-3.7714709189989364,-1.2771066541213736,-1.2809119015498671,-0.5823274494474803,-2.025415591507306,-3.7714709189989364,-0.1440839854960418,-0.7656606784889683,-1.71229658118086,-0.4373370460670605,-0.9228974585453035,-1.0788429232002255,-1.0578163501619493,-1.2328757691269518,-1.6599225090868392,-3.7714709189989364,-3.7714709189989364,-3.7714709189989364,-1.1757884920199937,-1.4819166040987537,-3.7714709189989364,-0.8755920803998674,,-0.5734374434879783,-0.07984321149972884,-0.013787987183235767,-0.5722987476279654,0.07394573005760134,,-0.0795882810507981
