-0.21708177345013227,-0.3541233416861542,-0.008597962337848737,0.002918301539683093,0.11233364120717043,-0.006840978219860579,-0.04952458302148746,-0.08202580703276775,0.0462806251910493,-0.123811371654526,-0.010349186145135704,0.2274684775679529,0.1049613245944236,-1.798277354549641,-0.854202155754551,-1.9458942065012785,-0.016334512421287035,0.272720645810157,0.0953960082015613,-0.13719559707759235,0.011620042458777301,0.20057607467794972,-0.043613630677124295,0.07613007456117041,0.17941304102064293,0.030468851752095218,-0.9023404309763076,-0.24481316879060902,-0.2076021897398731,-0.2615024901012278,-0.6257483132831213,-0.21962724653237897,-0.10375213396780435,-2.6886620762839675,-0.7299128195900095,-1.6676184335273396,-1.7427817367430618,-0.1576068852154539,-1.4271743611418504,-0.24107915325029175,0.14610770178123514,0.035282667829733244,-0.07548549027029186,0.06871008937450333,-0.11170407219978637,0.12110106503925208,-0.007019333974902996,-0.028748228859329126,0.1478670150135773,-0.0028362944784667723,0.08624732737008951,-0.006797416160004421,-0.40230780556515816,-0.0900440652995631,-0.3466571634065925,-0.6142378879461053,-0.3405313638507005,0.00311130831824584,-0.566637547764954,0.20926971545030967,0.12718736648988965,0.19484954165710097,-0.05390995679504824,-0.09092028169767147,0.24493281931848104,0.020218816132287383,0.06700499782481191,-0.16376809260820194,-0.06880072539928854,-0.21686585667061825,-0.3822445433181194,0.12780103213782454,0.17456941936942313,0.07117353693176894,-0.3248401096608617,0.036786723569587385,-0.5576968952746426,0.18994341204642418,0.0379497774866961,-0.013906441682328505,0.14945191844991282,0.0067786235364608325,0.1908609672296462,0.011422716980599124,-0.09927469691962348,0.015727028785569114,-0.01649538391978054,0.017505745928646555,-0.045684375585614806,-0.030017541075714513,0.11250562861859743,-0.19556943899504323,-0.06225303755965166,-0.13156076645265571,0.10752751537227634,-0.021623488243214924,0.022129494664925066,-0.06797779438853375,-0.20509147462705607,0.03799810910330287,-0.03867294194006622,-0.11643180214104419,0.04936130883861034,-0.04382251679202235,-0.08817879236980594,0.06994372737602549,0.17094193485959566,-0.03642054919885754,-0.09259358836246939,-0.297906039994665,0.04316679177819148,0.0727104693008125,0.06567181784302493,0.06465443029910736,0.13767951435717532,0.22891009813912855,-0.005608842433823239,0.2306577147074745,0.17121539347695167,-0.01240578279863584,0.05866823872681895,0.03141344992897089,-0.026875685670315213,0.0872935835394398,0.031051791551569043,0.011851608995986328,0.13944743646792343,-0.046032162254576604,0.032724775591066985,-0.015776770792013547,0.038655671885185316,-0.10349954764519508,-0.008432837452753533,0.09539901747385378,0.017363677314990493,-0.020268587568648917,-0.005031238483042636,0.01961561450919773,-0.021543660702484306,-0.11575595892061506,0.01300477389275767,-0.14940866975227823,0.06484697286511558,0.2204179071645729,0.04651751061233767,0.20498342075856707,0.08270215660865163,-0.1288731730838738,-0.016297419544498187,-0.01902777219417411,0.2151331325083844,-0.05685224794210419,0.012539115583454155,0.0363398153914573,-0.30504204802605905,0.1457948912000319,0.05863498353192854,-0.03297323821817249,-0.0012066589161844313,0.08021849403432836,0.05326597716934557,-0.10510808488761664,-0.18509160048457368,-0.03439053002063656,0.035313974224897585,0.029428148417732634,0.0032893760280421204,0.05874798237828624,0.04382124312312257,0.049804387060239326,-0.09844845013782245,-0.038925965721515035
0.18982900608837955,-0.3581145238619963,-0.019592214663946558,0.01978968501077855,-0.08227194141155947,-0.08641344871023876,-0.07079265381441714,0.0018434292300549876,-0.15921594743648734,-0.032806192358515535,0.005309020337513816,0.08244772993614018,0.17337212704095104,-1.220717056504656,-0.8339070239024581,-2.6886620762839675,-0.01965965193582443,0.14017105158394652,0.03693945377576873,-0.07484575630709324,-0.0515637263015108,-0.15921594743648734,-0.09231779287371424,0.15286658719476529,0.08102967803132559,-0.16592077575083655,-0.5173574933893503,0.20588941971818406,0.10042778894602358,-0.2366113677872166,-0.20407152667802872,-0.19106958874691785,-0.5775447566931418,-1.092192921442027,-0.3833542114446723,-1.1300150826095878,,-0.14607520426471327,-0.7514088863697094,-0.03541809694663335,-0.005656817021629122,0.19324989555054578,-0.019715799424437807,-0.0016581491009271744,-0.17854414657945758,0.054309162465021946,-0.019273407402981637,0.14259232100631272,-0.02355712139053255,-0.043444479803295605,0.21800947444710708,0.0012360292222048897,-0.5094743246934811,-0.11285610343257653,-0.059574840555009896,-1.6606350557376486,-0.24888813005581015,0.03489073432253781,-0.7567224372383654,0.1195260280834354,0.037959921365482714,-0.17567577675377366,-0.021214722582457338,0.057484259965662796,-0.16818073671489345,-0.09658746697974693,-0.0258427010559513,-0.3356848214480794,-0.24123578872353138,0.11512300116691856,-0.026164904123517203,-0.08478425224009027,0.12859509609218905,-0.08812491711141214,-0.07297104577365622,-0.003097193104433759,-0.3953083980224992,-0.14867846392927328,-0.17802450380248563,0.17525478269369132,0.06472027722458307,0.17474339892196156,0.1903027036335554,-0.0035852451170882114,0.045885721931682624,-0.07413918797866825,-0.1336532971860358,0.10293106204361636,0.20603535212324778,0.038655058693785146,0.07683110883364369,-0.003612759208277274,-0.06460964536786543,0.01764113260985822,0.19567726592371468,-0.2780170521352991,-0.26416569799029443,-0.24126070134016173,-0.3152724713435221,-0.020031451627875733,0.03175739711014449,-0.8696510377204376,0.10564713140239389,0.09841535620224251,0.31040997028812,-0.07298529042683859,-0.07012731450054183,0.1789013884892064,-0.17115936356511346,-0.052736928729331396,-0.14443280581995513,-0.08993900992790373,-0.3168653812329096,-0.015135724043792766,0.1382858083777985,0.15555630310394988,0.019876161237162515,0.013837798660640993,0.0542772124175609,0.06722999142834364,0.0023341042466791147,0.17413572752570244,0.01918179684691996,-0.028024020649610827,0.016038142105562123,-0.01617606543959943,0.05574100124150325,0.035719214145798685,0.04255728382561594,-0.27271640524434754,-0.0965569671349916,0.005493852722525405,0.16543594907529655,-0.09225161152382529,-0.12047862250141622,-0.051221247764794885,0.014763730348061298,-0.10355854841693617,-0.09313879147085367,-0.04537003434507623,-0.0908426102103327,0.02954899642422224,0.15283851761237569,0.21241874318404594,0.16830299379989622,0.230620433564258,-0.06973021419707057,0.08859060831664704,0.9692098775923879,0.22051904292082739,-0.02460473966916792,-0.138447933012134,-0.12113501507545117,0.04232805423961695,-0.032927586874906434,0.038533236253548084,0.06291184766830829,-0.09211999907821786,-0.09349537715471486,0.19221165330977216,-0.15802877950601865,0.019876161237162515,-0.19697462567116186,-0.16655659477680268,-0.22082366352197905,0.0,-0.0994671785485821,-0.09697855115183462,-0.010871096757244337,-0.11569358532793424,0.11015806563551918,-0.1635743994926481
0.2732942088236105,0.031428552022885976,0.29816247955128733,0.10605197723830513,-1.0265667717558864,-0.5461633193366867,-0.38097630851219816,-0.5418326778890519,-2.6886620762839675,-0.0721521332179544,-0.07746386021854482,0.0966804855203574,0.19449893367697288,-0.5566096234840556,-2.6886620762839675,-2.6886620762839675,-0.3755375173222382,0.10442860000573932,-0.33520852790869776,-0.9510491101556874,0.058537091458606985,-1.0233726637761416,-0.3035032219523652,-0.8740100973059926,-0.007517480930856792,0.12874537659167407,-2.1576602493826864,0.12849857348824326,-0.020223819145958357,-0.0038872061041736656,-2.6886620762839675,0.02427251329100578,-0.8037031537567246,-2.6886620762839675,-1.7760254982850352,0.00380390398801902,-0.10387200509244539,-0.378265059727663,-0.9408048909555946,-0.8649680052997732,0.09601096287566603,0.1613030632100292,0.13884647811790043,0.0032109421617992602,0.12115366979231798,0.03899127643171589,-0.0038872061041736656,-0.0850396410079872,-0.09423368481349714,0.1527991186976493,0.08065324863903885,-1.1035045311103766,0.08777178568116017,-2.6886620762839675,0.05269379119753587,-0.020223819145958357,-1.6584106605292792,-0.5358226371843953,-1.5096488137901833,-0.07342390066605137,0.05395234585599024,0.1000630288199949,0.059642371916975426,-0.02745134219762111,0.07672324931169074,-0.07272200539482385,0.14237983204164092,-0.020223819145958357,0.08763333481916069,0.10690694585683547,0.04280184219514622,-0.1941276916318841,-0.09877638446990136,-0.3164131712759571,-0.086800877582661,-0.18232612046430788,-0.5387076717397667,-2.6886620762839675,-0.12187631695106523,-0.36239080684633096,-0.31079775713936636,0.04226301352683642,0.0214624271623278,-0.007320774268691137,-0.036790935569198366,-0.2742979469726154,-0.09475121720616572,0.12531902557680075,0.07060238046091137,0.006476413198355919,0.18285359773411666,-0.2104111052777753,0.0418496266085444,0.09893606190716787,-0.183988822490504,-0.4004645528803071,0.10649749948375083,-0.1635743994926481,-0.20114369971091606,0.10609717761858993,-0.16201525889804388,-0.14797920282905763,-0.018606014579456837,0.023456713683710086,-0.09490689192191241,0.0768714907126485,-0.029182839690525784,-0.14105478140580374,-0.2431399317205152,-0.1280408810756957,-0.3724975790331981,-0.2584545461940867,-0.4272327674777331,-0.12934979126562268,0.11754588549352199,0.28336092889915615,0.07598585663208858,-0.02998891803673491,0.19720215689366075,-0.12335023826492854,0.04808228541358794,-0.06044981033170423,0.08565456060114388,0.2694325336170367,0.023456713683710086,-0.10306982497456313,0.06937403316628728,-0.017242740482027303,-0.0494832497561311,0.025470104893713864,0.023456713683710086,-0.0905207942398495,0.11997327093485084,0.11813003924970969,-0.102185798982103,-0.22911842796203521,0.0030237363313803515,0.14095664074864667,-0.014573373963447067,-0.12500619725610893,-0.00926615609918978,0.17890138848920648,0.1663979326529802,0.0845272864246064,-0.9383416450777432,0.18336023258878403,0.043280559079542494,-0.11449747358639184,-0.004387122640434981,0.21566934034081145,0.31617815963514917,0.10534923261200256,0.07911116706601148,-0.1074077794275596,-2.239949888146447,0.0521264370921076,-0.014424506840955467,-0.43387266626724574,-0.02721358625327696,0.16622531396788798,0.10708282092483919,-0.4628396387473352,-0.07313120698812452,-0.10718858931679762,0.11262378279700533,-0.1388903978723122,-0.027213586253276897,-0.05295307080872356,-0.005331071452524987,-0.27723887915841605,-0.09713001650485743,0.13038234596841877
0.19197099288866756,-0.002904447940301233,-0.07529644895205272,0.15361399663605826,-0.9091656410911686,-0.6069958222534643,0.17500577905896997,-0.29688501123870037,-1.2169783038318789,-0.0396232615512432,-0.028810647091682386,0.18024933589806125,0.12180769508218793,-0.8593361263071745,-0.3566046843569648,-2.6886620762839675,-0.35198652359965166,0.09818975429437997,-0.2710049198653369,-0.19566761402514798,-0.22519743618998983,0.18819273548700802,-0.20469694588526538,-0.9141691527813322,0.1006527848439273,0.05824079734933891,-0.7356991802030759,0.1518739227418709,0.11208744239187131,0.10795283082600483,-0.5498928732686308,-0.03090706907795773,-0.38346875024510335,-1.2958551244409064,-0.7091486774708663,-0.020223819145958357,-0.202764997353722,-0.31548372092789173,-2.6886620762839675,-0.5437906052597524,0.07278511106193468,-0.010586830942586363,0.0002495047106923567,0.12766885771506595,-0.23213908661257085,-0.010834441115492048,0.13493311062463367,0.008800804070389946,-0.15105960761062323,-0.031370151718933856,0.10345468656499315,-0.2944062223891785,-0.10375935815005276,-2.6886620762839675,0.309086704842635,-1.0465431396108804,-1.4238431763955706,-0.5494679213833187,-2.6886620762839675,0.08839370706426354,-0.020223819145958357,-0.020223819145958357,-0.02370113150435205,-0.16905333800481284,-0.16558287196068516,-0.29149626541184975,-0.018957089341845326,-0.12805766920517764,-0.058001499336212244,0.13794755119568589,-0.060869845082335006,0.0032109421617992602,0.24467438322030527,-0.10803035762742744,-0.020223819145958357,-0.8202781165234078,-0.6881607622789365,-1.3601633714805395,-0.19030707455514237,0.022937590556774523,-0.19724340130695198,0.2496496390596025,0.11890284002069863,-0.07880478820347961,-0.11303698507116426,0.17653497859888218,-0.268794416131315,0.13292555552673022,0.01764113260985822,0.14150358354164208,0.0710887418838456,-0.17476605621194838,0.13662836461294445,-0.07205089659586249,-0.039577575844686096,-0.22180108311083543,-0.18246688513709358,-0.12900485274785717,-0.2840188878760149,-0.06771732615693458,-0.02357741366584265,0.280304131468984,-0.05012839982996847,0.12192644333359716,0.03306851667811243,-0.020556419983019707,-0.034462781863235814,-0.08106774884331126,-0.03618438830421665,-0.4448995120660112,-0.3659134997119973,-0.29767215392551016,-1.0695004877818632,0.048158083442225906,0.19941852440672023,0.2612795205023936,-0.1571372436022159,0.04443975434209713,0.15722397249240022,0.07704697259373032,-0.047805424461099255,0.036806274033336694,0.21922516326781194,0.03712913427892477,-0.039200515294891256,-0.12247680594694565,0.17890138848920648,-0.10071750723697068,0.046262059882074484,0.08228670006178779,0.0418496266085444,0.018328103470444296,-0.07586162795960656,-0.11863809567194829,-0.23060097162938392,-0.20346471969331106,0.03599255825105077,-0.010058106971105813,0.11853062502165067,-0.24218697306329007,-0.15537163149811048,0.00334612005946694,-0.015283159920477392,0.2838999155178082,-1.393634276468195,0.0562262719818589,0.17370886509975036,0.16307987371468188,0.0757331426518601,0.15261458421788007,0.20753723255505355,0.03262259436670439,0.013378932138535402,-0.0838685525293116,-0.35406885835380436,0.06136983308861463,0.10835244147255686,-0.592358673372127,-0.1187695560735665,0.11865769654785632,-0.29953847554633933,-0.9571548186600918,0.059806422512725804,0.07605491572535623,-0.1797495425449545,-0.1897417298022,0.23095436787512524,-0.016065638415401325,-0.04015698250292464,0.03206664874209753,-0.013148556044994986,0.022327973073852023
0.11512300116691856,-0.3435086864463172,0.10026992465012029,-0.0382885059343948,-0.053186541844440695,-0.09926615306826297,-0.01577896840678375,-0.11807337279417951,-0.5255826294934269,-0.12210498521945926,-0.3423760206194593,-0.025057347754308294,0.18710534300622306,-1.056890070689883,-2.6886620762839675,-2.6886620762839675,-2.6886620762839675,0.10988213575857844,-2.6886620762839675,-0.15921594743648734,-0.032338364457644445,0.29922355996773464,0.2831447145370879,0.010186239123050582,-0.13301401342833719,0.24000967195929648,-0.05007868746818691,0.055229836495325584,0.15068110336738272,-0.489329367249582,-0.4213555779518039,-0.41524684309450033,-0.45948030073357266,-2.0904557201044156,-0.1992829241445811,-0.31079775713936636,-2.6886620762839675,-0.20337094980862827,-0.2317679512866767,0.052483526898821554,0.09408965277428633,-0.1303524658733483,0.16286899018464734,-0.004919714820860589,-0.04347424361923215,-0.2660554138041132,-0.046017400171018776,-0.07337031494300396,0.06345499966879847,0.022828535550990722,-0.13940653608471873,0.09951787161167854,-0.6771710475922247,0.03827609355827962,-0.2726557516569769,-0.7148069897745849,-0.9938098884506014,-0.7171272180548502,-2.6886620762839675,0.09297594341611966,0.2907557985674226,0.40539651856985986,0.021936185181539246,0.07627614746763083,-0.15921594743648734,0.10096613360726278,0.11646167475870914,-0.17682290057436306,-0.01965965193582443,0.03584425151261633,-0.13454925162586387,-0.09641248986510974,0.16962504418355295,0.02845578197775044,-0.2892986651818994,-0.15199234323688998,-0.026902840229508174,0.23686959759942508,0.08119737067300642,0.3335916634464574,0.06791587823237877,-0.14797920282905763,0.07634982861234148,-0.14258292646261955,-0.26455587769428673,-0.12745140676274508,-0.034121869663875516,0.2034680026609717,-0.005155908286016767,-0.07955315770488021,-0.010166722631967206,0.0,-0.3335845898653052,-0.025041193582871487,-0.2621165826196988,0.07793659153567634,-0.06938643507291305,0.15842094522231367,-0.17409878646530916,0.1044656100798465,-0.2192177593599403,-1.6839095478213568,0.10266180315159923,,0.1031031508562829,-0.016203909842333736,-0.08310548116462169,0.006853566855159813,-0.11407631838936196,0.17890138848920648,0.07403147046049745,0.07761396164802924,-0.12227068549828994,0.21536023668721307,-0.3566535859005051,0.3421267760710866,0.07456415778089165,-0.006011885443953758,0.17729837929194633,-0.18246688513709353,0.07724851113715685,-0.012896387771492707,-0.0990471814392084,-0.020203435372588986,-0.06996130576297514,0.14459200002836015,-0.16647911584977115,0.14987066347427894,0.13033401187325375,-0.13264426642139623,-0.07385610450108758,-0.03507607634348583,-0.04243504841316469,0.03854943481460883,0.0,0.10301329311215644,-0.2104111052777753,-0.06351676789233081,-0.010166722631967206,0.021709950746236436,0.08242458267475691,-0.2697777170760854,0.17261377872679715,0.12743588191671673,-0.680670005201488,0.06774768505083739,-0.10435979495594645,0.0922975665106792,0.01186178756384824,-0.07221404064754541,0.28755321157680214,0.06453358882669212,0.10685590667034368,0.2026089744621233,0.023456713683710086,0.02122048598563841,-0.1730496381724203,-0.09299186365141755,0.07060238046091137,,-0.15328118402259824,-0.1226540405216631,0.059806422512725804,-0.09976203155211613,-0.10442514822501847,-0.18105783213377585,-0.07205089659586249,-0.029798970075275922,-0.08143855817356327,0.0852831621852036,-0.025447462129149126,-0.0838685525293116
0.00967755686755482,-0.3206785427888763,-0.08790077909466637,0.08774617882988707,-0.3663556264301255,-0.21614977446013484,-0.017615201878934988,-0.24984472961659465,0.0197778199530748,-0.020010975411667672,0.07219819606057788,0.0006992272507026219,0.08459713384416444,0.052664839015957705,-0.7756814048249391,-2.6886620762839675,0.1711468184563504,0.24657109245577175,-0.043297577067882495,-0.3941471304886893,-0.03935178628023773,0.21227307595638725,0.24384575502124392,0.3741992515943793,-0.015430439910921474,0.1702337205959166,-0.6999708142789102,-0.08940352884977408,0.1977425320565983,-0.16832113557381628,-1.6926731617724458,-0.3874040249295133,-1.0619624606399565,-2.6886620762839675,-1.5625761632347375,-2.6886620762839675,-1.579275407890295,-0.010551839116445428,-1.6081202451840388,-0.28899483015370453,0.13486413364879804,0.11414074640456673,0.03708600803685888,0.015862235972706005,0.05410323694088889,0.0960846009316326,0.056322414024066854,-0.09607465690393048,-0.06110472138039769,-0.005177034235777311,-0.06070298492936321,-0.05908884986402813,-0.4519589347738966,-0.8065456827116843,-0.03101482371410562,-2.09271207936218,-0.1687957331117433,-0.02516046762826904,0.001429553369163365,0.2564976562724997,0.10865094914955625,0.1334231728477884,-0.21753417853809334,0.3512098503535375,-0.032230532552581036,-0.059468329239435666,0.12518234600134268,-0.18968140310599946,0.017203613668336528,-0.19023401962608208,-0.16418856485554711,0.038608914838751195,0.4393039826342952,0.07718196531223952,-0.14997867220586938,0.048206754160754366,-0.46873353137326557,-0.6842900641227093,-0.05139049260562929,0.058433287726130434,0.0716626850458165,0.1308996928406027,0.15917935162099686,0.18636628127197757,-0.038224843296421264,-0.058202063620734754,-0.04230035050637055,0.08568091544871279,-0.019144298861135757,-0.017100814576476886,0.012598663533239445,-0.2421038791345014,-0.08597449518367432,-0.04078751853034892,-0.1504258854942232,-0.44291333009965794,-0.0047740386404035995,-0.023273964808226102,-0.4004472365284851,0.016943736675914457,-0.30199656028215227,-0.30590791329867273,-0.027044493978176813,0.0700685146473256,0.11841563869877143,-0.07717834798699898,-0.05837534367845233,-0.12149518120635679,-0.20756158763550173,-0.4153013901379271,-0.019817603719834223,-0.1619306911826373,-0.25878530404509786,0.044084605436276715,0.12379979811882036,0.2472691381357148,0.0065673770238215985,0.20049148879766948,0.2098984097009724,0.050439401387430374,0.019217191492753378,0.05048974319701455,0.05851070480393184,0.16724322007747822,0.03957305278869081,-0.0016431662839712987,-0.050906813851666906,0.08399091034635997,-0.07632002614783719,-0.04347880486184007,-0.037992812751849736,-0.053239882145339916,-0.0012203039505028761,-0.0005985839401561672,0.14193497503096403,-0.20338075292958355,-3.229082801421056e-05,0.032837669361322375,-0.07103158482396399,-0.19096278020324176,-0.043635034677049774,0.05775400884014023,0.04127323571884549,0.16944494834912285,0.12221163190174567,0.26040648009409717,0.15345809524070655,0.10286862320455363,0.13489564994201156,0.012872343213779095,0.20240158264452476,-0.08605662261858166,-0.0008351426857479168,-0.02477258118438151,-0.323310465006089,0.05377925839467742,-0.014040424650877056,-0.265784379355243,-0.09813334063939748,-0.008531555867326254,-0.09535143786626782,-0.2666873189876736,0.03869315691146316,-0.019950447938675744,0.04528606099989821,0.016308214060434555,0.043584225923127606,-0.006266025019658869,-0.037712519549241506,0.14453180358551615,0.03830695908824332,0.05539908631382646
-0.010431335903815892,-0.07865268096175716,0.009597274297569847,0.049422302752562916,-0.02273519213553104,0.11476571892588992,0.10358868915345583,-0.019968357856161193,-2.6886620762839675,-0.21736033120832907,-0.02273519213553109,0.24159997536340894,0.23701484048362095,-1.1282417929138369,-1.785951587892167,-1.221596858373826,-1.0421406669516204,0.17337212704095104,-1.474873765351858,-0.43562557385744105,0.09780948695408408,0.09119519859810124,0.2098283729404117,-0.18831682378064113,-0.11639323889462459,-0.035081281287900494,-0.5601160862800857,-0.003151315999336635,-0.11486045906749075,-0.7282335681848927,-0.30437599572035934,-0.4125663204215938,-1.1612557102240222,-0.9097616002117873,-0.340152640462405,-0.3863672479630563,-0.6846628479468807,-0.5835397574598,-0.3224665399159519,-0.6569521913670395,0.02190172986407499,0.0001628521606084215,0.16100987761526192,0.01742750957691252,0.9370711377846929,0.07642060726706995,0.10887748939918447,0.16259162040626626,0.08045263971798113,0.007059978384238318,0.003246656354446947,-0.09629018769908936,-0.6817202697926473,-0.18845720748190561,-0.08152024003232283,-0.22715061640306433,-0.5051260332384463,-0.23247722814093363,-0.2878198954469914,0.20568984001869905,0.18552089369883987,0.23195105328915352,-0.04461766571838806,-0.04092168576157014,-0.2227887722975887,-0.0038872061041736656,0.04393777713880735,-0.21220390752933338,-0.10262389984601243,0.104385692457492,0.028570080312407542,0.008639951745799714,0.03693945377576873,0.057252782028256684,-0.1866762709453421,-0.400409357135261,0.022892356506230338,-0.6516464164575879,0.08611875115975043,0.038900593696759925,0.009231276553465775,0.11990310155701599,0.2522878753458704,0.009287442978285685,0.021220485985638356,0.13921530538249713,-0.062322150539924126,0.08769926146766521,-0.1536435762374002,-0.015408235620536144,0.049760673002463555,-0.054981310239248425,0.023456713683710086,0.12904256337102937,0.11838008418336493,0.005248832469865441,-0.15375263395357872,0.094591656578738,-0.057289230979189615,-0.16083637045581925,-0.08723838623581447,-0.2410865121335153,0.15815531493792503,-0.060449810331704316,-0.01910965352673398,-0.12083576107678817,-0.1397305281895493,-0.15746075958761035,-0.12919493308639218,-0.3286780231590034,-0.301337765026754,-0.18120510373755405,-0.437847814203616,0.21661145526580616,0.18863484502177563,0.23384532525454926,0.06360859880255001,0.1658607413563465,0.2058648502259543,0.056970267734399865,0.021835866689440396,0.16618015309197512,0.009803211684067902,0.25802959029049816,-0.07621112330575044,-0.0034792557376293457,-0.06875093275025156,-0.026516481867665535,-0.08499596846826471,0.02739809994723901,-0.10825930990599826,-0.2358488123697979,-0.09272856564436582,-0.010566078137042724,0.022014623776061802,0.039390959713894946,-0.2644034685607188,0.04180532861757245,0.026436009253212274,0.06214348633245711,0.06747788818001561,-0.01872941839363411,-0.013039286286157253,0.23457985471194673,-2.239949888146447,0.06163840493727488,-0.0952459597675077,0.1864850373829612,0.0771350156065573,-0.05459404565518219,0.06566215868049728,0.02821973373948738,0.0774630622745035,0.11489520800978653,-0.004267804987187921,0.0782619267345678,0.022577927594550518,-0.5117190784327483,-0.04638266269063453,-0.0273453859635,-0.028217950316639377,-0.0413493910007694,-0.13938771139422737,0.03559633584760649,-0.05575716421665994,-0.10161599592174043,0.10480276188351993,-0.10543851835428494,-0.058278091591394146,0.041743468943381566,0.06038325197591345,-0.3176311663833653
-0.038067228235153,-0.29986171536762607,-0.09499989935672011,-0.4152468430945004,-0.12117307297808375,0.084760422684273,-0.1299812478687356,-0.22399867536239088,-1.2472051995682103,-0.49400369876384626,-0.18776851983226953,0.26075146353507256,0.16747079797326503,-0.6582622823581273,-1.295855124440907,-2.6886620762839675,-0.19629206115578793,-0.09897688441682866,-0.13026054838173848,-0.007483716847653008,-0.27124945516919224,0.06308291301659374,-0.007205919871314704,0.10795283082600483,-0.24060460392747013,-0.10214352804669279,-2.6886620762839675,-0.017361183511034363,0.02222693483144728,-0.3578612496757422,-0.41239537245971053,-0.11494689190202718,-0.9680807825586454,-2.6886620762839675,-0.03432868021125452,-0.5255826294934269,-0.7724678982633282,-0.268152128726667,-0.9536759572658907,-0.059055884768595475,-0.10117713039228296,0.000978184216717622,-0.062000191673842735,-0.023368333628784464,0.06788474308288665,-0.4110604528489069,-0.11226289340112043,0.031199410017355426,-0.08005940197291032,-0.13132632703137934,0.051860142347685996,0.054605577825358194,-1.2333090156253275,-0.06972936617468156,-0.13412928858717285,-0.8537184634603621,-0.08074444212659317,-2.1975133860838842,-1.197354911381723,0.27427050203123704,0.15371784988336074,0.18167298653899677,0.07586783199381833,-0.032694231161676884,0.19492097214262755,-0.0741144539752895,0.27874909731189246,-2.6886620762839675,-0.1449855514690882,0.03949838089708088,-0.13840948352916946,-0.20871794025461948,-0.01768910962370484,0.035170719146059154,-0.11985513598432505,0.18615717295463136,-0.21408171656749553,0.1963273600456408,0.010426698948101496,0.10462853257127343,0.1428172931197582,-0.04430111426875989,0.10404850516312782,-0.11226603436649989,-0.41366108072139185,-0.1217380394590229,0.02821973373948734,0.26545107573559884,,-0.07346167044799355,0.09428164055302873,0.12904256337102932,,-0.1585627082425789,-0.06985607388055182,-0.25092525461811993,-0.3405954558262555,-0.13086635559583795,0.007391633636237752,-0.09679210221793588,0.030672797586354328,-0.5562059747535104,-0.3247062641333789,0.33382453776847026,0.15488440202804768,0.049802526800771164,-0.02630089368238861,0.21623238638920972,-0.15958263953239055,0.10546360844632706,0.01559531083033615,0.1032367796411176,0.007886996627242012,0.0956344499840906,0.11560992219752558,0.2548894236450593,-0.1859842440381626,0.19132049027188322,0.025655263309156427,-0.09239562095078277,0.19190071866598982,0.17983389342421235,0.10009163541854983,-0.04243504841316465,0.21249019708053057,0.02191212003687761,0.10469977871610177,-0.08814415884182296,0.1998020597792968,-0.06733623695379909,-0.008074159919457449,-0.0257257151039136,-0.06731256170972458,0.11239130295431012,0.09331715485574087,0.15109291641968262,-0.35826948404094106,0.01053449629938924,0.06136983308861463,0.11875716283369998,-0.020203435372588986,-0.05136121970038155,0.2223793365693875,0.06990101080100874,-0.7650090974445806,-0.008074159919457449,-0.25069150455969874,0.13530192376787734,0.16574080221964024,0.23384532525454926,0.02970446795799135,0.009107751683825039,0.07634982861234144,0.04766963160134236,0.11556127501343257,0.07241920427010291,-0.10473122414653485,0.019709682852057132,-0.12349894498934616,-0.15618850553124863,0.030672797586354328,0.08967578732505715,-0.06973021419707057,-0.18246688513709358,-0.19979196779450342,0.14220875259873564,-0.13264426642139623,-0.09123950643042526,-0.20016557072719615,-0.06938643507291305,-0.011680347939044912,-0.13475748146066469
0.07439716500692603,-0.6516464164575878,0.02232136297554352,0.01930272768350971,-0.0295188893910546,-0.23479033105782346,-0.11160681684223585,0.19357116982918754,-2.6886620762839675,-0.031980473573159064,0.1851967205634119,-0.01433329171759026,0.2433080048633689,-2.6886620762839675,-0.020223819145958357,-2.6605610813103553,-0.07865268096175725,0.3080419626538412,-0.31520326430256623,-2.6886620762839675,0.09249789432801309,0.234063421619752,-0.06015224289981942,-0.19703245521579588,0.017955080799048277,-0.33896286284149546,-2.6886620762839675,-0.14023347205538506,-0.060512354777322405,-0.2100396927429492,-0.6383581906078662,-2.6886620762839675,-0.44514837980811833,-2.6886620762839675,-0.7309447402715938,-1.179178045709519,-1.2257031724938172,-0.8773080317923317,-0.6013332189041237,-0.2104698216456686,-0.020223819145958357,-0.07669711133057264,0.02060164438804079,-0.26230859741245066,-0.13602147113587162,-0.15921594743648734,0.021101538491999524,-0.0038872061041736656,-0.005656817021629122,-0.12526509481023662,-0.15409200666333484,-0.0741144539752895,-0.8714226237951382,-1.0033594615372048,-0.6067158955818907,-0.7309447402715938,-2.6886620762839675,-0.28533050510768715,-0.42452454986034177,0.3943257476335027,-0.06015224289981942,0.05196776698497831,0.011291168361570177,-0.18567479897582206,-0.41775602021383607,0.1736116824579901,0.14946909559886914,-0.489329367249582,-0.023647830424799746,-0.32600180514332483,-0.007978376836161911,-0.24318969923460745,0.0002495047106923567,-0.6068710247197252,-0.3035032219523652,-0.8697221116738683,-0.10475694468505742,-0.5730673876342759,-0.05045379826306465,-0.014286468607000044,-0.07136425006085287,-0.03991351152280867,0.14220875259873564,0.03441254349897716,-0.18743041572356275,0.13314822803572235,0.0815140382916753,0.12697100272940387,-0.102185798982103,,0.41955840826466856,-0.029798970075275922,0.09589246402190199,-0.45189315460330703,-0.10636217223506535,,0.11489520800978653,,,0.02106220061210365,-0.12655112333458504,-0.426037051097693,0.023456713683710086,-0.012290286233879398,-0.028884236852576975,0.12114105895234371,-0.13555333303552708,-0.05335397715814701,-0.14105478140580374,0.045151147335118845,-0.13086635559583795,0.08715645701473951,-0.49807072169270744,-0.2684101781518477,-0.9507997692348933,0.1063877074818508,0.21150178753458432,-0.06938643507291305,0.2161110054133633,-0.1731691974169436,-0.2632144644147218,-0.018245373259614176,-0.07165775305469542,-0.06725513416590884,-0.22331524193816588,0.0506221866725721,0.02004547672794406,0.06038325197591345,-0.0374181850621537,0.0797522676472641,-0.20413803372363476,0.0,-0.0453981222548381,-0.19784439397616885,-0.14443280581995513,-0.05207273604643625,-0.1657331730813349,-0.21041110527777532,-0.19597548845781368,-0.11154339571008033,-0.03828859772227141,0.038132655150957,0.026130161057261403,0.008304398930755142,-0.23797410292719395,0.023456713683710086,-0.2575557226421514,0.02780284453155118,-0.061775432526181236,0.23101484736561528,0.07190110089755934,-0.06771732615693458,0.1872309486752394,0.1592477581521615,-0.48085045016413464,0.07755281225749373,-0.13509235000587405,-0.7710104839844425,-0.07092928038902489,0.02970446795799135,-0.06771732615693458,-0.36538399690320095,0.01077564548980131,0.008934882055928522,-0.06351676789233081,0.11672142903430673,-0.33244626322849435,0.023456713683710086,-0.15722326506949377,,0.2807050837907368,-0.06269205252846594
-0.08011900400266472,-0.20312336217664842,-0.0974540489076556,-0.3353706761690513,0.028591784725617877,0.032867252281400146,-0.04674335516279748,-0.03904975185598764,-1.91296678765996,0.08417664582112752,0.03791653374975185,-0.01215257997162732,0.1745361472733928,-1.7823905763924774,-1.3321348238574864,-1.6304849021827714,-1.3912952336102804,-0.006450001876483922,-0.22737226110149775,-0.1615778159766729,-0.18629139878894468,0.017865875650192438,0.2685817905683985,-0.16207057494036756,-0.08984882218491835,0.02613667251558806,-0.6171061756577466,0.004949910398159792,-0.10916967491273642,-0.21845667423869689,0.036242553035683675,-0.3985869234467251,-0.7244771452299003,-1.7804522898035562,-0.2799363142543627,-0.41157393656913266,-2.6886620762839675,0.17086076411522932,-0.8840737380491319,-0.25923211678733604,0.14864167232838868,0.030291789879433536,0.01663469080110275,-0.0038599322995324587,0.01402849068426659,-0.02007552533055858,-0.15838485715096035,-0.27826686265196865,0.009573097030788735,-0.07227945810932444,-0.019274034182911983,0.02975155631899331,-0.39621157449018773,0.05264145663994386,0.018029938884793224,-1.761284550093213,0.05128447492600849,-0.8981804912039208,-1.2934259508272874,0.1434256529507141,0.24058258238316002,0.1248910429835821,-0.08204479881713007,-0.027163059300996557,0.26753948815495004,0.11824721466105624,0.10820731508436456,-0.2557850545074812,-0.158548794905456,0.15691360729686543,0.1857413999841553,0.04765332993639453,-0.06643825582920629,0.047572835311217025,-0.008887967421210782,0.0844846513741974,-0.30354942073882674,0.0034426718665509365,0.0700509443168514,0.08810254060248636,0.12062991667905866,-0.04466388648177788,-0.0012277998578826524,0.025217622232590785,-0.16066885806195397,0.08595829920516294,-0.07907029527851607,0.11746531594792507,-0.0012929053262014027,-0.04485596650637088,0.10767940404846835,-0.1112534948110525,-0.05346802514976111,-0.07576597013159138,-0.008131974672258846,-0.03794484234039885,-0.130164762070305,0.085144970487127,-0.12945751249704038,-0.1325066079645598,-0.2373569019445817,0.017312392048617776,0.12231601568654031,0.04477405240149186,0.024499152958017644,0.3089404926077824,-0.18295436387708208,0.004216011555199178,-0.16917454577767146,-0.1113718115644335,-0.07013826246782912,-0.01329051356497064,0.155313004715928,0.15510537979597264,0.20879966347583012,0.21839378449377464,-0.09741251455335823,0.06908709375138657,-0.013546534291686483,0.05036534990821865,0.07412914398192444,0.052962956363602647,0.052921798768139953,-0.016008198262020525,0.009256452014267717,0.09680893724948571,0.09578103045362961,-0.023954522143682138,0.06241107398283737,-0.019111700667063376,-0.006495573598924519,-0.052275448109833984,-0.02906996239388216,-0.04329819800203758,0.4041995125055132,0.12714380804299286,-0.12477858404615157,0.06859261688954492,-0.2981861973111347,0.04128778933953007,0.08554693278273953,0.027409746428847668,0.1602612638755862,0.0651659733800737,-0.4097613221259611,0.13757359052456639,0.03997936830898338,0.1370429108655355,0.10251136661730248,0.08320591921637209,0.16103997372703635,-0.09051962758270081,0.08989660376403792,0.19572904054181148,0.017945794091704582,0.08386145169917254,0.07689861975723032,0.04117169216530208,-0.08407553762935724,-0.047247695554899716,-0.04893864123193526,-0.0685407637933843,-0.07470745497713191,0.0032026663883875095,0.024713891613902323,-0.1322271054244101,-0.03682537412655181,-0.03714956037503622,-0.02913703247229883,-0.016242251539019318,0.03900731690353797,-0.1554648678391414
-0.03052831592743374,-0.2193403789969385,0.08622761765590509,-0.16643135635707407,-0.02758820730328694,0.08251369238940516,0.08909121046733796,0.2064804509376644,-2.6886620762839675,-0.19467236464755777,0.05410345596644864,0.01678460645949388,-0.1059076066966097,-0.6548425331650074,-0.6672558377489072,-0.9526958741667362,-0.1340995926715071,0.070982796934793,-0.38927463693367576,-0.5016389184327408,-0.015355719199437604,-0.22146031556138818,0.23661733158123946,-0.02047148424145573,0.24020927403659384,0.001375479347122797,0.0020915186150359047,-0.005338111323614528,-0.16782439623277196,0.027113927109586176,-0.06719982638191505,-1.0289118717489847,-0.19308708065241864,-2.6886620762839675,-0.29021492933848536,-2.6886620762839675,-2.6886620762839675,-0.13591449320112278,-1.1058465579142913,-0.21590835117330873,0.21603173995692398,-0.04187523026809585,-0.10878805533853954,0.25260659077536163,-0.03645428756225524,0.11024426845635038,0.19012826976988853,-0.24523933715618673,-0.013926472580452457,0.13116054164475657,0.1572198499669519,0.005346667033995426,-0.4364902501855072,0.08129226012058516,-0.06584455320751592,-2.6886620762839675,-0.26286443110729374,-0.1312749056478034,-0.6192959900042666,0.09601096287566603,0.2672209057580995,0.19874918575026485,0.2296407486361358,0.1823983949820055,0.23134964072533964,-0.020223819145958357,0.06777665744267027,-0.6959315800643586,0.03362141577080134,0.20595565833166785,-0.020223819145958357,-0.0196596519358245,0.17724928313987934,0.16340434660296085,-0.13940653608471873,0.0500364105289812,-0.12495804023451573,0.23461161381451437,-0.04467819586751637,0.11029932339390264,0.0007229593088282045,0.12067955591562232,0.26092588571104364,-0.09655696713499166,-0.07768836480614744,0.09804678980309259,-0.013723580638049971,0.0,-0.07205089659586249,0.3257650964472021,0.21981880225572434,0.04994957218233256,-0.01062570471964162,-0.18871486527309406,-0.02365643088232577,,-0.08592007945054385,0.08312102026501754,-0.006792606071339435,0.0,-0.1855369935835,-0.2104111052777753,0.01077564548980131,-0.22423405939676963,-0.005045390705801286,0.169497027619512,0.03617712598131136,0.24998449564084915,-0.05136121970038155,0.023456713683710086,-0.21041110527777532,0.20342879324968752,0.04031193582510179,-0.0257257151039136,0.16448523891670536,0.11882242178546401,-0.3031367091555055,0.08027271312540607,0.019265926905565483,0.21487634745939177,0.05091603792800483,0.05265498323071068,-0.2024158440620301,0.09589246402190199,-0.03828859772227148,-0.1067874299444231,0.008934882055928522,0.11742146796628157,-0.06626836183720723,0.6985420667718379,-0.1964929677078797,-0.1700707442633682,-0.13691394765808054,-0.035947337736336744,-0.07287410096591757,0.04968551348773824,0.06955554383358865,0.035272759701943185,-0.3604813051270505,-0.003913057543061717,-0.029182839690525784,-0.21041110527777532,0.12444164326432232,0.17890138848920648,-0.19089622087401698,0.08967578732505715,-0.015039003956816384,0.27609066809367083,-0.012967443315191004,-0.04065295623319875,0.25861149329076993,-0.04524872121162905,0.08947411158603542,0.13558805596946458,0.00845352768207665,0.1240104709077992,-0.20759523856895723,0.03883239204031341,-0.2050104970310858,0.049222917099204525,-0.021760372117385275,0.00887870804982882,0.06136983308861468,-0.15976712007410956,0.04994957218233251,-0.11303698507116426,0.044092410236892275,-0.04638266269063453,0.023456713683710086,,0.063017416388446,-0.03331627497653621
-0.04220568010871666,-0.46723751412195197,0.1982350405687929,0.18038719379696547,-0.15921594743648734,0.23476254027098203,0.014695530427928764,0.03693945377576878,-2.6886620762839675,-0.368703254607732,-0.1368761523401497,0.15865249849149549,0.15633131467643985,-1.2339193141226532,-0.7261964809695608,-2.6886620762839675,-0.10018198326195658,0.14728842446424129,0.19197099288866756,-0.20830939711690885,0.19886710777305197,0.2003309266908783,0.3156120760445419,0.1260739478809388,0.028075322222776842,-0.14624387643215295,-0.9125168379961685,-0.07337031494300396,-0.07490612917581765,-0.3023558893106463,-0.34773176558445057,-0.3735521099246506,-1.2257031724938172,-0.745037129304675,0.003501581461286229,-2.6886620762839675,-2.6886620762839675,-0.2124523569877563,-2.6886620762839675,-0.6363327560939928,0.24855872078453795,0.05430916246502189,0.1622728594398242,0.21832340401421105,-0.11226289340112043,-0.20564308016740246,-0.11898398844026359,-0.06330122907183423,-0.021242173738903764,0.03807149461866984,-0.1047569446850575,0.15286658719476529,-0.5242863351592708,-0.12797200886456736,0.1288404184047926,-0.3566046843569648,-0.9332728432548686,0.010829008405305228,-0.30557393783750236,0.2830172385781,0.1106566153288077,0.27918597113731786,0.07959596050048322,0.04788292697821133,0.03693945377576878,0.03827609355827962,0.0960374550055484,0.042547800342156064,0.018711201671004176,0.04653113308804185,-0.013661664555191085,0.09059959720168116,-0.0026843448484948663,0.0810982504499543,0.010394163906187786,-0.33111952474327505,-0.5820235095092939,-0.9998817548866914,0.2581231057473097,-0.18099764941359597,-0.17238656068442762,0.3001090510129016,-0.11569358532793424,0.09725221402082106,0.09999430019697295,-0.062460349681297926,-0.10174949052444772,-0.08458983915620462,0.05427721241756094,,-0.058202063620734754,-0.0178984499247529,0.015369786344940415,0.033198172729499355,-0.24126070134016173,-0.16319412415485218,-0.0621649576959537,0.044092410236892275,-0.2788136231455154,-0.0072086700607169015,-0.11022595529123452,-0.11177919064363134,0.0542772124175609,-0.062460349681297926,0.3117664588306093,-0.006335522534213783,-0.1074077794275596,0.03359331881897642,-0.13007914517695507,-0.4950290543948746,-0.4004645528803071,-0.15348469298753836,-0.2598151755084231,0.18961952346817376,0.029395144882292928,0.29745876435978735,-0.2396345023623061,0.18991584883261112,0.19988395575510992,0.1949500180687862,-0.005301055718756121,0.0885073794065119,0.04232805423961695,-0.0681859360680675,-0.0907663370619083,-0.0956278154048246,-0.03381524346213889,0.1918335849540883,-0.024392171202872195,0.062182682774774886,-0.0397261790417682,0.03712913427892477,0.04226301352683642,-0.007616906964495703,-0.020875559844032252,0.020752611884667763,0.05963762595968857,-0.16770146298817185,0.07060238046091133,0.015095162670810939,-0.016250530853728875,-0.005271376096772771,0.116374560724846,0.2675828919942174,0.16802685147022464,-0.011397533533430404,0.0542772124175609,0.15317567338529284,-0.03899412870545862,0.034876476303164754,0.1757484691774422,0.12226335715355624,-0.06581774074743046,0.02821973373948738,0.0,0.03599255825105077,-0.14443280581995513,-0.47092166565300486,-0.21777107723164435,0.08448396995916876,-0.018423928803687654,0.020752611884667708,-0.08919384122449965,0.032342230830740976,-0.05146166983231507,-0.018904960288289998,-0.23023279613975053,-0.20016557072719607,0.08928447597435524,0.016410938536093364,-0.23248726748379292,-0.19939008440777403
-0.053129938718589044,-0.18793526534017638,0.17605135103268635,0.11808632197365383,0.03486644510773364,-0.6712653848882891,-0.6649418007882716,-0.09754430851909932,-1.9393862725736286,-0.05469705289568491,-0.12323181136820677,0.09509485811621492,0.008310900399401402,-1.7184003962005046,-2.1902676866747703,-1.097664950395017,-0.515681761673376,-2.6886620762839675,-0.45668657287597114,-2.6886620762839675,-1.0861742048141336,-0.8864821702822712,-1.7995103915987605,-0.6378144782811537,-0.062040160157892155,-1.8639582731088071,-2.4973609928841705,-0.10486634646865212,-0.09862238928724826,-0.28682223727258793,-0.5033499079538258,-0.7508309126165181,0.0030997729406606537,-2.0403466800560115,-2.6886620762839675,-1.715732263749184,-1.9407158581172226,-2.6886620762839675,-2.1402656712519166,-1.4592523556174664,-0.06989682769944444,0.11527106593571224,-3.11803692256601e-05,0.0454045263980508,0.08786835864425126,0.058394459213742485,0.05859845583988546,0.11026172935353087,-0.019865156003779322,0.16939033250381758,0.15976775047102257,-0.14691330364279626,-0.291605439964052,-1.890056029892623,-0.9592756242509622,-1.8348848666281747,-0.9743935837315293,0.02417469286471723,-0.18473545306267355,0.06434217570470184,0.08574834635837604,0.2868830443947787,0.021120105780988094,0.08801140853903276,0.15400205769928624,-0.024465642568283073,-0.048130449504969516,-0.17293095023202923,-0.014734591462031748,-0.2324162300799534,-0.1277181707175588,-0.01963018111136636,0.040573395181934285,-0.016095638917872256,-0.6825120710095915,-1.0316200488761922,-1.680461247308822,-0.898295939617995,-0.15366385079475303,-0.012895570405665345,-2.523224637184843,0.1553060216446337,0.3131867912316056,0.016291213515901848,0.006935712019291602,0.020924305269036787,-0.00906258861216435,0.07613250511071129,0.07676011250654177,-0.007829152252380067,-0.04371249582773295,-0.44838330269676746,0.03806289779893318,-0.09786035369175643,-0.2798641720895248,-0.16285779101226244,-0.2164933577026313,-0.41881403276289286,-0.17454102777012842,-0.12138489854660496,-0.17424748331011503,-0.09141150991065845,-0.09055697630814263,0.1206098858340782,-0.04305283299848265,0.04904669051097138,0.08260865003118978,0.019215851808270425,-0.03338775835224024,-0.9340781542349315,-1.4404647200386553,-0.5732934277858841,-0.8422522356990066,-0.1054396388233677,-0.740143813929976,-0.6630483949059126,0.20219452160365953,-0.06821077436427714,0.0002509150583739362,0.08908191298071105,0.11996035477650493,0.05778367032275608,0.11543443851048439,0.04546051201450506,0.11177745810845333,0.06820267052522509,3.512329651467336e-05,-0.0032189245868639704,0.020509663675347633,0.11222410031362447,-0.1156148646416667,-0.031928291616063746,-0.06162767171891058,0.5429690250405849,-0.017363946761876917,-0.08392208967470159,-0.07697399694178944,-0.1394205988102443,0.09530108771616215,-0.12906741277555378,-0.331214955957362,0.023828956764469195,0.14680749345161753,-1.4648706721779352,0.13587251022369423,0.15643223263405595,0.058229724625454275,0.040178024949004285,0.14970402495303112,0.12182411346924618,0.1855367004100588,0.0373994714699279,0.07092925760878235,0.31322868691211425,-0.17766399321594895,0.3941831570876658,-0.06546238564293565,-0.5211941874946947,-0.48800680624228465,-0.3113716361338372,-0.4306787019605406,-0.46590752134654206,-0.22501025932876878,-0.16483692103867698,-0.09174540064586732,-0.07620034630879206,-0.07670915504849232,-0.02350115780497125,0.131306872972929,0.10804794944584718,0.04900879527847194,-0.22945124421400623
-0.12432695137108012,-0.1883168237806412,0.10021922471270783,0.03843003635878091,-0.20449298683796843,0.13143839976244703,-0.09280730342108623,-0.06387836943714185,-1.0233726637761416,-0.2591766236687045,0.0002495047106923567,0.008663523866334212,0.20680167772178137,-2.6886620762839675,-0.32835001907077443,-2.6886620762839675,-0.09258227069541879,0.31200168544524987,0.05830844888868228,-0.44286578536710025,-0.020223819145958357,0.20334656560594835,-0.06133628118651158,-0.020223819145958357,0.11254064152347938,0.07699833665052142,-2.6886620762839675,-0.27769108335753645,-0.04026254202089855,-0.16487044850355573,-0.9302856745239364,-0.09059795592287184,-0.6215028088149626,-2.6886620762839675,-1.000520475328123,-0.39657261504955404,-0.7251767335918471,0.057711574010734304,-0.7762424620610843,-2.6886620762839675,0.17773814879408376,0.004615692751741677,0.08082184258278424,0.03535963450792239,-0.16880445408506922,0.26946362524210044,-0.16727523106062395,0.09897507977132043,0.12209431794083757,0.08092004591498157,-0.012981966486372414,-0.005246320515825787,-0.6165864235880176,-2.6886620762839675,-0.12240555182965243,-1.1833343620355845,-0.378265059727663,-0.15422690358750818,-0.6650282314268157,0.09214468450043709,0.08224246895693565,0.1210327721649609,0.022464293070862593,-0.19423528252260558,0.04524822259224344,-0.0639387153959431,0.09105016493127932,-0.2567528852707325,-0.020223819145958357,-0.042665173680281415,0.0645449899359004,-0.08103440314692836,0.10550381845741319,0.15184607334875205,0.0072212582421945165,-0.1020127982774176,-0.2183704304913326,-0.801037370325074,0.0020184707914844735,-0.0681734340098258,0.05589983789937368,0.25355802379380976,0.15084684756109987,-0.046237816858827836,0.1474854476328975,-0.1528401440661794,-0.023775955197611002,0.13305616308906096,0.15317567338529284,-0.37509977074705425,-0.019371840686043862,-0.12574028738721293,0.044092410236892275,-0.042113425909012535,-0.11161361541295466,-0.12316897651320562,0.02519732706647889,0.16192110839978097,-0.3530190477086544,0.05021645772656711,-0.23257731122517272,-0.2146275937005283,0.03405660118703872,-0.11863809567194829,-0.07418806250399494,-0.07385610450108758,0.024974437928196955,-0.028884236852576975,-0.14078049920687669,-0.1007175072369706,-0.2318768850260262,-0.20566990293875498,-0.12094780607411668,-0.10377870319200896,0.10006898229272466,0.272377822173115,0.19954178879380988,-0.003849069338179405,0.03505369534048934,0.06136983308861468,0.360475663020851,0.0,0.1763150317946906,0.01977178431515645,0.23044591529732183,-0.09524595976750776,0.11287106593617927,0.023456713683710086,0.07153872187633513,0.023456713683710086,0.120081386000505,-0.13489426965172593,-0.021495327745307012,0.03883239204031341,-0.031934118051865606,0.060318609484689006,0.08734926781102206,0.27041876134577186,-0.15263571140586193,-0.14443280581995513,-0.04984210792245549,-0.21241175427333756,0.20653460741980412,0.24613137991755013,-0.24996132157231854,0.03416260767624494,0.004868829849567399,-0.004837985230822452,0.023456713683710086,-0.09954741878158295,0.16839195061617276,0.04865666608720181,-0.07244839420182357,-0.004788771179257807,-0.3780754628541138,0.13675407099062803,0.05805053800502381,-0.021300744595477084,0.07094684875954865,0.006302986119242354,0.21038894347730744,-0.2284928731724626,-0.03037617738405673,0.10004526152104734,-0.012619786478834192,-0.015796057416807677,0.018534321011837905,-0.03666057918336099,-0.14258292646261955,0.057335028062807096,0.0155096634621858,0.02307883612033391
-0.0634696230756688,-0.6307023943414595,0.20822589568981192,0.02816135529064862,-2.6886620762839675,-0.5306734091771054,-2.120379282519474,0.008270641657384805,-2.259279994126115,-0.18124101609558507,0.09411936533374521,0.1927627434161569,-0.05320368435848685,-1.0817517448561216,-1.443057632299967,-1.2653542890471223,-0.4183951975173611,-2.6886620762839675,-2.3049225938907676,-0.6689119256698275,-0.06372581209026794,0.15859246026026919,-0.5689774501261013,-0.19914592736454262,0.043358264620612944,-0.40002303338862544,-2.6886620762839675,-0.8354295327669169,-0.14084225956605725,-0.46692739249197907,-0.5976048938596589,-1.5624181084942306,-0.3422120089485972,-2.6886620762839675,-0.9291327254447037,-2.075768369980371,-2.6886620762839675,-0.8710472463857812,-1.698272249849751,-0.024050824916683797,0.13669470073682352,-0.0703886588204908,0.09285627909036462,0.026075752907238018,0.012253448224998,0.05339426075892578,0.05392506892085865,0.01872550261316823,-0.02529877845152636,0.09402154517271456,-0.16849838331351633,-0.5334773041131947,-1.4777195770019715,-2.6886620762839675,-0.6001280525514366,-1.6898004923395171,-0.29517265747912835,0.0578216719165795,-0.3425604904934427,0.27637733991836455,0.1220215338230813,0.12287051692418358,-0.03777924896707455,-0.15037897166139236,0.02754182751112197,0.09294322249918673,0.04427127206709362,-0.2165775492798584,-0.17407599037976146,-0.3513018940410155,0.0050048455820228205,-0.05498577793717264,-0.09985371651535442,-0.2793725924164241,-0.36191855672936973,-1.4659665029157167,-0.2652214923316515,-2.6886620762839675,-0.5259054713277656,-2.1251216610010233,-0.3779286218085719,0.11249510206272548,0.017350715262344708,-0.04971015283732394,-0.09639256787134502,-0.06345797305191923,0.020873157912750538,0.05450610332523225,0.056824814738252426,0.2650218350283803,0.15930952864381492,-0.1260555418564445,0.12581680863575725,0.01660927009718803,-0.1098382946347462,0.20846753518034805,0.091829986650888,-0.03664231299996861,-0.12001653934030333,0.03831252582598035,-0.028063821914139735,-0.41104756005661813,0.011961091998198359,-0.04498260758678552,-0.12426090518267738,0.029673648272705494,-0.07748138483401393,-0.40625524345991965,-0.15578240120940517,-0.17523980893577426,-0.39040967152341505,-0.5910021965361802,-1.24239296099244,0.053428768199121957,-1.9163240826411954,0.20315141395845818,-0.12943792575602367,-0.01115196799445988,0.18102081875715303,-0.07194702148724604,0.01549389190059927,0.02084572615736652,0.07889279356921239,0.053355979533268295,-0.0960832147487855,-0.02228829812705076,0.009054263039258431,0.0687089528286271,-0.0529469221359244,0.0138738318618029,-0.02825125532502093,-0.09117812134132439,0.022814650738134074,-0.04397226587346397,-0.02900840695183913,0.1130571517082647,-0.19014848429829817,-0.09353358572960799,-0.07570686586836882,-0.11208498584290556,-0.12308043902789101,-0.007052755467954511,0.07440604441860435,0.08588515419368782,-0.6558393057180916,0.033137220708205704,0.12266363467907447,0.08327656491278342,0.06020332254677543,-0.007527436420962794,0.2899564421650212,0.0004887203014718366,-0.04277379442054791,-0.6198065600721193,-0.9448380036547788,0.12067546377013592,0.018153862870430734,-1.2081254937188495,0.00404765871539392,0.024975220949195784,-0.0017829095283112843,-0.13462009760960356,-0.0014923154431318573,0.04382303152992769,0.025775639002808243,0.017498635939864424,-0.04514111511435226,0.008505316576167002,0.0011425123250003643,0.2920608542876449,-0.026404304763537615,0.03796676168886462
-0.10969862123678525,-0.49638749456498504,0.17050128431470027,0.03376016013839784,-0.23897572485938276,-0.10605543154525421,-0.13608933408789317,-0.0881073646376802,-0.3348570714941855,0.005203677087148854,0.12435238234260787,0.09298528518566722,0.19548712840586066,-1.5528425364170324,-0.39315861403716,0.01902736779283616,-0.5530899698108405,0.04589213623896931,0.13379664809680436,-0.29248582272714646,0.16390399294389327,0.16452328247298517,0.1180486537068295,0.1045036222354571,0.1457002399736839,0.12224434741064638,-1.981339753525727,-0.052863772469292095,-0.11286448712590295,-0.32399438892014065,-0.5094257694836031,-0.28551792805263704,-0.4949440269026723,-1.3618584625307075,-0.8947063590333932,-1.4928760923912,-1.547458598352624,-0.08493972107958374,-2.658719094577951,-0.27959933271106696,0.13192290151406488,-0.06771128628552082,0.05785574611338441,-0.028949860523732194,0.029572036905604556,-0.06489765435669273,-0.042624222148524286,0.003834054145637248,-0.02761650374932283,0.0236153889601456,0.0200813460571272,-0.02562725431093869,-0.5174952895289565,-0.18551784279820369,-0.24416229872749162,-0.77239726765847,-0.058570263397527154,0.025812358979797126,-0.3694864267774372,0.11389611681834745,0.12875729433176636,0.34384038318017,0.007297837255381883,0.05533815209891112,0.0035100376835582145,-0.054840677939759094,0.06312862169149117,-0.2532907844900869,-0.021087239972470195,-0.006645563991075782,-0.1590753150728236,0.1286746007747957,-0.06675916555393065,-0.053838066602534526,-0.1758023861974631,-0.18766474342337025,-0.4199814612009376,-0.2517841892066433,-0.19224122013547684,0.14089432329357635,0.05640997043080336,0.09573569761982983,0.15857902078876218,0.08783644165988388,-0.008601016901773086,0.043206913291652375,-0.20711465385720484,0.04647483410702587,-0.011260466214479445,-0.04216026998799822,0.07679650979080373,-0.2087922182036297,0.16394353359029126,0.009129045200883059,-0.05981314623582465,-0.11732528200076116,0.188057342935581,0.0662971980574332,-0.31869109333655626,-0.015432016753360346,-0.06642816964990383,-0.16478407138629603,0.01983815159780203,-0.04570072629833958,0.0052429811321792275,0.06552208187633926,-0.06555789183844565,0.042650593067666026,-0.14474530788477333,-0.23165526761260896,-0.19250361807730101,-0.11981906022434348,-0.1363461830004433,-0.014171582146583496,0.1488871627938841,0.2127320181938714,-0.07519529137785655,0.053824253724742886,0.20531065269442325,0.01438060946104473,-0.0018696757625507744,0.061360121995064174,-0.003908830027400379,0.16269267574090376,-0.0005807748017439945,-0.04185875185875809,-0.08469674365072978,-0.016344250335805447,-0.05976026358808549,0.04338047197064018,-0.16631258535793178,-0.03358678002852658,-0.006455863126658784,-0.04446152912886059,-0.016026220380438657,-0.022913948683235964,-0.007769011021157259,-0.019707940677194277,-0.02755128651147444,-0.01862548992760066,-0.049119991555510785,-0.018417476065176425,0.048416295665677754,0.03139294963325142,0.15742740275144101,0.2634358980670342,0.07542008693373865,-0.015993265261773516,0.003966680011012208,0.12479188383273097,0.07950337397243579,0.059664615569946414,-0.10683870463086746,-0.029013493986540864,-0.25722387521090945,0.06328077601687535,0.06564881506807813,-0.07853614993281861,-0.11696410052156742,-0.022921027835540213,-0.016859150492079915,-0.2630364012300927,-0.07341853290304647,0.0549530191168199,-0.03764015487033006,-0.008782127980149846,-0.04173731788520473,0.00014091370340196262,-0.08385238062337494,0.10428440793015925,-0.022847996344409396,-0.024661762346332532
-0.12186963833542919,-0.6039609671563378,0.22788537243623297,-0.0941728770508842,-0.06383965880773572,-0.030590179317071413,-0.05135920243547678,0.05570164386245374,-2.6886620762839675,-0.17574351435055974,0.08949451320114757,-0.028676705768855965,0.11932121412506316,-2.126200256019444,-0.27739256465204426,-0.05996206675758139,-0.1358058498197003,-0.17154207887109027,-0.04876046777695344,-0.39308867704133577,0.012420103419089083,0.1964041021516248,-0.26939660601709303,0.14573193330199985,0.05674552179564644,-0.14175220754002107,-0.993369160286482,-0.022744776476968376,-0.07952331907692135,-0.14993426208356614,-0.7690211703671843,-0.33276461268975627,-0.3813095842858319,-0.005878564222070158,-1.5504316056510072,-1.8375667172215144,-2.6886620762839675,0.1720476525711672,-2.6886620762839675,0.01675566307340916,0.18845172214450429,0.05233094163382857,-0.06123002585043192,0.1079528308260049,0.04746352099373228,0.048025611704850917,-0.12661947962660863,-0.026739721900416537,-0.0397283787157825,-0.07937985025230426,0.16017865600417297,0.05373116660723746,-0.5306289296024267,0.13713882953001896,0.04588143192666374,-1.1699834474829527,0.07290770127527896,0.049281366482453556,-0.865886841320907,0.21067952961944023,0.11458689755941874,0.29864460163330403,0.01857142132579013,-0.10200155260833046,-0.01701536732377107,-0.04353543416001458,0.0211729992835802,-0.11919417113865347,-0.07851317942275936,0.13300409841134733,0.0008600023027320081,-0.04813676024119292,0.031913894591288704,0.035039491426948205,-0.20469590891405873,-0.2858405969610035,0.01863389526495105,-0.3053221379978188,0.023288369335576303,0.05155583161322428,0.1487602827013759,0.12866309858604938,0.11995875359904802,-0.1488002204929758,-0.12749021000641383,-0.02536246088458539,-0.09238237639056751,-0.01896887004859632,-0.08663772703827403,-0.09368453379830495,-0.038367402295876166,0.002905866840722229,-4.205945125934064e-05,-0.15245124418076,0.02055448738791993,-0.045584202500128165,0.008332280020217561,0.21864337768048814,-0.16305941525899278,-0.12191910998936391,-0.20018904850622601,-0.09117688943352494,0.022482973157374603,0.17837483271162863,-0.12801494828972407,-0.1041273915836858,-0.11702439343346267,-0.16693531123820318,-0.14524731217294035,-0.039360618726237376,-0.125162308400292,-0.006619663184669244,-0.05318246859190863,-0.08302797330050013,0.2582107599224762,0.1470647551885273,-0.10167014758889885,0.15501354674967519,0.19842413969281777,0.05151161485338961,0.04186309981314268,0.0160837285771571,0.04790222572403643,0.0034810142113799033,-0.10183218219096413,0.03937526136634528,0.05595816308653363,-0.009315749892017885,0.04497675309670109,0.09558336231765789,-0.03231924396100141,-0.03614986962462739,-0.07208514596782209,0.0005876368391917778,0.07343063694967601,-0.02351880513006857,-0.09114570193632501,-0.1258993026150653,-0.01567536274684919,-0.1295733228095475,-0.05042566761089161,-0.06615244260914702,0.010544769942757395,0.20643539592870316,-0.2051078752341137,0.08693922635019162,0.12146312533145737,0.09116236780889977,0.06092058777851647,0.09979380312273084,0.1053977964150484,0.0161185271450519,-0.006970472475660147,-0.01554443500409116,-0.21107141819298122,0.1356634898490444,0.03753091728563799,-0.11738486897569114,-0.10387977105622394,-0.0006787282748145952,-0.024705183021087828,0.00309412521633694,-0.07412036579519089,-0.06941403094322904,-0.05146212075455953,-0.019779519805812114,0.020628390517457258,0.053904949103402565,0.10506679490664125,0.04935336720163061,0.03581621595363111,-0.20831833006841674
-0.042887964844774897,-0.21862335609077524,-0.010661171049458556,-0.35416662523969655,-0.11918199377593001,0.015522383384892983,-0.023538862140158344,-0.09043885016131784,-1.7544700964036875,-0.1858883120440012,-0.27303612735118493,0.1943832174163287,0.021251995002234153,-0.709040978061586,-1.1053960468649766,-2.6886620762839675,-0.019255972770336315,0.07428675511084754,-0.010176223920018523,0.049891342937471,-0.14729155074881164,0.08573803246577988,-0.25931963491451154,0.21151228962393856,-0.04694172134065489,0.016293581610982467,-0.5340075301568517,-0.023184717695228466,-0.11097003459039465,-0.16494654111147647,-0.32755346148399267,-0.3022367661687031,-0.6679084109250099,-1.6585003819377666,-0.034711560901823056,-2.0634867660712373,-1.5458797463602225,0.04804340057451793,-0.9539546143257799,0.18080373481411222,0.11693055041297859,0.16172832311077798,0.035816983763505984,0.07469042349895076,0.06159881869669195,-0.1118338413484464,-0.1470698802601539,0.04513476537589167,0.13626629738716398,0.0731126320978836,-0.00492381217360353,0.1710148573646593,-0.5364421878639376,-0.1457410263144118,-0.029157887342126005,-0.9016169614017979,-0.006750979566180882,-0.7210036461648169,-0.8880854445612261,0.2661227728361237,0.13078629700461503,0.2256590702578047,0.06249869336358514,-0.0008631896682430222,0.011063415556355687,0.07266831948159633,0.04755834838959644,-0.5405287934154175,-0.22684775128573625,-0.02622536641906342,0.06712178118243942,-0.1180833638478282,-0.09700191202321298,0.05319584245352511,-0.18263464701282173,0.08146771626596853,-0.04240077090122319,-0.07792294671152472,0.15791776196702986,-0.017458710045332806,0.13394407359920205,-0.022082831543189692,0.024728286487202555,-0.12267133570209134,-0.2059687771211758,-0.025802535091978166,0.03033111964825893,0.14875764908605693,-0.13543921758584504,-0.018164902871292955,-0.03205454162824423,-0.12890038913672355,-0.028587296338007336,-0.25048589760948653,0.07847592502795626,-0.03724229068067837,-0.15921163577342493,0.16761517302369347,0.012131144928302091,-0.06490688697859116,-0.14401396249423876,-0.21614372139441262,0.1113310702233102,0.07508306366477241,0.032930487929476664,0.024195175276418745,-0.06821624399959778,0.01564437230431083,0.014061660846247607,-0.02103371771957585,-0.10533410606259204,-0.10365285173318717,-0.013705882992717897,0.11096931342510163,0.20630213175096673,0.25456937139505653,-0.0676954120781342,0.14904538257032168,0.13255333373016326,0.01764712141681477,-0.09520928338590678,0.132840146135721,-0.0186549187406982,-0.09892665681304846,-0.04073857790906045,0.04947787950243716,0.03332553498789069,0.00916405173522214,0.01860600493437478,0.02005316835753929,0.09501124488249221,0.0977804888376228,-0.026681542511880957,0.09515244947552019,0.03099002379327989,0.03912533849478845,-0.05301684504002257,0.0041756766939119675,-0.3435864509330299,0.050399175616213245,0.04406877690780357,-0.07986293077466393,0.2209509655334527,0.20904143170412753,-0.2052488052929515,-0.004767923771001151,0.02687212455518525,0.13250014087471024,0.07306518130494925,0.08551318553779548,0.01168786442048438,0.017761122077532634,-0.009307232733947719,0.0794604994101628,0.19516500522074193,0.1428188257315283,0.0023380271654240346,-0.026543550093154754,-0.07075557784460343,-0.25534525408577075,-0.2986014989969301,0.025481210618631463,0.03437304445861043,-0.07091822291198252,-0.07398823210584617,-0.054555417468672505,-0.1369434494706573,-0.1326196816238137,-0.07016854528415291,0.018676178773334832,-0.12979001763125128,-0.1225753101371176
-0.09145501725655523,-2.6886620762839675,-0.07703834283144956,-0.07141584567973866,-0.15921594743648734,-0.06253299194943536,-0.007043395809853562,-0.04237385396365208,-1.1890387024850222,0.6752241475020415,0.10046624651138852,-0.04750983624859148,-0.13605691243653967,-1.3707983852661043,-2.6886620762839675,-2.6886620762839675,-0.7087042710838145,0.030086817925049865,-0.7684266663510163,0.1821901953736218,0.12586091354153464,0.10026992465012029,0.011291168361570177,-0.2842269736420224,-0.0731445192229986,0.14745873840688284,-0.007544952102359132,0.21889428977722905,0.05589983789937368,-0.25043618945728413,-0.7897389726798943,-0.22220064553237748,-0.6815562344366264,-2.6886620762839675,-0.21442377950230804,-0.2738066390526149,-2.6886620762839675,-0.36713642523224455,-0.44784984651673115,-0.7314344606947967,0.10473796183933583,-0.09816678026034761,0.1021665828964262,-0.22133861930876758,0.046106501531537,0.03418122982097538,-0.02376104467187907,-0.28533050510768715,-0.17662073548311621,0.07077569175298881,0.07780417803600459,0.07968019044678548,-0.3171938877920012,-0.18895129855772652,-0.04601740017101885,-1.1383402060484193,-0.14128158106980862,-0.8393341647703123,-0.4552179473758979,0.23175283719214315,0.3760009596593401,0.15041733400737348,-0.11750692653756561,0.01889278494647206,-0.06931479671523179,0.015310682583879548,0.195000204577949,-0.31793847751917254,0.003000228175478437,-0.5002648347007232,0.1822261031311373,-0.049320601252187395,-0.18869421591501082,-0.2977926855867967,-0.04396983638573482,-0.2828903722296984,-0.11020598272169316,-0.2999583448872295,0.0711957509733197,-2.6886620762839675,0.03693945377576878,-0.08198668300380847,0.05820041681544251,-0.04573791424274135,-0.2623749373947515,-0.11022595529123452,0.15422890520403207,0.14459200002836015,-0.022310572347940056,0.0,0.31040997028812,0.06709068250115946,-0.24392518868605448,0.31414255714240913,-0.155631008685667,-0.28528549024572913,-0.08767519935610561,0.07355506237259674,-0.14183511006180685,-0.039672978393777945,-0.045110870756322835,0.09121800950497412,0.062182682774774886,0.21006592876850075,0.01715878283406326,0.011383689064992564,-0.14443280581995513,-0.058362800982326164,-0.230967525260795,-0.1384874856137056,-0.4004645528803071,0.0865912918117688,-0.10174949052444772,0.1966759932634817,-0.7391918121997997,0.23196095859538454,0.07370921840118672,0.10107558952392041,0.14849817445369534,0.01176298159641444,-0.13305105915114923,0.16676162473028944,0.1432542834450363,0.030261752353125688,0.11890284002069863,0.03135422895982456,-0.03251378482494617,-0.06398057025457461,0.0727938907063052,0.02357433175276054,-0.1402088890974351,0.08027271312540603,-0.07190555149527825,0.11473815453041361,-0.16906737407382066,0.06896359666728683,-0.021109653829353477,0.13331142864439421,-0.09679210221793588,0.0739416725895238,-0.07271584751793954,0.02156781394250128,-0.0345394680869323,0.08864975137376543,-0.31746961902763543,0.13690609812962773,0.37657633685969966,0.09814818536757221,0.07180325701493036,0.0627366858409953,0.2590587045917107,0.22074281592076025,-0.1506944472457307,0.0550726219085405,0.18260792501889248,-0.13817743322723242,-0.046017769218126864,-0.23864243676606062,-0.08038017322419595,-0.183988822490504,0.0769192697459455,-0.01216325463307981,-0.09571004293179275,0.10371518562673689,-0.0030312040919770983,0.10438020217282186,0.005278258064628307,0.03441254349897716,-0.12316897651320562,0.21922516326781194,-0.10825930990599826,-0.07096083998528487
0.054605577825358194,-0.2747659089091363,-0.3065406985092338,-0.17967462999997955,0.2141761537867381,-0.08825323297219285,-0.32936199706688496,0.026923826084302317,-2.6886620762839675,-0.15921594743648734,-0.01686772944389042,-0.05045379826306465,0.18376373450408987,-1.1769817261481437,-2.6886620762839675,-1.589488132479809,-2.6886620762839675,,-1.2512995551797417,0.015967964911461772,-0.07644594597300787,-0.31079775713936636,-0.05873814506515987,-0.2698778150897583,0.0072212582421945165,0.04363601579156014,0.24000967195929648,0.08818429229482362,0.020648389737841843,-0.25781536050872833,-0.15921594743648734,-0.2889583904023633,-0.7783487235495412,-2.6886620762839675,-0.16834264845346136,-0.3396915353700555,-2.6886620762839675,-0.16537590957942752,-0.020223819145958357,-0.15007613024583877,-0.038067228235153,-0.07009680255405372,0.24511167611639498,0.20873469991822477,-0.009586265126338383,-0.3692030713361756,-0.1781419254178844,-0.170436806084119,-0.06175228853468888,0.17081971167956442,0.04917639739807465,0.08952921221167384,-0.18343394858831288,-1.402277126639112,-0.16604152436576983,-0.5034079864374333,-0.2981591486925848,-0.6858683745427563,-1.5199416380376525,0.3281557103072168,0.2600458034565616,0.32575907595499026,-0.020223819145958357,-0.15002069257855685,-0.029913336230947885,0.04199960745630618,0.03126680078775332,-0.06611880642412107,-0.19100276717450138,-0.020223819145958357,0.03857096399221252,0.09601096287566603,0.067801478584289,-0.10925031496757524,-0.19489502556289903,-0.044069981995533886,0.20140583821787822,-0.0049904104168136225,0.07586783199381833,-0.11160681684223585,0.13596533314504017,-0.011977556275131918,0.3296854450546942,-0.04402453412409773,-0.1258959451802231,-0.09112338510078596,0.15546262907816238,-0.06136138119631441,4.3491476861948183e-17,-0.10724652239900066,0.20330222295676412,0.04783134239307007,-0.004047636107720547,,0.10542000719414144,0.09736050487807038,-0.22973935356075487,0.2441840199668214,-0.45991828996215567,-0.0955279040783704,-0.03991351152280867,-0.6092095635102652,0.03648898564665329,-0.02721358625327696,0.024930332665103055,-0.003612759208277274,-0.09272856564436582,0.169497027619512,-0.025041193582871487,-0.08611759513422712,0.36107063050679233,0.0,-0.10686149015677693,0.036806274033336694,-2.239949888146447,0.2322460608793742,-0.03502942831035149,0.16566127639965955,0.10948323943059521,-0.15477288317756052,0.09156124441395425,-0.07834419687999278,0.05206129614873944,0.06853940033744915,-0.07205089659586253,-0.00689205336026364,-0.03760816925138239,-0.13942515551892312,0.03969323478574994,-0.1841477498261295,-0.05787104418312796,0.036715058004547746,-0.22737461853253219,-0.22125573586548297,0.14354214127670128,0.1509809658652892,-0.18641568840303097,0.1270292560463794,-0.04230776321260056,0.1129014534808367,-0.1731691974169436,-0.1773371441082358,0.04916569857040172,0.10685590667034368,-0.46495259392880006,0.22414928102917678,-0.004306849795205322,0.11297297037568318,-0.012508007157225512,0.09755967005054886,0.22893440132253715,-0.09976203155211613,-0.15311047575352973,0.052264494661878505,-0.05433095727791534,0.02596991935490266,0.1829691470749956,-0.1853534716074847,-0.4068353107005529,0.10013401463611138,-0.06574090862210048,-0.19452575351301138,-0.21393821122957304,-0.1793046820182339,0.13368011564258045,0.031009767566609447,-0.05355672013775134,-0.08274618590849306,-0.04122579545859504,-0.1747660562119484,0.04101520005205824,0.011429757420979637
-2.6886620762839675,-2.6886620762839675,-2.6886620762839675,-0.8758858441291015,-2.6886620762839675,-2.6886620762839675,-2.6886620762839675,-2.6886620762839675,-1.7628572267646376,-2.6886620762839675,-0.7762424620610843,-2.6886620762839675,-2.6886620762839675,-1.2958551244409064,-0.47929881232988436,-2.6886620762839675,-2.6886620762839675,-0.5318287136855383,-0.9755448174815355,-1.7122365179921395,-0.4838986736593901,-2.6886620762839675,-2.6886620762839675,-0.58618687483685,-2.6886620762839675,-1.0699767814523737,-2.6886620762839675,-2.6886620762839675,-2.6886620762839675,-0.8343065376980813,-0.6759818331738977,-0.6890557795845577,-0.8106823583846374,-2.6886620762839675,-2.6886620762839675,-2.6886620762839675,-1.1941896623662398,-2.6886620762839675,-2.6886620762839675,-2.6886620762839675,-1.1526878697066103,-2.6886620762839675,-1.0986393614904613,-2.598833131165915,-2.6886620762839675,-0.7647282480017402,-0.9755448174815355,-0.7762424620610842,-1.295855124440907,-1.5580155994977227,-2.6886620762839675,-1.3429822216906497,-2.6886620762839675,-2.6886620762839675,-0.864350100923887,-0.6163418470304541,-1.2958551244409073,-0.8347301838735188,-1.1103606468392941,-0.7398484371581506,-0.6202801513078128,-0.9575377296767882,-0.44100857441191105,-0.6418228518585039,-2.6886620762839675,-1.4450690029639583,-0.5411583896261902,-2.6886620762839675,-0.5676846508621578,-2.6886620762839675,-2.6886620762839675,-2.6886620762839675,-2.6886620762839675,-0.7919119309778088,-0.5516599714149837,-2.6886620762839675,-0.8453173197663862,-2.6886620762839675,-2.6886620762839675,-1.0192676528484004,-2.6886620762839675,-2.239949888146447,-2.239949888146447,-2.239949888146447,-0.4883799358236015,-1.0575719941436375,-2.239949888146447,-0.5367634077703196,-2.239949888146447,-2.239949888146447,-2.239949888146447,-0.20262948024349892,-2.239949888146447,,-0.6619463707258366,,-0.5320071128841416,-0.8117047512504154,-2.239949888146447,-2.239949888146447,-0.5562059747535104,-0.4649525939288004,-0.41139443174705415,-2.239949888146447,-2.239949888146447,-1.1239811125894268,-0.8696510377204376,-0.5720603412601563,-0.7314472654144203,-2.239949888146447,-2.239949888146447,-2.239949888146447,-0.38232992688765843,-2.239949888146447,-0.7698426857627931,-0.4004645528803071,-0.4623329179849707,-0.49807072169270744,-0.7528055617312306,-2.239949888146447,-2.239949888146447,-2.239949888146447,-2.239949888146447,-2.239949888146447,-2.239949888146447,-0.799626150703577,-0.8189821168681343,-0.15664447318733438,-2.239949888146447,-0.4389247324870047,-2.239949888146447,-2.239949888146447,-2.239949888146447,-2.239949888146447,-2.239949888146447,-2.239949888146447,-0.5916029766697167,-2.239949888146447,-0.9860967027247299,-0.6188049248431504,-2.239949888146447,-2.239949888146447,-2.239949888146447,-2.239949888146447,-0.6409795519308632,-0.2547886033124118,-2.239949888146447,-0.9243612164775145,-0.3666784223893293,-1.1268882105180145,-0.7320759377500127,-2.239949888146447,-2.239949888146447,-0.17582525014835926,-0.6124840691334208,-1.1691768600240369,-1.033154603609082,-2.239949888146447,-0.8696510377204376,-2.239949888146447,-0.20114369971091606,-2.239949888146447,-2.239949888146447,-0.5271014467076349,-0.09976203155211613,-0.5843903178068092,-0.12227068549828994,0.008160440780077287,-0.5568616841962363,,-0.036505366870444624,-0.13885604015491695
